[2026-07-20 00:52:56,885][agents.models.diffusion.diffusion_models][INFO] - number of parameters: 2.748260e+05
[2026-07-20 00:52:59,550][root][INFO] - Loading Sorting Dataset
[2026-07-20 00:53:01,259][root][INFO] - Loading Sorting Dataset
[2026-07-20 00:53:01,321][agents.utils.scaler][INFO] - Datset Info: state min: [-2.3854534  -1.52318297 -2.5436591  -1.47282681] and max: [2.68851348 1.91139402 2.31634682 1.92205774], action min: [-1.83908446 -2.15521727] and max: [1.93458139 0.68739523]
[2026-07-20 00:53:01,321][agents.utils.scaler][INFO] - Training dataset size: input (7305, 4) target (7305, 2)
[2026-07-20 00:53:01,321][agents.base_agent][INFO] - The model has a total amount of 274826 parameters
[2026-07-20 00:53:15,512][agents.ddpm_agent][INFO] - Epoch 9: Mean test mse is 0.275859215429851
[2026-07-20 00:53:15,633][agents.ddpm_agent][INFO] - New best test loss. Stored weights have been updated!
[2026-07-20 00:53:18,720][agents.ddpm_agent][INFO] - Epoch 19: Mean test mse is 0.20753206312656403
[2026-07-20 00:53:18,737][agents.ddpm_agent][INFO] - New best test loss. Stored weights have been updated!
[2026-07-20 00:53:21,792][agents.ddpm_agent][INFO] - Epoch 29: Mean test mse is 0.17376563165869033
[2026-07-20 00:53:21,810][agents.ddpm_agent][INFO] - New best test loss. Stored weights have been updated!
[2026-07-20 00:53:24,954][agents.ddpm_agent][INFO] - Epoch 39: Mean test mse is 0.16132124406950815
[2026-07-20 00:53:24,974][agents.ddpm_agent][INFO] - New best test loss. Stored weights have been updated!
[2026-07-20 00:53:28,067][agents.ddpm_agent][INFO] - Epoch 49: Mean test mse is 0.14648362142699106
[2026-07-20 00:53:28,084][agents.ddpm_agent][INFO] - New best test loss. Stored weights have been updated!
[2026-07-20 00:53:31,182][agents.ddpm_agent][INFO] - Epoch 59: Mean test mse is 0.13733918964862823
[2026-07-20 00:53:31,199][agents.ddpm_agent][INFO] - New best test loss. Stored weights have been updated!
[2026-07-20 00:53:34,387][agents.ddpm_agent][INFO] - Epoch 69: Mean test mse is 0.13244389316865376
[2026-07-20 00:53:34,404][agents.ddpm_agent][INFO] - New best test loss. Stored weights have been updated!
[2026-07-20 00:53:37,657][agents.ddpm_agent][INFO] - Epoch 79: Mean test mse is 0.12678622241531098
[2026-07-20 00:53:37,673][agents.ddpm_agent][INFO] - New best test loss. Stored weights have been updated!
[2026-07-20 00:53:40,830][agents.ddpm_agent][INFO] - Epoch 89: Mean test mse is 0.12428379165274757
[2026-07-20 00:53:40,847][agents.ddpm_agent][INFO] - New best test loss. Stored weights have been updated!
[2026-07-20 00:53:43,953][agents.ddpm_agent][INFO] - Epoch 99: Mean test mse is 0.11687582837683815
[2026-07-20 00:53:43,973][agents.ddpm_agent][INFO] - New best test loss. Stored weights have been updated!
[2026-07-20 00:53:47,040][agents.ddpm_agent][INFO] - Epoch 109: Mean test mse is 0.11153282970190048
[2026-07-20 00:53:47,060][agents.ddpm_agent][INFO] - New best test loss. Stored weights have been updated!
[2026-07-20 00:53:50,141][agents.ddpm_agent][INFO] - Epoch 119: Mean test mse is 0.11023562507969993
[2026-07-20 00:53:50,158][agents.ddpm_agent][INFO] - New best test loss. Stored weights have been updated!
[2026-07-20 00:53:53,269][agents.ddpm_agent][INFO] - Epoch 129: Mean test mse is 0.11199702109609332
[2026-07-20 00:53:56,417][agents.ddpm_agent][INFO] - Epoch 139: Mean test mse is 0.10978927143982478
[2026-07-20 00:53:56,434][agents.ddpm_agent][INFO] - New best test loss. Stored weights have been updated!
[2026-07-20 00:53:59,529][agents.ddpm_agent][INFO] - Epoch 149: Mean test mse is 0.10653904931885856
[2026-07-20 00:53:59,549][agents.ddpm_agent][INFO] - New best test loss. Stored weights have been updated!
[2026-07-20 00:54:02,679][agents.ddpm_agent][INFO] - Epoch 159: Mean test mse is 0.1024279881800924
[2026-07-20 00:54:02,698][agents.ddpm_agent][INFO] - New best test loss. Stored weights have been updated!
[2026-07-20 00:54:05,798][agents.ddpm_agent][INFO] - Epoch 169: Mean test mse is 0.10334675439766475
[2026-07-20 00:54:08,993][agents.ddpm_agent][INFO] - Epoch 179: Mean test mse is 0.09873812752110618
[2026-07-20 00:54:09,010][agents.ddpm_agent][INFO] - New best test loss. Stored weights have been updated!
[2026-07-20 00:54:12,103][agents.ddpm_agent][INFO] - Epoch 189: Mean test mse is 0.09999930007117135
[2026-07-20 00:54:15,157][agents.ddpm_agent][INFO] - Epoch 199: Mean test mse is 0.09670449899775642
[2026-07-20 00:54:15,174][agents.ddpm_agent][INFO] - New best test loss. Stored weights have been updated!
[2026-07-20 00:54:18,274][agents.ddpm_agent][INFO] - Epoch 209: Mean test mse is 0.09928459141935621
[2026-07-20 00:54:21,347][agents.ddpm_agent][INFO] - Epoch 219: Mean test mse is 0.10021871221917016
[2026-07-20 00:54:24,434][agents.ddpm_agent][INFO] - Epoch 229: Mean test mse is 0.09627453450645719
[2026-07-20 00:54:24,453][agents.ddpm_agent][INFO] - New best test loss. Stored weights have been updated!
[2026-07-20 00:54:27,640][agents.ddpm_agent][INFO] - Epoch 239: Mean test mse is 0.0938357657619885
[2026-07-20 00:54:27,659][agents.ddpm_agent][INFO] - New best test loss. Stored weights have been updated!
[2026-07-20 00:54:30,871][agents.ddpm_agent][INFO] - Epoch 249: Mean test mse is 0.09383827341454369
[2026-07-20 00:54:34,065][agents.ddpm_agent][INFO] - Epoch 259: Mean test mse is 0.08903668820858002
[2026-07-20 00:54:34,081][agents.ddpm_agent][INFO] - New best test loss. Stored weights have been updated!
[2026-07-20 00:54:37,387][agents.ddpm_agent][INFO] - Epoch 269: Mean test mse is 0.08648773069892611
[2026-07-20 00:54:37,428][agents.ddpm_agent][INFO] - New best test loss. Stored weights have been updated!
[2026-07-20 00:54:40,718][agents.ddpm_agent][INFO] - Epoch 279: Mean test mse is 0.09066842602831977
[2026-07-20 00:54:43,846][agents.ddpm_agent][INFO] - Epoch 289: Mean test mse is 0.08858295104333333
[2026-07-20 00:54:47,075][agents.ddpm_agent][INFO] - Epoch 299: Mean test mse is 0.0874368782554354
[2026-07-20 00:54:50,238][agents.ddpm_agent][INFO] - Epoch 309: Mean test mse is 0.08643262726919991
[2026-07-20 00:54:50,255][agents.ddpm_agent][INFO] - New best test loss. Stored weights have been updated!
[2026-07-20 00:54:53,502][agents.ddpm_agent][INFO] - Epoch 319: Mean test mse is 0.08471635516200747
[2026-07-20 00:54:53,519][agents.ddpm_agent][INFO] - New best test loss. Stored weights have been updated!
[2026-07-20 00:54:56,640][agents.ddpm_agent][INFO] - Epoch 329: Mean test mse is 0.08730106694357735
[2026-07-20 00:54:59,759][agents.ddpm_agent][INFO] - Epoch 339: Mean test mse is 0.08500965578215462
[2026-07-20 00:55:02,908][agents.ddpm_agent][INFO] - Epoch 349: Mean test mse is 0.08293292565005166
[2026-07-20 00:55:02,927][agents.ddpm_agent][INFO] - New best test loss. Stored weights have been updated!
[2026-07-20 00:55:06,140][agents.ddpm_agent][INFO] - Epoch 359: Mean test mse is 0.0812524961573737
[2026-07-20 00:55:06,159][agents.ddpm_agent][INFO] - New best test loss. Stored weights have been updated!
[2026-07-20 00:55:09,432][agents.ddpm_agent][INFO] - Epoch 369: Mean test mse is 0.08036695633615766
[2026-07-20 00:55:09,448][agents.ddpm_agent][INFO] - New best test loss. Stored weights have been updated!
[2026-07-20 00:55:12,528][agents.ddpm_agent][INFO] - Epoch 379: Mean test mse is 0.07977448510272163
[2026-07-20 00:55:12,545][agents.ddpm_agent][INFO] - New best test loss. Stored weights have been updated!
[2026-07-20 00:55:15,680][agents.ddpm_agent][INFO] - Epoch 389: Mean test mse is 0.07890022758926664
[2026-07-20 00:55:15,697][agents.ddpm_agent][INFO] - New best test loss. Stored weights have been updated!
[2026-07-20 00:55:18,823][agents.ddpm_agent][INFO] - Epoch 399: Mean test mse is 0.0794796028307506
[2026-07-20 00:55:21,933][agents.ddpm_agent][INFO] - Epoch 409: Mean test mse is 0.07900452188083104
[2026-07-20 00:55:25,206][agents.ddpm_agent][INFO] - Epoch 419: Mean test mse is 0.07997816375323705
[2026-07-20 00:55:28,347][agents.ddpm_agent][INFO] - Epoch 429: Mean test mse is 0.08253524771758489
[2026-07-20 00:55:31,597][agents.ddpm_agent][INFO] - Epoch 439: Mean test mse is 0.07825182378292084
[2026-07-20 00:55:31,617][agents.ddpm_agent][INFO] - New best test loss. Stored weights have been updated!
[2026-07-20 00:55:34,813][agents.ddpm_agent][INFO] - Epoch 449: Mean test mse is 0.07385709349598203
[2026-07-20 00:55:34,829][agents.ddpm_agent][INFO] - New best test loss. Stored weights have been updated!
[2026-07-20 00:55:37,938][agents.ddpm_agent][INFO] - Epoch 459: Mean test mse is 0.07486908457108907
[2026-07-20 00:55:41,003][agents.ddpm_agent][INFO] - Epoch 469: Mean test mse is 0.07406669003622872
[2026-07-20 00:55:44,241][agents.ddpm_agent][INFO] - Epoch 479: Mean test mse is 0.07581238927585739
[2026-07-20 00:55:47,467][agents.ddpm_agent][INFO] - Epoch 489: Mean test mse is 0.07778019777366094
[2026-07-20 00:55:50,643][agents.ddpm_agent][INFO] - Epoch 499: Mean test mse is 0.07638360453503472
[2026-07-20 00:55:53,791][agents.ddpm_agent][INFO] - Epoch 509: Mean test mse is 0.07637695223093033
[2026-07-20 00:55:56,954][agents.ddpm_agent][INFO] - Epoch 519: Mean test mse is 0.07317810824939183
[2026-07-20 00:55:56,971][agents.ddpm_agent][INFO] - New best test loss. Stored weights have been updated!
[2026-07-20 00:56:00,198][agents.ddpm_agent][INFO] - Epoch 529: Mean test mse is 0.07277337887457438
[2026-07-20 00:56:00,217][agents.ddpm_agent][INFO] - New best test loss. Stored weights have been updated!
[2026-07-20 00:56:03,370][agents.ddpm_agent][INFO] - Epoch 539: Mean test mse is 0.07132012716361455
[2026-07-20 00:56:03,387][agents.ddpm_agent][INFO] - New best test loss. Stored weights have been updated!
[2026-07-20 00:56:06,597][agents.ddpm_agent][INFO] - Epoch 549: Mean test mse is 0.07336472187723432
[2026-07-20 00:56:09,808][agents.ddpm_agent][INFO] - Epoch 559: Mean test mse is 0.07185861095786095
[2026-07-20 00:56:12,995][agents.ddpm_agent][INFO] - Epoch 569: Mean test mse is 0.07451145244496209
[2026-07-20 00:56:16,197][agents.ddpm_agent][INFO] - Epoch 579: Mean test mse is 0.07195787876844406
[2026-07-20 00:56:19,537][agents.ddpm_agent][INFO] - Epoch 589: Mean test mse is 0.07321600935288838
[2026-07-20 00:56:22,877][agents.ddpm_agent][INFO] - Epoch 599: Mean test mse is 0.07306570506521634
[2026-07-20 00:56:26,105][agents.ddpm_agent][INFO] - Epoch 609: Mean test mse is 0.07329954100506646
[2026-07-20 00:56:29,364][agents.ddpm_agent][INFO] - Epoch 619: Mean test mse is 0.06695043881024633
[2026-07-20 00:56:29,381][agents.ddpm_agent][INFO] - New best test loss. Stored weights have been updated!
[2026-07-20 00:56:32,560][agents.ddpm_agent][INFO] - Epoch 629: Mean test mse is 0.0704112138066973
[2026-07-20 00:56:35,773][agents.ddpm_agent][INFO] - Epoch 639: Mean test mse is 0.06434013800961631
[2026-07-20 00:56:35,790][agents.ddpm_agent][INFO] - New best test loss. Stored weights have been updated!
[2026-07-20 00:56:38,986][agents.ddpm_agent][INFO] - Epoch 649: Mean test mse is 0.06884388944932393
[2026-07-20 00:56:42,184][agents.ddpm_agent][INFO] - Epoch 659: Mean test mse is 0.07120278637324061
[2026-07-20 00:56:45,274][agents.ddpm_agent][INFO] - Epoch 669: Mean test mse is 0.06920958310365677
[2026-07-20 00:56:48,305][agents.ddpm_agent][INFO] - Epoch 679: Mean test mse is 0.07131129024284226
[2026-07-20 00:56:51,369][agents.ddpm_agent][INFO] - Epoch 689: Mean test mse is 0.06815930562359947
[2026-07-20 00:56:54,425][agents.ddpm_agent][INFO] - Epoch 699: Mean test mse is 0.06577083202345031
[2026-07-20 00:56:57,522][agents.ddpm_agent][INFO] - Epoch 709: Mean test mse is 0.06417937417115484
[2026-07-20 00:56:57,539][agents.ddpm_agent][INFO] - New best test loss. Stored weights have been updated!
[2026-07-20 00:57:00,544][agents.ddpm_agent][INFO] - Epoch 719: Mean test mse is 0.06788988730737142
[2026-07-20 00:57:03,850][agents.ddpm_agent][INFO] - Epoch 729: Mean test mse is 0.06432686905775752
[2026-07-20 00:57:06,938][agents.ddpm_agent][INFO] - Epoch 739: Mean test mse is 0.06403428422553199
[2026-07-20 00:57:06,954][agents.ddpm_agent][INFO] - New best test loss. Stored weights have been updated!
[2026-07-20 00:57:10,234][agents.ddpm_agent][INFO] - Epoch 749: Mean test mse is 0.065672617405653
[2026-07-20 00:57:13,394][agents.ddpm_agent][INFO] - Epoch 759: Mean test mse is 0.06584516965917178
[2026-07-20 00:57:16,510][agents.ddpm_agent][INFO] - Epoch 769: Mean test mse is 0.06656719797423907
[2026-07-20 00:57:19,701][agents.ddpm_agent][INFO] - Epoch 779: Mean test mse is 0.06469457117574555
[2026-07-20 00:57:22,780][agents.ddpm_agent][INFO] - Epoch 789: Mean test mse is 0.06178935297897884
[2026-07-20 00:57:22,797][agents.ddpm_agent][INFO] - New best test loss. Stored weights have been updated!
[2026-07-20 00:57:25,827][agents.ddpm_agent][INFO] - Epoch 799: Mean test mse is 0.0626125495348658
[2026-07-20 00:57:28,990][agents.ddpm_agent][INFO] - Epoch 809: Mean test mse is 0.06524956066693578
[2026-07-20 00:57:32,125][agents.ddpm_agent][INFO] - Epoch 819: Mean test mse is 0.06377316692045756
[2026-07-20 00:57:35,212][agents.ddpm_agent][INFO] - Epoch 829: Mean test mse is 0.06042100702013288
[2026-07-20 00:57:35,229][agents.ddpm_agent][INFO] - New best test loss. Stored weights have been updated!
[2026-07-20 00:57:38,329][agents.ddpm_agent][INFO] - Epoch 839: Mean test mse is 0.06322754174470901
[2026-07-20 00:57:41,379][agents.ddpm_agent][INFO] - Epoch 849: Mean test mse is 0.06274597133908953
[2026-07-20 00:57:44,480][agents.ddpm_agent][INFO] - Epoch 859: Mean test mse is 0.06253571701901299
[2026-07-20 00:57:47,678][agents.ddpm_agent][INFO] - Epoch 869: Mean test mse is 0.060828318553311486
[2026-07-20 00:57:50,824][agents.ddpm_agent][INFO] - Epoch 879: Mean test mse is 0.06397520750761032
[2026-07-20 00:57:53,952][agents.ddpm_agent][INFO] - Epoch 889: Mean test mse is 0.06167967936822346
[2026-07-20 00:57:57,051][agents.ddpm_agent][INFO] - Epoch 899: Mean test mse is 0.05863197094627789
[2026-07-20 00:57:57,068][agents.ddpm_agent][INFO] - New best test loss. Stored weights have been updated!
[2026-07-20 00:58:00,068][agents.ddpm_agent][INFO] - Epoch 909: Mean test mse is 0.06228258301104818
[2026-07-20 00:58:03,221][agents.ddpm_agent][INFO] - Epoch 919: Mean test mse is 0.057522960539375036
[2026-07-20 00:58:03,238][agents.ddpm_agent][INFO] - New best test loss. Stored weights have been updated!
[2026-07-20 00:58:06,417][agents.ddpm_agent][INFO] - Epoch 929: Mean test mse is 0.06269836319344384
[2026-07-20 00:58:09,557][agents.ddpm_agent][INFO] - Epoch 939: Mean test mse is 0.06198021929178919
[2026-07-20 00:58:12,819][agents.ddpm_agent][INFO] - Epoch 949: Mean test mse is 0.061676168016025
[2026-07-20 00:58:15,957][agents.ddpm_agent][INFO] - Epoch 959: Mean test mse is 0.06116212212613651
[2026-07-20 00:58:19,083][agents.ddpm_agent][INFO] - Epoch 969: Mean test mse is 0.0583865259374891
[2026-07-20 00:58:22,171][agents.ddpm_agent][INFO] - Epoch 979: Mean test mse is 0.0606794644679342
[2026-07-20 00:58:25,133][agents.ddpm_agent][INFO] - Epoch 989: Mean test mse is 0.058844082057476044
[2026-07-20 00:58:28,168][agents.ddpm_agent][INFO] - Epoch 999: Mean test mse is 0.059685801288911274
[2026-07-20 00:58:31,253][agents.ddpm_agent][INFO] - Epoch 1009: Mean test mse is 0.05944308319262096
[2026-07-20 00:58:34,396][agents.ddpm_agent][INFO] - Epoch 1019: Mean test mse is 0.05781041245375361
[2026-07-20 00:58:37,519][agents.ddpm_agent][INFO] - Epoch 1029: Mean test mse is 0.060033543833664486
[2026-07-20 00:58:40,567][agents.ddpm_agent][INFO] - Epoch 1039: Mean test mse is 0.058772235576595576
[2026-07-20 00:58:43,684][agents.ddpm_agent][INFO] - Epoch 1049: Mean test mse is 0.0586326393697943
[2026-07-20 00:58:46,808][agents.ddpm_agent][INFO] - Epoch 1059: Mean test mse is 0.05885598648871694
[2026-07-20 00:58:49,997][agents.ddpm_agent][INFO] - Epoch 1069: Mean test mse is 0.05770979342716081
[2026-07-20 00:58:53,143][agents.ddpm_agent][INFO] - Epoch 1079: Mean test mse is 0.057933161301272254
[2026-07-20 00:58:56,297][agents.ddpm_agent][INFO] - Epoch 1089: Mean test mse is 0.05995104302253042
[2026-07-20 00:58:59,378][agents.ddpm_agent][INFO] - Epoch 1099: Mean test mse is 0.05642855327044215
[2026-07-20 00:58:59,397][agents.ddpm_agent][INFO] - New best test loss. Stored weights have been updated!
[2026-07-20 00:59:02,556][agents.ddpm_agent][INFO] - Epoch 1109: Mean test mse is 0.05661931314638683
[2026-07-20 00:59:05,646][agents.ddpm_agent][INFO] - Epoch 1119: Mean test mse is 0.056307416409254074
[2026-07-20 00:59:05,665][agents.ddpm_agent][INFO] - New best test loss. Stored weights have been updated!
[2026-07-20 00:59:08,813][agents.ddpm_agent][INFO] - Epoch 1129: Mean test mse is 0.055612383144242425
[2026-07-20 00:59:08,829][agents.ddpm_agent][INFO] - New best test loss. Stored weights have been updated!
[2026-07-20 00:59:11,905][agents.ddpm_agent][INFO] - Epoch 1139: Mean test mse is 0.056331128414188116
[2026-07-20 00:59:14,906][agents.ddpm_agent][INFO] - Epoch 1149: Mean test mse is 0.05930758586951664
[2026-07-20 00:59:18,004][agents.ddpm_agent][INFO] - Epoch 1159: Mean test mse is 0.05704634689858982
[2026-07-20 00:59:21,123][agents.ddpm_agent][INFO] - Epoch 1169: Mean test mse is 0.058875377156904767
[2026-07-20 00:59:24,312][agents.ddpm_agent][INFO] - Epoch 1179: Mean test mse is 0.056073758218969615
[2026-07-20 00:59:27,501][agents.ddpm_agent][INFO] - Epoch 1189: Mean test mse is 0.056325149323259084
[2026-07-20 00:59:30,667][agents.ddpm_agent][INFO] - Epoch 1199: Mean test mse is 0.05713640206626484
[2026-07-20 00:59:33,774][agents.ddpm_agent][INFO] - Epoch 1209: Mean test mse is 0.05805630077208791
[2026-07-20 00:59:37,017][agents.ddpm_agent][INFO] - Epoch 1219: Mean test mse is 0.05252343522650855
[2026-07-20 00:59:37,034][agents.ddpm_agent][INFO] - New best test loss. Stored weights have been updated!
[2026-07-20 00:59:40,211][agents.ddpm_agent][INFO] - Epoch 1229: Mean test mse is 0.05514294228383473
[2026-07-20 00:59:43,384][agents.ddpm_agent][INFO] - Epoch 1239: Mean test mse is 0.053669121116399765
[2026-07-20 00:59:46,497][agents.ddpm_agent][INFO] - Epoch 1249: Mean test mse is 0.05641003857765879
[2026-07-20 00:59:49,625][agents.ddpm_agent][INFO] - Epoch 1259: Mean test mse is 0.054457291428531916
[2026-07-20 00:59:52,808][agents.ddpm_agent][INFO] - Epoch 1269: Mean test mse is 0.0550208395080907
[2026-07-20 00:59:55,977][agents.ddpm_agent][INFO] - Epoch 1279: Mean test mse is 0.053032923489809036
[2026-07-20 00:59:59,189][agents.ddpm_agent][INFO] - Epoch 1289: Mean test mse is 0.05570109241775104
[2026-07-20 01:00:02,360][agents.ddpm_agent][INFO] - Epoch 1299: Mean test mse is 0.05653480759688786
[2026-07-20 01:00:05,384][agents.ddpm_agent][INFO] - Epoch 1309: Mean test mse is 0.053571062428610663
[2026-07-20 01:00:08,503][agents.ddpm_agent][INFO] - Epoch 1319: Mean test mse is 0.054230758122035434
[2026-07-20 01:00:11,579][agents.ddpm_agent][INFO] - Epoch 1329: Mean test mse is 0.05281525530985424
[2026-07-20 01:00:14,773][agents.ddpm_agent][INFO] - Epoch 1339: Mean test mse is 0.05427372349160058
[2026-07-20 01:00:17,901][agents.ddpm_agent][INFO] - Epoch 1349: Mean test mse is 0.054802432124103816
[2026-07-20 01:00:20,937][agents.ddpm_agent][INFO] - Epoch 1359: Mean test mse is 0.05233447306922504
[2026-07-20 01:00:20,954][agents.ddpm_agent][INFO] - New best test loss. Stored weights have been updated!
[2026-07-20 01:00:24,005][agents.ddpm_agent][INFO] - Epoch 1369: Mean test mse is 0.05477048722761018
[2026-07-20 01:00:27,071][agents.ddpm_agent][INFO] - Epoch 1379: Mean test mse is 0.05354896400656019
[2026-07-20 01:00:30,154][agents.ddpm_agent][INFO] - Epoch 1389: Mean test mse is 0.05321712738701275
[2026-07-20 01:00:33,290][agents.ddpm_agent][INFO] - Epoch 1399: Mean test mse is 0.05493850527065141
[2026-07-20 01:00:36,357][agents.ddpm_agent][INFO] - Epoch 1409: Mean test mse is 0.05123475513287953
[2026-07-20 01:00:36,373][agents.ddpm_agent][INFO] - New best test loss. Stored weights have been updated!
[2026-07-20 01:00:39,513][agents.ddpm_agent][INFO] - Epoch 1419: Mean test mse is 0.052891946264675686
[2026-07-20 01:00:42,692][agents.ddpm_agent][INFO] - Epoch 1429: Mean test mse is 0.05217749093260084
[2026-07-20 01:00:45,852][agents.ddpm_agent][INFO] - Epoch 1439: Mean test mse is 0.053997964199100225
[2026-07-20 01:00:49,117][agents.ddpm_agent][INFO] - Epoch 1449: Mean test mse is 0.051692603422062736
[2026-07-20 01:00:52,338][agents.ddpm_agent][INFO] - Epoch 1459: Mean test mse is 0.054570900542395454
[2026-07-20 01:00:55,454][agents.ddpm_agent][INFO] - Epoch 1469: Mean test mse is 0.05445861018129757
[2026-07-20 01:00:58,579][agents.ddpm_agent][INFO] - Epoch 1479: Mean test mse is 0.052584197372198105
[2026-07-20 01:01:01,652][agents.ddpm_agent][INFO] - Epoch 1489: Mean test mse is 0.053206417709589005
[2026-07-20 01:01:04,724][agents.ddpm_agent][INFO] - Epoch 1499: Mean test mse is 0.05367610656789371
[2026-07-20 01:01:07,704][agents.ddpm_agent][INFO] - Epoch 1509: Mean test mse is 0.053207418748310635
[2026-07-20 01:01:10,797][agents.ddpm_agent][INFO] - Epoch 1519: Mean test mse is 0.05388622411659786
[2026-07-20 01:01:14,020][agents.ddpm_agent][INFO] - Epoch 1529: Mean test mse is 0.052177317440509796
[2026-07-20 01:01:17,171][agents.ddpm_agent][INFO] - Epoch 1539: Mean test mse is 0.052926111434187205
[2026-07-20 01:01:20,386][agents.ddpm_agent][INFO] - Epoch 1549: Mean test mse is 0.050180534166949134
[2026-07-20 01:01:20,402][agents.ddpm_agent][INFO] - New best test loss. Stored weights have been updated!
[2026-07-20 01:01:23,675][agents.ddpm_agent][INFO] - Epoch 1559: Mean test mse is 0.048041707170861106
[2026-07-20 01:01:23,711][agents.ddpm_agent][INFO] - New best test loss. Stored weights have been updated!
[2026-07-20 01:01:26,794][agents.ddpm_agent][INFO] - Epoch 1569: Mean test mse is 0.05016862494604928
[2026-07-20 01:01:29,924][agents.ddpm_agent][INFO] - Epoch 1579: Mean test mse is 0.04985034678663526
[2026-07-20 01:01:33,068][agents.ddpm_agent][INFO] - Epoch 1589: Mean test mse is 0.050590758344956806
[2026-07-20 01:01:36,175][agents.ddpm_agent][INFO] - Epoch 1599: Mean test mse is 0.05157283427459853
[2026-07-20 01:01:39,309][agents.ddpm_agent][INFO] - Epoch 1609: Mean test mse is 0.050762015261820385
[2026-07-20 01:01:42,455][agents.ddpm_agent][INFO] - Epoch 1619: Mean test mse is 0.05098294786044529
[2026-07-20 01:01:45,663][agents.ddpm_agent][INFO] - Epoch 1629: Mean test mse is 0.051125556762729375
[2026-07-20 01:01:48,892][agents.ddpm_agent][INFO] - Epoch 1639: Mean test mse is 0.05160569452813694
[2026-07-20 01:01:52,108][agents.ddpm_agent][INFO] - Epoch 1649: Mean test mse is 0.05073710743870054
[2026-07-20 01:01:55,275][agents.ddpm_agent][INFO] - Epoch 1659: Mean test mse is 0.05190502213580268
[2026-07-20 01:01:58,332][agents.ddpm_agent][INFO] - Epoch 1669: Mean test mse is 0.048708378204277585
[2026-07-20 01:02:01,483][agents.ddpm_agent][INFO] - Epoch 1679: Mean test mse is 0.04923619276710919
[2026-07-20 01:02:04,713][agents.ddpm_agent][INFO] - Epoch 1689: Mean test mse is 0.048922701073544364
[2026-07-20 01:02:07,867][agents.ddpm_agent][INFO] - Epoch 1699: Mean test mse is 0.049526236951351166
[2026-07-20 01:02:11,005][agents.ddpm_agent][INFO] - Epoch 1709: Mean test mse is 0.04910944455436298
[2026-07-20 01:02:14,152][agents.ddpm_agent][INFO] - Epoch 1719: Mean test mse is 0.04815949499607086
[2026-07-20 01:02:17,288][agents.ddpm_agent][INFO] - Epoch 1729: Mean test mse is 0.049015192581074576
[2026-07-20 01:02:20,520][agents.ddpm_agent][INFO] - Epoch 1739: Mean test mse is 0.04889770969748497
[2026-07-20 01:02:23,608][agents.ddpm_agent][INFO] - Epoch 1749: Mean test mse is 0.050337410398891995
[2026-07-20 01:02:26,690][agents.ddpm_agent][INFO] - Epoch 1759: Mean test mse is 0.049315448850393295
[2026-07-20 01:02:29,731][agents.ddpm_agent][INFO] - Epoch 1769: Mean test mse is 0.048591497753347666
[2026-07-20 01:02:32,830][agents.ddpm_agent][INFO] - Epoch 1779: Mean test mse is 0.04719589012009757
[2026-07-20 01:02:32,850][agents.ddpm_agent][INFO] - New best test loss. Stored weights have been updated!
[2026-07-20 01:02:36,118][agents.ddpm_agent][INFO] - Epoch 1789: Mean test mse is 0.04761253935950143
[2026-07-20 01:02:40,147][agents.ddpm_agent][INFO] - Epoch 1799: Mean test mse is 0.048650532960891724
[2026-07-20 01:02:43,368][agents.ddpm_agent][INFO] - Epoch 1809: Mean test mse is 0.0490939271237169
[2026-07-20 01:02:46,509][agents.ddpm_agent][INFO] - Epoch 1819: Mean test mse is 0.048690635178770335
[2026-07-20 01:02:49,658][agents.ddpm_agent][INFO] - Epoch 1829: Mean test mse is 0.04954692508493151
[2026-07-20 01:02:53,625][agents.ddpm_agent][INFO] - Epoch 1839: Mean test mse is 0.048474779086453576
[2026-07-20 01:02:56,851][agents.ddpm_agent][INFO] - Epoch 1849: Mean test mse is 0.047658584479774745
[2026-07-20 01:03:00,744][agents.ddpm_agent][INFO] - Epoch 1859: Mean test mse is 0.047374638595751355
[2026-07-20 01:03:04,948][agents.ddpm_agent][INFO] - Epoch 1869: Mean test mse is 0.0472868558551584
[2026-07-20 01:03:08,144][agents.ddpm_agent][INFO] - Epoch 1879: Mean test mse is 0.046382823160716465
[2026-07-20 01:03:08,164][agents.ddpm_agent][INFO] - New best test loss. Stored weights have been updated!
[2026-07-20 01:03:11,240][agents.ddpm_agent][INFO] - Epoch 1889: Mean test mse is 0.046974408839430125
[2026-07-20 01:03:14,578][agents.ddpm_agent][INFO] - Epoch 1899: Mean test mse is 0.046377409781728475
[2026-07-20 01:03:14,596][agents.ddpm_agent][INFO] - New best test loss. Stored weights have been updated!
[2026-07-20 01:03:19,245][agents.ddpm_agent][INFO] - Epoch 1909: Mean test mse is 0.04845420377595084
[2026-07-20 01:03:22,429][agents.ddpm_agent][INFO] - Epoch 1919: Mean test mse is 0.04666831504021372
[2026-07-20 01:03:26,990][agents.ddpm_agent][INFO] - Epoch 1929: Mean test mse is 0.046379998858485906
[2026-07-20 01:03:31,578][agents.ddpm_agent][INFO] - Epoch 1939: Mean test mse is 0.048134717025927136
[2026-07-20 01:03:34,840][agents.ddpm_agent][INFO] - Epoch 1949: Mean test mse is 0.0485961160489491
[2026-07-20 01:03:38,075][agents.ddpm_agent][INFO] - Epoch 1959: Mean test mse is 0.04608174626316343
[2026-07-20 01:03:38,092][agents.ddpm_agent][INFO] - New best test loss. Stored weights have been updated!
[2026-07-20 01:03:42,119][agents.ddpm_agent][INFO] - Epoch 1969: Mean test mse is 0.04815186187624931
[2026-07-20 01:03:46,640][agents.ddpm_agent][INFO] - Epoch 1979: Mean test mse is 0.04984910839370319
[2026-07-20 01:03:50,329][agents.ddpm_agent][INFO] - Epoch 1989: Mean test mse is 0.0462191855268819
[2026-07-20 01:03:55,048][agents.ddpm_agent][INFO] - Epoch 1999: Mean test mse is 0.04656696638890675
[2026-07-20 01:03:59,719][agents.ddpm_agent][INFO] - Epoch 2009: Mean test mse is 0.047457534287657054
[2026-07-20 01:04:03,287][agents.ddpm_agent][INFO] - Epoch 2019: Mean test mse is 0.0451160403234618
[2026-07-20 01:04:03,304][agents.ddpm_agent][INFO] - New best test loss. Stored weights have been updated!
[2026-07-20 01:04:06,501][agents.ddpm_agent][INFO] - Epoch 2029: Mean test mse is 0.046594677226884026
[2026-07-20 01:04:11,033][agents.ddpm_agent][INFO] - Epoch 2039: Mean test mse is 0.04550875350832939
[2026-07-20 01:04:15,568][agents.ddpm_agent][INFO] - Epoch 2049: Mean test mse is 0.04742375388741493
[2026-07-20 01:04:20,123][agents.ddpm_agent][INFO] - Epoch 2059: Mean test mse is 0.046048151063067574
[2026-07-20 01:04:24,789][agents.ddpm_agent][INFO] - Epoch 2069: Mean test mse is 0.044405922293663025
[2026-07-20 01:04:24,805][agents.ddpm_agent][INFO] - New best test loss. Stored weights have been updated!
[2026-07-20 01:04:29,463][agents.ddpm_agent][INFO] - Epoch 2079: Mean test mse is 0.04467138435159411
[2026-07-20 01:04:33,427][agents.ddpm_agent][INFO] - Epoch 2089: Mean test mse is 0.04408161076051848
[2026-07-20 01:04:33,443][agents.ddpm_agent][INFO] - New best test loss. Stored weights have been updated!
[2026-07-20 01:04:37,256][agents.ddpm_agent][INFO] - Epoch 2099: Mean test mse is 0.044670880905219486
[2026-07-20 01:04:41,795][agents.ddpm_agent][INFO] - Epoch 2109: Mean test mse is 0.04615151243550437
[2026-07-20 01:04:46,371][agents.ddpm_agent][INFO] - Epoch 2119: Mean test mse is 0.044174673301833015
[2026-07-20 01:04:51,018][agents.ddpm_agent][INFO] - Epoch 2129: Mean test mse is 0.04525837781173842
[2026-07-20 01:04:55,753][agents.ddpm_agent][INFO] - Epoch 2139: Mean test mse is 0.04587978443929127
[2026-07-20 01:05:00,460][agents.ddpm_agent][INFO] - Epoch 2149: Mean test mse is 0.046555383397000175
[2026-07-20 01:05:05,305][agents.ddpm_agent][INFO] - Epoch 2159: Mean test mse is 0.04447911520089422
[2026-07-20 01:05:08,545][agents.ddpm_agent][INFO] - Epoch 2169: Mean test mse is 0.045887978481394906
[2026-07-20 01:05:11,769][agents.ddpm_agent][INFO] - Epoch 2179: Mean test mse is 0.04505590242998941
[2026-07-20 01:05:15,049][agents.ddpm_agent][INFO] - Epoch 2189: Mean test mse is 0.04451132246426174
[2026-07-20 01:05:18,166][agents.ddpm_agent][INFO] - Epoch 2199: Mean test mse is 0.04515323841146061
[2026-07-20 01:05:21,417][agents.ddpm_agent][INFO] - Epoch 2209: Mean test mse is 0.043807409171547206
[2026-07-20 01:05:21,434][agents.ddpm_agent][INFO] - New best test loss. Stored weights have been updated!
[2026-07-20 01:05:24,538][agents.ddpm_agent][INFO] - Epoch 2219: Mean test mse is 0.04741006876741137
[2026-07-20 01:05:27,665][agents.ddpm_agent][INFO] - Epoch 2229: Mean test mse is 0.04403676518372127
[2026-07-20 01:05:30,869][agents.ddpm_agent][INFO] - Epoch 2239: Mean test mse is 0.04600634638752256
[2026-07-20 01:05:34,022][agents.ddpm_agent][INFO] - Epoch 2249: Mean test mse is 0.044804157955305915
[2026-07-20 01:05:37,129][agents.ddpm_agent][INFO] - Epoch 2259: Mean test mse is 0.044596173401389806
[2026-07-20 01:05:40,240][agents.ddpm_agent][INFO] - Epoch 2269: Mean test mse is 0.04294184063162122
[2026-07-20 01:05:40,257][agents.ddpm_agent][INFO] - New best test loss. Stored weights have been updated!
[2026-07-20 01:05:43,336][agents.ddpm_agent][INFO] - Epoch 2279: Mean test mse is 0.0436757355928421
[2026-07-20 01:05:46,386][agents.ddpm_agent][INFO] - Epoch 2289: Mean test mse is 0.0476152737225805
[2026-07-20 01:05:49,589][agents.ddpm_agent][INFO] - Epoch 2299: Mean test mse is 0.04262225915278707
[2026-07-20 01:05:49,606][agents.ddpm_agent][INFO] - New best test loss. Stored weights have been updated!
[2026-07-20 01:05:52,746][agents.ddpm_agent][INFO] - Epoch 2309: Mean test mse is 0.04292602890304157
[2026-07-20 01:05:55,865][agents.ddpm_agent][INFO] - Epoch 2319: Mean test mse is 0.04601300773876054
[2026-07-20 01:05:58,923][agents.ddpm_agent][INFO] - Epoch 2329: Mean test mse is 0.04355264188987868
[2026-07-20 01:06:02,095][agents.ddpm_agent][INFO] - Epoch 2339: Mean test mse is 0.04443326752100672
[2026-07-20 01:06:05,229][agents.ddpm_agent][INFO] - Epoch 2349: Mean test mse is 0.04144549210156713
[2026-07-20 01:06:05,245][agents.ddpm_agent][INFO] - New best test loss. Stored weights have been updated!
[2026-07-20 01:06:08,431][agents.ddpm_agent][INFO] - Epoch 2359: Mean test mse is 0.04316978582314083
[2026-07-20 01:06:11,512][agents.ddpm_agent][INFO] - Epoch 2369: Mean test mse is 0.04498287609645298
[2026-07-20 01:06:14,693][agents.ddpm_agent][INFO] - Epoch 2379: Mean test mse is 0.044578837496893745
[2026-07-20 01:06:17,919][agents.ddpm_agent][INFO] - Epoch 2389: Mean test mse is 0.043996840183223994
[2026-07-20 01:06:21,151][agents.ddpm_agent][INFO] - Epoch 2399: Mean test mse is 0.042600736021995544
[2026-07-20 01:06:24,292][agents.ddpm_agent][INFO] - Epoch 2409: Mean test mse is 0.04565029218792915
[2026-07-20 01:06:27,420][agents.ddpm_agent][INFO] - Epoch 2419: Mean test mse is 0.043034691363573074
[2026-07-20 01:06:30,433][agents.ddpm_agent][INFO] - Epoch 2429: Mean test mse is 0.04388849490455219
[2026-07-20 01:06:33,530][agents.ddpm_agent][INFO] - Epoch 2439: Mean test mse is 0.04479388200810978
[2026-07-20 01:06:36,595][agents.ddpm_agent][INFO] - Epoch 2449: Mean test mse is 0.04143525926130159
[2026-07-20 01:06:36,611][agents.ddpm_agent][INFO] - New best test loss. Stored weights have been updated!
[2026-07-20 01:06:39,810][agents.ddpm_agent][INFO] - Epoch 2459: Mean test mse is 0.044330994465521405
[2026-07-20 01:06:42,971][agents.ddpm_agent][INFO] - Epoch 2469: Mean test mse is 0.044690338628632684
[2026-07-20 01:06:46,149][agents.ddpm_agent][INFO] - Epoch 2479: Mean test mse is 0.04381012597254345
[2026-07-20 01:06:49,285][agents.ddpm_agent][INFO] - Epoch 2489: Mean test mse is 0.042374222938503535
[2026-07-20 01:06:52,419][agents.ddpm_agent][INFO] - Epoch 2499: Mean test mse is 0.04427067882248333
[2026-07-20 01:06:55,525][agents.ddpm_agent][INFO] - Epoch 2509: Mean test mse is 0.041149835501398356
[2026-07-20 01:06:55,541][agents.ddpm_agent][INFO] - New best test loss. Stored weights have been updated!
[2026-07-20 01:06:58,704][agents.ddpm_agent][INFO] - Epoch 2519: Mean test mse is 0.04208195794905935
[2026-07-20 01:07:01,916][agents.ddpm_agent][INFO] - Epoch 2529: Mean test mse is 0.04179360664316586
[2026-07-20 01:07:05,148][agents.ddpm_agent][INFO] - Epoch 2539: Mean test mse is 0.04544950968452862
[2026-07-20 01:07:08,435][agents.ddpm_agent][INFO] - Epoch 2549: Mean test mse is 0.04128217590706689
[2026-07-20 01:07:11,688][agents.ddpm_agent][INFO] - Epoch 2559: Mean test mse is 0.043393624148198535
[2026-07-20 01:07:14,982][agents.ddpm_agent][INFO] - Epoch 2569: Mean test mse is 0.043098303356340954
[2026-07-20 01:07:18,242][agents.ddpm_agent][INFO] - Epoch 2579: Mean test mse is 0.04168010822364262
[2026-07-20 01:07:21,436][agents.ddpm_agent][INFO] - Epoch 2589: Mean test mse is 0.04104197983230863
[2026-07-20 01:07:21,452][agents.ddpm_agent][INFO] - New best test loss. Stored weights have been updated!
[2026-07-20 01:07:24,544][agents.ddpm_agent][INFO] - Epoch 2599: Mean test mse is 0.04171216168573925
[2026-07-20 01:07:27,774][agents.ddpm_agent][INFO] - Epoch 2609: Mean test mse is 0.04400296189955303
[2026-07-20 01:07:30,917][agents.ddpm_agent][INFO] - Epoch 2619: Mean test mse is 0.040960287409169335
[2026-07-20 01:07:30,934][agents.ddpm_agent][INFO] - New best test loss. Stored weights have been updated!
[2026-07-20 01:07:34,166][agents.ddpm_agent][INFO] - Epoch 2629: Mean test mse is 0.040961241615670066
[2026-07-20 01:07:37,378][agents.ddpm_agent][INFO] - Epoch 2639: Mean test mse is 0.04387143201061657
[2026-07-20 01:07:40,488][agents.ddpm_agent][INFO] - Epoch 2649: Mean test mse is 0.04162017947861126
[2026-07-20 01:07:43,664][agents.ddpm_agent][INFO] - Epoch 2659: Mean test mse is 0.04097218598638262
[2026-07-20 01:07:47,015][agents.ddpm_agent][INFO] - Epoch 2669: Mean test mse is 0.04266035184264183
[2026-07-20 01:07:50,319][agents.ddpm_agent][INFO] - Epoch 2679: Mean test mse is 0.042221799492836
[2026-07-20 01:07:53,444][agents.ddpm_agent][INFO] - Epoch 2689: Mean test mse is 0.04069293450031962
[2026-07-20 01:07:53,461][agents.ddpm_agent][INFO] - New best test loss. Stored weights have been updated!
[2026-07-20 01:07:56,592][agents.ddpm_agent][INFO] - Epoch 2699: Mean test mse is 0.03953635852251734
[2026-07-20 01:07:56,609][agents.ddpm_agent][INFO] - New best test loss. Stored weights have been updated!
[2026-07-20 01:07:59,915][agents.ddpm_agent][INFO] - Epoch 2709: Mean test mse is 0.04242427593895367
[2026-07-20 01:08:03,173][agents.ddpm_agent][INFO] - Epoch 2719: Mean test mse is 0.04101847431489399
[2026-07-20 01:08:06,424][agents.ddpm_agent][INFO] - Epoch 2729: Mean test mse is 0.03973513788410595
[2026-07-20 01:08:09,681][agents.ddpm_agent][INFO] - Epoch 2739: Mean test mse is 0.04112365575773375
[2026-07-20 01:08:12,961][agents.ddpm_agent][INFO] - Epoch 2749: Mean test mse is 0.03955435061029026
[2026-07-20 01:08:16,157][agents.ddpm_agent][INFO] - Epoch 2759: Mean test mse is 0.04132795014551708
[2026-07-20 01:08:19,259][agents.ddpm_agent][INFO] - Epoch 2769: Mean test mse is 0.04118473029562405
[2026-07-20 01:08:22,470][agents.ddpm_agent][INFO] - Epoch 2779: Mean test mse is 0.04170801330889974
[2026-07-20 01:08:25,647][agents.ddpm_agent][INFO] - Epoch 2789: Mean test mse is 0.03984407175864492
[2026-07-20 01:08:28,813][agents.ddpm_agent][INFO] - Epoch 2799: Mean test mse is 0.03994574238147054
[2026-07-20 01:08:31,957][agents.ddpm_agent][INFO] - Epoch 2809: Mean test mse is 0.04038447514176369
[2026-07-20 01:08:35,142][agents.ddpm_agent][INFO] - Epoch 2819: Mean test mse is 0.041229356080293655
[2026-07-20 01:08:38,441][agents.ddpm_agent][INFO] - Epoch 2829: Mean test mse is 0.037724302017263005
[2026-07-20 01:08:38,475][agents.ddpm_agent][INFO] - New best test loss. Stored weights have been updated!
[2026-07-20 01:08:41,720][agents.ddpm_agent][INFO] - Epoch 2839: Mean test mse is 0.039757409266063144
[2026-07-20 01:08:44,975][agents.ddpm_agent][INFO] - Epoch 2849: Mean test mse is 0.04101290660245078
[2026-07-20 01:08:48,084][agents.ddpm_agent][INFO] - Epoch 2859: Mean test mse is 0.038620992962803156
[2026-07-20 01:08:51,310][agents.ddpm_agent][INFO] - Epoch 2869: Mean test mse is 0.037239376455545425
[2026-07-20 01:08:51,327][agents.ddpm_agent][INFO] - New best test loss. Stored weights have been updated!
[2026-07-20 01:08:54,586][agents.ddpm_agent][INFO] - Epoch 2879: Mean test mse is 0.03987005938376699
[2026-07-20 01:08:57,863][agents.ddpm_agent][INFO] - Epoch 2889: Mean test mse is 0.037715439817735126
[2026-07-20 01:09:01,266][agents.ddpm_agent][INFO] - Epoch 2899: Mean test mse is 0.037800107949546406
[2026-07-20 01:09:04,540][agents.ddpm_agent][INFO] - Epoch 2909: Mean test mse is 0.03856455268604415
[2026-07-20 01:09:07,735][agents.ddpm_agent][INFO] - Epoch 2919: Mean test mse is 0.03896330403430121
[2026-07-20 01:09:11,065][agents.ddpm_agent][INFO] - Epoch 2929: Mean test mse is 0.03865546094519751
[2026-07-20 01:09:14,279][agents.ddpm_agent][INFO] - Epoch 2939: Mean test mse is 0.03945025322692735
[2026-07-20 01:09:17,382][agents.ddpm_agent][INFO] - Epoch 2949: Mean test mse is 0.040141258388757706
[2026-07-20 01:09:20,458][agents.ddpm_agent][INFO] - Epoch 2959: Mean test mse is 0.037707102085862844
[2026-07-20 01:09:23,699][agents.ddpm_agent][INFO] - Epoch 2969: Mean test mse is 0.03962363409144538
[2026-07-20 01:09:26,846][agents.ddpm_agent][INFO] - Epoch 2979: Mean test mse is 0.03956286343080657
[2026-07-20 01:09:30,166][agents.ddpm_agent][INFO] - Epoch 2989: Mean test mse is 0.03774258787078517
[2026-07-20 01:09:33,353][agents.ddpm_agent][INFO] - Epoch 2999: Mean test mse is 0.03870314945067678
[2026-07-20 01:09:36,504][agents.ddpm_agent][INFO] - Epoch 3009: Mean test mse is 0.03759901810969625
[2026-07-20 01:09:39,731][agents.ddpm_agent][INFO] - Epoch 3019: Mean test mse is 0.03960283153823444
[2026-07-20 01:09:42,821][agents.ddpm_agent][INFO] - Epoch 3029: Mean test mse is 0.03947629140956061
[2026-07-20 01:09:46,096][agents.ddpm_agent][INFO] - Epoch 3039: Mean test mse is 0.03905972731964929
[2026-07-20 01:09:49,282][agents.ddpm_agent][INFO] - Epoch 3049: Mean test mse is 0.03908175176807812
[2026-07-20 01:09:52,439][agents.ddpm_agent][INFO] - Epoch 3059: Mean test mse is 0.03779921521033559
[2026-07-20 01:09:55,560][agents.ddpm_agent][INFO] - Epoch 3069: Mean test mse is 0.039924481085368564
[2026-07-20 01:09:58,722][agents.ddpm_agent][INFO] - Epoch 3079: Mean test mse is 0.03985937046153205
[2026-07-20 01:10:01,909][agents.ddpm_agent][INFO] - Epoch 3089: Mean test mse is 0.03691783653838294
[2026-07-20 01:10:01,926][agents.ddpm_agent][INFO] - New best test loss. Stored weights have been updated!
[2026-07-20 01:10:05,147][agents.ddpm_agent][INFO] - Epoch 3099: Mean test mse is 0.03919382393360138
[2026-07-20 01:10:08,277][agents.ddpm_agent][INFO] - Epoch 3109: Mean test mse is 0.03758312442473003
[2026-07-20 01:10:11,447][agents.ddpm_agent][INFO] - Epoch 3119: Mean test mse is 0.039395841104643683
[2026-07-20 01:10:14,562][agents.ddpm_agent][INFO] - Epoch 3129: Mean test mse is 0.03805972635746002
[2026-07-20 01:10:17,793][agents.ddpm_agent][INFO] - Epoch 3139: Mean test mse is 0.03780575336090156
[2026-07-20 01:10:21,030][agents.ddpm_agent][INFO] - Epoch 3149: Mean test mse is 0.038637732820851464
[2026-07-20 01:10:24,251][agents.ddpm_agent][INFO] - Epoch 3159: Mean test mse is 0.03892165475658008
[2026-07-20 01:10:27,519][agents.ddpm_agent][INFO] - Epoch 3169: Mean test mse is 0.038644373416900635
[2026-07-20 01:10:30,775][agents.ddpm_agent][INFO] - Epoch 3179: Mean test mse is 0.03860952811581748
[2026-07-20 01:10:34,057][agents.ddpm_agent][INFO] - Epoch 3189: Mean test mse is 0.03823808527418545
[2026-07-20 01:10:37,287][agents.ddpm_agent][INFO] - Epoch 3199: Mean test mse is 0.037484572135976384
[2026-07-20 01:10:40,430][agents.ddpm_agent][INFO] - Epoch 3209: Mean test mse is 0.037474348076752255
[2026-07-20 01:10:43,587][agents.ddpm_agent][INFO] - Epoch 3219: Mean test mse is 0.03866790288261005
[2026-07-20 01:10:46,822][agents.ddpm_agent][INFO] - Epoch 3229: Mean test mse is 0.03955366010112422
[2026-07-20 01:10:49,987][agents.ddpm_agent][INFO] - Epoch 3239: Mean test mse is 0.039818018674850464
[2026-07-20 01:10:53,228][agents.ddpm_agent][INFO] - Epoch 3249: Mean test mse is 0.036302462220191956
[2026-07-20 01:10:53,245][agents.ddpm_agent][INFO] - New best test loss. Stored weights have been updated!
[2026-07-20 01:10:56,408][agents.ddpm_agent][INFO] - Epoch 3259: Mean test mse is 0.03824255003460816
[2026-07-20 01:10:59,684][agents.ddpm_agent][INFO] - Epoch 3269: Mean test mse is 0.03701879137328693
[2026-07-20 01:11:02,836][agents.ddpm_agent][INFO] - Epoch 3279: Mean test mse is 0.03753892119441714
[2026-07-20 01:11:05,870][agents.ddpm_agent][INFO] - Epoch 3289: Mean test mse is 0.03701518263135638
[2026-07-20 01:11:09,027][agents.ddpm_agent][INFO] - Epoch 3299: Mean test mse is 0.03555229731968471
[2026-07-20 01:11:09,047][agents.ddpm_agent][INFO] - New best test loss. Stored weights have been updated!
[2026-07-20 01:11:12,343][agents.ddpm_agent][INFO] - Epoch 3309: Mean test mse is 0.039403821740831645
[2026-07-20 01:11:15,521][agents.ddpm_agent][INFO] - Epoch 3319: Mean test mse is 0.037682266905903816
[2026-07-20 01:11:18,744][agents.ddpm_agent][INFO] - Epoch 3329: Mean test mse is 0.03787259118897574
[2026-07-20 01:11:21,919][agents.ddpm_agent][INFO] - Epoch 3339: Mean test mse is 0.037968755566648076
[2026-07-20 01:11:25,114][agents.ddpm_agent][INFO] - Epoch 3349: Mean test mse is 0.0362345427274704
[2026-07-20 01:11:28,321][agents.ddpm_agent][INFO] - Epoch 3359: Mean test mse is 0.0356101148894855
[2026-07-20 01:11:31,485][agents.ddpm_agent][INFO] - Epoch 3369: Mean test mse is 0.034912838733622005
[2026-07-20 01:11:31,502][agents.ddpm_agent][INFO] - New best test loss. Stored weights have been updated!
[2026-07-20 01:11:34,710][agents.ddpm_agent][INFO] - Epoch 3379: Mean test mse is 0.03683124003665788
[2026-07-20 01:11:37,912][agents.ddpm_agent][INFO] - Epoch 3389: Mean test mse is 0.03750837328178542
[2026-07-20 01:11:41,031][agents.ddpm_agent][INFO] - Epoch 3399: Mean test mse is 0.03595774940082005
[2026-07-20 01:11:44,228][agents.ddpm_agent][INFO] - Epoch 3409: Mean test mse is 0.03623952663370541
[2026-07-20 01:11:47,446][agents.ddpm_agent][INFO] - Epoch 3419: Mean test mse is 0.03705916234425136
[2026-07-20 01:11:50,678][agents.ddpm_agent][INFO] - Epoch 3429: Mean test mse is 0.03676437639764377
[2026-07-20 01:11:53,906][agents.ddpm_agent][INFO] - Epoch 3439: Mean test mse is 0.03438922097640378
[2026-07-20 01:11:53,923][agents.ddpm_agent][INFO] - New best test loss. Stored weights have been updated!
[2026-07-20 01:11:57,055][agents.ddpm_agent][INFO] - Epoch 3449: Mean test mse is 0.03662410963858877
[2026-07-20 01:12:00,079][agents.ddpm_agent][INFO] - Epoch 3459: Mean test mse is 0.03916730731725693
[2026-07-20 01:12:03,218][agents.ddpm_agent][INFO] - Epoch 3469: Mean test mse is 0.033762010878750255
[2026-07-20 01:12:03,235][agents.ddpm_agent][INFO] - New best test loss. Stored weights have been updated!
[2026-07-20 01:12:06,378][agents.ddpm_agent][INFO] - Epoch 3479: Mean test mse is 0.03650780235018049
[2026-07-20 01:12:09,448][agents.ddpm_agent][INFO] - Epoch 3489: Mean test mse is 0.03637968376278877
[2026-07-20 01:12:12,649][agents.ddpm_agent][INFO] - Epoch 3499: Mean test mse is 0.036617134298597066
[2026-07-20 01:12:15,936][agents.ddpm_agent][INFO] - Epoch 3509: Mean test mse is 0.03650918097368309
[2026-07-20 01:12:19,074][agents.ddpm_agent][INFO] - Epoch 3519: Mean test mse is 0.03580375335046223
[2026-07-20 01:12:22,202][agents.ddpm_agent][INFO] - Epoch 3529: Mean test mse is 0.03580818458327225
[2026-07-20 01:12:25,344][agents.ddpm_agent][INFO] - Epoch 3539: Mean test mse is 0.03400894307664463
[2026-07-20 01:12:28,511][agents.ddpm_agent][INFO] - Epoch 3549: Mean test mse is 0.03544294062469687
[2026-07-20 01:12:31,569][agents.ddpm_agent][INFO] - Epoch 3559: Mean test mse is 0.03472143145544188
[2026-07-20 01:12:34,846][agents.ddpm_agent][INFO] - Epoch 3569: Mean test mse is 0.03401688965303557
[2026-07-20 01:12:38,111][agents.ddpm_agent][INFO] - Epoch 3579: Mean test mse is 0.03373906096177442
[2026-07-20 01:12:38,128][agents.ddpm_agent][INFO] - New best test loss. Stored weights have been updated!
[2026-07-20 01:12:41,344][agents.ddpm_agent][INFO] - Epoch 3589: Mean test mse is 0.03680224636835711
[2026-07-20 01:12:44,550][agents.ddpm_agent][INFO] - Epoch 3599: Mean test mse is 0.035673726083976884
[2026-07-20 01:12:47,763][agents.ddpm_agent][INFO] - Epoch 3609: Mean test mse is 0.03387889292623315
[2026-07-20 01:12:50,925][agents.ddpm_agent][INFO] - Epoch 3619: Mean test mse is 0.03544906021228859
[2026-07-20 01:12:54,244][agents.ddpm_agent][INFO] - Epoch 3629: Mean test mse is 0.03433650705431189
[2026-07-20 01:12:57,581][agents.ddpm_agent][INFO] - Epoch 3639: Mean test mse is 0.03431095448987825
[2026-07-20 01:13:00,890][agents.ddpm_agent][INFO] - Epoch 3649: Mean test mse is 0.03556299848215921
[2026-07-20 01:13:04,149][agents.ddpm_agent][INFO] - Epoch 3659: Mean test mse is 0.03595012532813208
[2026-07-20 01:13:07,272][agents.ddpm_agent][INFO] - Epoch 3669: Mean test mse is 0.035799428288425715
[2026-07-20 01:13:10,524][agents.ddpm_agent][INFO] - Epoch 3679: Mean test mse is 0.03386337522949491
[2026-07-20 01:13:13,737][agents.ddpm_agent][INFO] - Epoch 3689: Mean test mse is 0.03609296732715198
[2026-07-20 01:13:17,046][agents.ddpm_agent][INFO] - Epoch 3699: Mean test mse is 0.03477607215089457
[2026-07-20 01:13:20,132][agents.ddpm_agent][INFO] - Epoch 3709: Mean test mse is 0.034220614071403234
[2026-07-20 01:13:23,165][agents.ddpm_agent][INFO] - Epoch 3719: Mean test mse is 0.03457756686423506
[2026-07-20 01:13:26,483][agents.ddpm_agent][INFO] - Epoch 3729: Mean test mse is 0.03454267659357616
[2026-07-20 01:13:29,804][agents.ddpm_agent][INFO] - Epoch 3739: Mean test mse is 0.03414032608270645
[2026-07-20 01:13:33,000][agents.ddpm_agent][INFO] - Epoch 3749: Mean test mse is 0.03469045673097883
[2026-07-20 01:13:36,266][agents.ddpm_agent][INFO] - Epoch 3759: Mean test mse is 0.03371431252786091
[2026-07-20 01:13:36,283][agents.ddpm_agent][INFO] - New best test loss. Stored weights have been updated!
[2026-07-20 01:13:39,582][agents.ddpm_agent][INFO] - Epoch 3769: Mean test mse is 0.03283259751541274
[2026-07-20 01:13:39,601][agents.ddpm_agent][INFO] - New best test loss. Stored weights have been updated!
[2026-07-20 01:13:42,886][agents.ddpm_agent][INFO] - Epoch 3779: Mean test mse is 0.03435801315520491
[2026-07-20 01:13:46,144][agents.ddpm_agent][INFO] - Epoch 3789: Mean test mse is 0.03526342340878078
[2026-07-20 01:13:49,355][agents.ddpm_agent][INFO] - Epoch 3799: Mean test mse is 0.03378149627574852
[2026-07-20 01:13:52,632][agents.ddpm_agent][INFO] - Epoch 3809: Mean test mse is 0.0327572798622506
[2026-07-20 01:13:52,651][agents.ddpm_agent][INFO] - New best test loss. Stored weights have been updated!
[2026-07-20 01:13:55,919][agents.ddpm_agent][INFO] - Epoch 3819: Mean test mse is 0.034269778590117185
[2026-07-20 01:13:59,197][agents.ddpm_agent][INFO] - Epoch 3829: Mean test mse is 0.03440383795116629
[2026-07-20 01:14:02,392][agents.ddpm_agent][INFO] - Epoch 3839: Mean test mse is 0.035534147173166275
[2026-07-20 01:14:05,620][agents.ddpm_agent][INFO] - Epoch 3849: Mean test mse is 0.034548552706837654
[2026-07-20 01:14:08,842][agents.ddpm_agent][INFO] - Epoch 3859: Mean test mse is 0.03502502292394638
[2026-07-20 01:14:11,900][agents.ddpm_agent][INFO] - Epoch 3869: Mean test mse is 0.034450189875704904
[2026-07-20 01:14:15,082][agents.ddpm_agent][INFO] - Epoch 3879: Mean test mse is 0.03414201816277845
[2026-07-20 01:14:18,320][agents.ddpm_agent][INFO] - Epoch 3889: Mean test mse is 0.03382788598537445
[2026-07-20 01:14:21,476][agents.ddpm_agent][INFO] - Epoch 3899: Mean test mse is 0.033415617155177255
[2026-07-20 01:14:24,659][agents.ddpm_agent][INFO] - Epoch 3909: Mean test mse is 0.03242054821125099
[2026-07-20 01:14:24,675][agents.ddpm_agent][INFO] - New best test loss. Stored weights have been updated!
[2026-07-20 01:14:27,885][agents.ddpm_agent][INFO] - Epoch 3919: Mean test mse is 0.032499676038111956
[2026-07-20 01:14:31,036][agents.ddpm_agent][INFO] - Epoch 3929: Mean test mse is 0.03362842383129256
[2026-07-20 01:14:34,311][agents.ddpm_agent][INFO] - Epoch 3939: Mean test mse is 0.03338945124830518
[2026-07-20 01:14:37,532][agents.ddpm_agent][INFO] - Epoch 3949: Mean test mse is 0.03372234930949552
[2026-07-20 01:14:40,707][agents.ddpm_agent][INFO] - Epoch 3959: Mean test mse is 0.032400047672646384
[2026-07-20 01:14:40,724][agents.ddpm_agent][INFO] - New best test loss. Stored weights have been updated!
[2026-07-20 01:14:43,819][agents.ddpm_agent][INFO] - Epoch 3969: Mean test mse is 0.03335421319518771
[2026-07-20 01:14:46,811][agents.ddpm_agent][INFO] - Epoch 3979: Mean test mse is 0.03608350109841142
[2026-07-20 01:14:50,008][agents.ddpm_agent][INFO] - Epoch 3989: Mean test mse is 0.03363935888877937
[2026-07-20 01:14:53,131][agents.ddpm_agent][INFO] - Epoch 3999: Mean test mse is 0.03232652960079057
[2026-07-20 01:14:53,150][agents.ddpm_agent][INFO] - New best test loss. Stored weights have been updated!
[2026-07-20 01:14:56,331][agents.ddpm_agent][INFO] - Epoch 4009: Mean test mse is 0.03477216485355582
[2026-07-20 01:14:59,524][agents.ddpm_agent][INFO] - Epoch 4019: Mean test mse is 0.03320423274167946
[2026-07-20 01:15:02,729][agents.ddpm_agent][INFO] - Epoch 4029: Mean test mse is 0.0330928090427603
[2026-07-20 01:15:05,950][agents.ddpm_agent][INFO] - Epoch 4039: Mean test mse is 0.034338076199804037
[2026-07-20 01:15:09,132][agents.ddpm_agent][INFO] - Epoch 4049: Mean test mse is 0.03252445879791464
[2026-07-20 01:15:12,328][agents.ddpm_agent][INFO] - Epoch 4059: Mean test mse is 0.032747434452176094
[2026-07-20 01:15:15,479][agents.ddpm_agent][INFO] - Epoch 4069: Mean test mse is 0.031490263396075795
[2026-07-20 01:15:15,496][agents.ddpm_agent][INFO] - New best test loss. Stored weights have been updated!
[2026-07-20 01:15:18,679][agents.ddpm_agent][INFO] - Epoch 4079: Mean test mse is 0.03254197138760771
[2026-07-20 01:15:21,851][agents.ddpm_agent][INFO] - Epoch 4089: Mean test mse is 0.03336705719786031
[2026-07-20 01:15:25,252][agents.ddpm_agent][INFO] - Epoch 4099: Mean test mse is 0.030498288571834564
[2026-07-20 01:15:25,269][agents.ddpm_agent][INFO] - New best test loss. Stored weights have been updated!
[2026-07-20 01:15:28,481][agents.ddpm_agent][INFO] - Epoch 4109: Mean test mse is 0.030894378200173378
[2026-07-20 01:15:31,697][agents.ddpm_agent][INFO] - Epoch 4119: Mean test mse is 0.030944201296993663
[2026-07-20 01:15:34,941][agents.ddpm_agent][INFO] - Epoch 4129: Mean test mse is 0.03526579987789903
[2026-07-20 01:15:38,036][agents.ddpm_agent][INFO] - Epoch 4139: Mean test mse is 0.03313956782221794
[2026-07-20 01:15:41,294][agents.ddpm_agent][INFO] - Epoch 4149: Mean test mse is 0.03202378670019763
[2026-07-20 01:15:44,616][agents.ddpm_agent][INFO] - Epoch 4159: Mean test mse is 0.03227164862411363
[2026-07-20 01:15:47,816][agents.ddpm_agent][INFO] - Epoch 4169: Mean test mse is 0.031364930527550836
[2026-07-20 01:15:50,949][agents.ddpm_agent][INFO] - Epoch 4179: Mean test mse is 0.031793875619769096
[2026-07-20 01:15:54,165][agents.ddpm_agent][INFO] - Epoch 4189: Mean test mse is 0.034302903073174615
[2026-07-20 01:15:57,318][agents.ddpm_agent][INFO] - Epoch 4199: Mean test mse is 0.031573428107159476
[2026-07-20 01:16:00,529][agents.ddpm_agent][INFO] - Epoch 4209: Mean test mse is 0.03169916729841914
[2026-07-20 01:16:03,593][agents.ddpm_agent][INFO] - Epoch 4219: Mean test mse is 0.03249072203678744
[2026-07-20 01:16:06,746][agents.ddpm_agent][INFO] - Epoch 4229: Mean test mse is 0.032630874908396175
[2026-07-20 01:16:09,730][agents.ddpm_agent][INFO] - Epoch 4239: Mean test mse is 0.031009442305990627
[2026-07-20 01:16:12,936][agents.ddpm_agent][INFO] - Epoch 4249: Mean test mse is 0.030946492882711545
[2026-07-20 01:16:16,273][agents.ddpm_agent][INFO] - Epoch 4259: Mean test mse is 0.03142830356955528
[2026-07-20 01:16:19,466][agents.ddpm_agent][INFO] - Epoch 4269: Mean test mse is 0.03144216564084802
[2026-07-20 01:16:22,612][agents.ddpm_agent][INFO] - Epoch 4279: Mean test mse is 0.03159408723669393
[2026-07-20 01:16:25,891][agents.ddpm_agent][INFO] - Epoch 4289: Mean test mse is 0.03040322262261595
[2026-07-20 01:16:25,910][agents.ddpm_agent][INFO] - New best test loss. Stored weights have been updated!
[2026-07-20 01:16:29,019][agents.ddpm_agent][INFO] - Epoch 4299: Mean test mse is 0.03104739769228867
[2026-07-20 01:16:32,147][agents.ddpm_agent][INFO] - Epoch 4309: Mean test mse is 0.031460270285606384
[2026-07-20 01:16:35,329][agents.ddpm_agent][INFO] - Epoch 4319: Mean test mse is 0.03062251795615469
[2026-07-20 01:16:38,624][agents.ddpm_agent][INFO] - Epoch 4329: Mean test mse is 0.03194317540952137
[2026-07-20 01:16:41,874][agents.ddpm_agent][INFO] - Epoch 4339: Mean test mse is 0.031033936089703014
[2026-07-20 01:16:45,088][agents.ddpm_agent][INFO] - Epoch 4349: Mean test mse is 0.031102855556777546
[2026-07-20 01:16:48,219][agents.ddpm_agent][INFO] - Epoch 4359: Mean test mse is 0.03347842900880745
[2026-07-20 01:16:51,328][agents.ddpm_agent][INFO] - Epoch 4369: Mean test mse is 0.03269797723208155
[2026-07-20 01:16:54,612][agents.ddpm_agent][INFO] - Epoch 4379: Mean test mse is 0.03061647101172379
[2026-07-20 01:16:57,955][agents.ddpm_agent][INFO] - Epoch 4389: Mean test mse is 0.02966780268720218
[2026-07-20 01:16:57,974][agents.ddpm_agent][INFO] - New best test loss. Stored weights have been updated!
[2026-07-20 01:17:01,228][agents.ddpm_agent][INFO] - Epoch 4399: Mean test mse is 0.030715505991663252
[2026-07-20 01:17:04,487][agents.ddpm_agent][INFO] - Epoch 4409: Mean test mse is 0.029552777696933066
[2026-07-20 01:17:04,504][agents.ddpm_agent][INFO] - New best test loss. Stored weights have been updated!
[2026-07-20 01:17:07,717][agents.ddpm_agent][INFO] - Epoch 4419: Mean test mse is 0.03145453945866653
[2026-07-20 01:17:10,847][agents.ddpm_agent][INFO] - Epoch 4429: Mean test mse is 0.032318241362060816
[2026-07-20 01:17:14,145][agents.ddpm_agent][INFO] - Epoch 4439: Mean test mse is 0.030480779441339628
[2026-07-20 01:17:17,293][agents.ddpm_agent][INFO] - Epoch 4449: Mean test mse is 0.03197545850915568
[2026-07-20 01:17:20,396][agents.ddpm_agent][INFO] - Epoch 4459: Mean test mse is 0.02837621926196984
[2026-07-20 01:17:20,413][agents.ddpm_agent][INFO] - New best test loss. Stored weights have been updated!
[2026-07-20 01:17:23,594][agents.ddpm_agent][INFO] - Epoch 4469: Mean test mse is 0.03097334610564368
[2026-07-20 01:17:26,760][agents.ddpm_agent][INFO] - Epoch 4479: Mean test mse is 0.03169537255806582
[2026-07-20 01:17:29,766][agents.ddpm_agent][INFO] - Epoch 4489: Mean test mse is 0.03074553981423378
[2026-07-20 01:17:32,811][agents.ddpm_agent][INFO] - Epoch 4499: Mean test mse is 0.03100162638085229
[2026-07-20 01:17:36,016][agents.ddpm_agent][INFO] - Epoch 4509: Mean test mse is 0.030223360817347254
[2026-07-20 01:17:39,138][agents.ddpm_agent][INFO] - Epoch 4519: Mean test mse is 0.030366058594414165
[2026-07-20 01:17:42,387][agents.ddpm_agent][INFO] - Epoch 4529: Mean test mse is 0.03306986152061394
[2026-07-20 01:17:45,686][agents.ddpm_agent][INFO] - Epoch 4539: Mean test mse is 0.032105056036795886
[2026-07-20 01:17:48,956][agents.ddpm_agent][INFO] - Epoch 4549: Mean test mse is 0.031309869406478744
[2026-07-20 01:17:52,275][agents.ddpm_agent][INFO] - Epoch 4559: Mean test mse is 0.030152607975261553
[2026-07-20 01:17:55,497][agents.ddpm_agent][INFO] - Epoch 4569: Mean test mse is 0.03078226319381169
[2026-07-20 01:17:58,694][agents.ddpm_agent][INFO] - Epoch 4579: Mean test mse is 0.02942890567438943
[2026-07-20 01:18:02,031][agents.ddpm_agent][INFO] - Epoch 4589: Mean test mse is 0.029968140912907466
[2026-07-20 01:18:05,248][agents.ddpm_agent][INFO] - Epoch 4599: Mean test mse is 0.030700952080743655
[2026-07-20 01:18:08,510][agents.ddpm_agent][INFO] - Epoch 4609: Mean test mse is 0.030362491895045553
[2026-07-20 01:18:11,785][agents.ddpm_agent][INFO] - Epoch 4619: Mean test mse is 0.02860566707594054
[2026-07-20 01:18:14,898][agents.ddpm_agent][INFO] - Epoch 4629: Mean test mse is 0.02958028018474579
[2026-07-20 01:18:18,104][agents.ddpm_agent][INFO] - Epoch 4639: Mean test mse is 0.03202486410737038
[2026-07-20 01:18:21,219][agents.ddpm_agent][INFO] - Epoch 4649: Mean test mse is 0.03012588992714882
[2026-07-20 01:18:24,512][agents.ddpm_agent][INFO] - Epoch 4659: Mean test mse is 0.02960509221468653
[2026-07-20 01:18:27,809][agents.ddpm_agent][INFO] - Epoch 4669: Mean test mse is 0.032313664842929156
[2026-07-20 01:18:31,070][agents.ddpm_agent][INFO] - Epoch 4679: Mean test mse is 0.02857449890247413
[2026-07-20 01:18:34,293][agents.ddpm_agent][INFO] - Epoch 4689: Mean test mse is 0.029819661485297338
[2026-07-20 01:18:37,531][agents.ddpm_agent][INFO] - Epoch 4699: Mean test mse is 0.02993526602430003
[2026-07-20 01:18:40,701][agents.ddpm_agent][INFO] - Epoch 4709: Mean test mse is 0.029386857258422033
[2026-07-20 01:18:43,901][agents.ddpm_agent][INFO] - Epoch 4719: Mean test mse is 0.029148459700601443
[2026-07-20 01:18:47,179][agents.ddpm_agent][INFO] - Epoch 4729: Mean test mse is 0.028255114065749303
[2026-07-20 01:18:47,196][agents.ddpm_agent][INFO] - New best test loss. Stored weights have been updated!
[2026-07-20 01:18:50,427][agents.ddpm_agent][INFO] - Epoch 4739: Mean test mse is 0.027978010741727694
[2026-07-20 01:18:50,443][agents.ddpm_agent][INFO] - New best test loss. Stored weights have been updated!
[2026-07-20 01:18:53,570][agents.ddpm_agent][INFO] - Epoch 4749: Mean test mse is 0.029072432911821773
[2026-07-20 01:18:56,636][agents.ddpm_agent][INFO] - Epoch 4759: Mean test mse is 0.030060542481286184
[2026-07-20 01:18:59,984][agents.ddpm_agent][INFO] - Epoch 4769: Mean test mse is 0.03030542124594961
[2026-07-20 01:19:03,276][agents.ddpm_agent][INFO] - Epoch 4779: Mean test mse is 0.028498202562332153
[2026-07-20 01:19:06,528][agents.ddpm_agent][INFO] - Epoch 4789: Mean test mse is 0.03049588549349989
[2026-07-20 01:19:09,762][agents.ddpm_agent][INFO] - Epoch 4799: Mean test mse is 0.029635927506855557
[2026-07-20 01:19:13,018][agents.ddpm_agent][INFO] - Epoch 4809: Mean test mse is 0.030907846987247467
[2026-07-20 01:19:16,218][agents.ddpm_agent][INFO] - Epoch 4819: Mean test mse is 0.02859150671533176
[2026-07-20 01:19:19,492][agents.ddpm_agent][INFO] - Epoch 4829: Mean test mse is 0.02938935506556715
[2026-07-20 01:19:22,752][agents.ddpm_agent][INFO] - Epoch 4839: Mean test mse is 0.029355095965521678
[2026-07-20 01:19:26,037][agents.ddpm_agent][INFO] - Epoch 4849: Mean test mse is 0.030432198994926045
[2026-07-20 01:19:29,271][agents.ddpm_agent][INFO] - Epoch 4859: Mean test mse is 0.031126894322889193
[2026-07-20 01:19:32,478][agents.ddpm_agent][INFO] - Epoch 4869: Mean test mse is 0.029768866885985647
[2026-07-20 01:19:35,761][agents.ddpm_agent][INFO] - Epoch 4879: Mean test mse is 0.030003199353814125
[2026-07-20 01:19:39,040][agents.ddpm_agent][INFO] - Epoch 4889: Mean test mse is 0.031088053647960936
[2026-07-20 01:19:42,357][agents.ddpm_agent][INFO] - Epoch 4899: Mean test mse is 0.02823174505361489
[2026-07-20 01:19:45,641][agents.ddpm_agent][INFO] - Epoch 4909: Mean test mse is 0.029155300664050237
[2026-07-20 01:19:48,855][agents.ddpm_agent][INFO] - Epoch 4919: Mean test mse is 0.03132931888103485
[2026-07-20 01:19:52,081][agents.ddpm_agent][INFO] - Epoch 4929: Mean test mse is 0.030317161232233047
[2026-07-20 01:19:55,267][agents.ddpm_agent][INFO] - Epoch 4939: Mean test mse is 0.030421352812222073
[2026-07-20 01:19:58,499][agents.ddpm_agent][INFO] - Epoch 4949: Mean test mse is 0.028310207117881094
[2026-07-20 01:20:01,745][agents.ddpm_agent][INFO] - Epoch 4959: Mean test mse is 0.028705008860145296
[2026-07-20 01:20:04,983][agents.ddpm_agent][INFO] - Epoch 4969: Mean test mse is 0.028266205053244318
[2026-07-20 01:20:08,204][agents.ddpm_agent][INFO] - Epoch 4979: Mean test mse is 0.029140281091843332
[2026-07-20 01:20:11,325][agents.ddpm_agent][INFO] - Epoch 4989: Mean test mse is 0.028964989419494356
[2026-07-20 01:20:14,487][agents.ddpm_agent][INFO] - Epoch 4999: Mean test mse is 0.030514613326106752
[2026-07-20 01:20:17,490][agents.ddpm_agent][INFO] - Epoch 5009: Mean test mse is 0.028052158121551787
[2026-07-20 01:20:20,564][agents.ddpm_agent][INFO] - Epoch 5019: Mean test mse is 0.028074745621000017
[2026-07-20 01:20:23,649][agents.ddpm_agent][INFO] - Epoch 5029: Mean test mse is 0.029074795011963164
[2026-07-20 01:20:26,876][agents.ddpm_agent][INFO] - Epoch 5039: Mean test mse is 0.02722091174551419
[2026-07-20 01:20:26,893][agents.ddpm_agent][INFO] - New best test loss. Stored weights have been updated!
[2026-07-20 01:20:30,177][agents.ddpm_agent][INFO] - Epoch 5049: Mean test mse is 0.02789627281682832
[2026-07-20 01:20:33,487][agents.ddpm_agent][INFO] - Epoch 5059: Mean test mse is 0.02985689283481666
[2026-07-20 01:20:36,672][agents.ddpm_agent][INFO] - Epoch 5069: Mean test mse is 0.028646830735462054
[2026-07-20 01:20:40,022][agents.ddpm_agent][INFO] - Epoch 5079: Mean test mse is 0.02659757249057293
[2026-07-20 01:20:40,039][agents.ddpm_agent][INFO] - New best test loss. Stored weights have been updated!
[2026-07-20 01:20:43,293][agents.ddpm_agent][INFO] - Epoch 5089: Mean test mse is 0.02984392350273473
[2026-07-20 01:20:46,489][agents.ddpm_agent][INFO] - Epoch 5099: Mean test mse is 0.028514258031334196
[2026-07-20 01:20:49,749][agents.ddpm_agent][INFO] - Epoch 5109: Mean test mse is 0.02849960806114333
[2026-07-20 01:20:52,849][agents.ddpm_agent][INFO] - Epoch 5119: Mean test mse is 0.028547832476241247
[2026-07-20 01:20:56,080][agents.ddpm_agent][INFO] - Epoch 5129: Mean test mse is 0.0283152133758579
[2026-07-20 01:20:59,373][agents.ddpm_agent][INFO] - Epoch 5139: Mean test mse is 0.028652113463197435
[2026-07-20 01:21:02,617][agents.ddpm_agent][INFO] - Epoch 5149: Mean test mse is 0.02849947794207505
[2026-07-20 01:21:05,802][agents.ddpm_agent][INFO] - Epoch 5159: Mean test mse is 0.027750866753714427
[2026-07-20 01:21:09,000][agents.ddpm_agent][INFO] - Epoch 5169: Mean test mse is 0.030357493087649345
[2026-07-20 01:21:12,109][agents.ddpm_agent][INFO] - Epoch 5179: Mean test mse is 0.027763781270810535
[2026-07-20 01:21:15,181][agents.ddpm_agent][INFO] - Epoch 5189: Mean test mse is 0.029283029958605766
[2026-07-20 01:21:18,259][agents.ddpm_agent][INFO] - Epoch 5199: Mean test mse is 0.02780130266078881
[2026-07-20 01:21:21,425][agents.ddpm_agent][INFO] - Epoch 5209: Mean test mse is 0.029149914692555155
[2026-07-20 01:21:24,597][agents.ddpm_agent][INFO] - Epoch 5219: Mean test mse is 0.02772780028837068
[2026-07-20 01:21:27,767][agents.ddpm_agent][INFO] - Epoch 5229: Mean test mse is 0.028505648619362285
[2026-07-20 01:21:30,915][agents.ddpm_agent][INFO] - Epoch 5239: Mean test mse is 0.03029719367623329
[2026-07-20 01:21:34,040][agents.ddpm_agent][INFO] - Epoch 5249: Mean test mse is 0.028069203719496727
[2026-07-20 01:21:37,201][agents.ddpm_agent][INFO] - Epoch 5259: Mean test mse is 0.028045559035880224
[2026-07-20 01:21:40,381][agents.ddpm_agent][INFO] - Epoch 5269: Mean test mse is 0.028767815125840052
[2026-07-20 01:21:43,505][agents.ddpm_agent][INFO] - Epoch 5279: Mean test mse is 0.027741223041500365
[2026-07-20 01:21:46,745][agents.ddpm_agent][INFO] - Epoch 5289: Mean test mse is 0.02876747479396207
[2026-07-20 01:21:49,761][agents.ddpm_agent][INFO] - Epoch 5299: Mean test mse is 0.0265587286225387
[2026-07-20 01:21:49,819][agents.ddpm_agent][INFO] - New best test loss. Stored weights have been updated!
[2026-07-20 01:21:52,964][agents.ddpm_agent][INFO] - Epoch 5309: Mean test mse is 0.028569518189345087
[2026-07-20 01:21:56,173][agents.ddpm_agent][INFO] - Epoch 5319: Mean test mse is 0.02740406511085374
[2026-07-20 01:21:59,512][agents.ddpm_agent][INFO] - Epoch 5329: Mean test mse is 0.02771682372050626
[2026-07-20 01:22:02,721][agents.ddpm_agent][INFO] - Epoch 5339: Mean test mse is 0.02663703023322991
[2026-07-20 01:22:05,835][agents.ddpm_agent][INFO] - Epoch 5349: Mean test mse is 0.028323777818254063
[2026-07-20 01:22:09,048][agents.ddpm_agent][INFO] - Epoch 5359: Mean test mse is 0.026387044893843786
[2026-07-20 01:22:09,065][agents.ddpm_agent][INFO] - New best test loss. Stored weights have been updated!
[2026-07-20 01:22:12,198][agents.ddpm_agent][INFO] - Epoch 5369: Mean test mse is 0.028959716271076883
[2026-07-20 01:22:15,355][agents.ddpm_agent][INFO] - Epoch 5379: Mean test mse is 0.028285449370741844
[2026-07-20 01:22:18,441][agents.ddpm_agent][INFO] - Epoch 5389: Mean test mse is 0.02417930188987936
[2026-07-20 01:22:18,457][agents.ddpm_agent][INFO] - New best test loss. Stored weights have been updated!
[2026-07-20 01:22:21,619][agents.ddpm_agent][INFO] - Epoch 5399: Mean test mse is 0.02746091490345342
[2026-07-20 01:22:24,809][agents.ddpm_agent][INFO] - Epoch 5409: Mean test mse is 0.027752708909767016
[2026-07-20 01:22:27,903][agents.ddpm_agent][INFO] - Epoch 5419: Mean test mse is 0.027326297547136034
[2026-07-20 01:22:31,065][agents.ddpm_agent][INFO] - Epoch 5429: Mean test mse is 0.02673754229077271
[2026-07-20 01:22:34,267][agents.ddpm_agent][INFO] - Epoch 5439: Mean test mse is 0.028639827987977436
[2026-07-20 01:22:37,522][agents.ddpm_agent][INFO] - Epoch 5449: Mean test mse is 0.02649085782468319
[2026-07-20 01:22:40,679][agents.ddpm_agent][INFO] - Epoch 5459: Mean test mse is 0.028423010238579342
[2026-07-20 01:22:43,964][agents.ddpm_agent][INFO] - Epoch 5469: Mean test mse is 0.027369396228875433
[2026-07-20 01:22:47,254][agents.ddpm_agent][INFO] - Epoch 5479: Mean test mse is 0.026658606316362108
[2026-07-20 01:22:50,518][agents.ddpm_agent][INFO] - Epoch 5489: Mean test mse is 0.026862491986581256
[2026-07-20 01:22:53,790][agents.ddpm_agent][INFO] - Epoch 5499: Mean test mse is 0.02797366332794939
[2026-07-20 01:22:57,091][agents.ddpm_agent][INFO] - Epoch 5509: Mean test mse is 0.027671745313065394
[2026-07-20 01:23:00,173][agents.ddpm_agent][INFO] - Epoch 5519: Mean test mse is 0.026059443397181376
[2026-07-20 01:23:03,186][agents.ddpm_agent][INFO] - Epoch 5529: Mean test mse is 0.027560755078281676
[2026-07-20 01:23:06,303][agents.ddpm_agent][INFO] - Epoch 5539: Mean test mse is 0.02814119522060667
[2026-07-20 01:23:09,454][agents.ddpm_agent][INFO] - Epoch 5549: Mean test mse is 0.027022650465369225
[2026-07-20 01:23:12,626][agents.ddpm_agent][INFO] - Epoch 5559: Mean test mse is 0.026585310697555542
[2026-07-20 01:23:15,722][agents.ddpm_agent][INFO] - Epoch 5569: Mean test mse is 0.02828867281121867
[2026-07-20 01:23:18,789][agents.ddpm_agent][INFO] - Epoch 5579: Mean test mse is 0.028557179229600087
[2026-07-20 01:23:21,907][agents.ddpm_agent][INFO] - Epoch 5589: Mean test mse is 0.026593313685485294
[2026-07-20 01:23:25,137][agents.ddpm_agent][INFO] - Epoch 5599: Mean test mse is 0.02763806177037103
[2026-07-20 01:23:28,303][agents.ddpm_agent][INFO] - Epoch 5609: Mean test mse is 0.0267490917550666
[2026-07-20 01:23:31,378][agents.ddpm_agent][INFO] - Epoch 5619: Mean test mse is 0.025388158591730253
[2026-07-20 01:23:34,529][agents.ddpm_agent][INFO] - Epoch 5629: Mean test mse is 0.026409200259617398
[2026-07-20 01:23:37,726][agents.ddpm_agent][INFO] - Epoch 5639: Mean test mse is 0.026530191568391665
[2026-07-20 01:23:40,967][agents.ddpm_agent][INFO] - Epoch 5649: Mean test mse is 0.027256440371274948
[2026-07-20 01:23:44,110][agents.ddpm_agent][INFO] - Epoch 5659: Mean test mse is 0.025901663782341138
[2026-07-20 01:23:47,225][agents.ddpm_agent][INFO] - Epoch 5669: Mean test mse is 0.027188829013279507
[2026-07-20 01:23:50,465][agents.ddpm_agent][INFO] - Epoch 5679: Mean test mse is 0.02686584847314017
[2026-07-20 01:23:53,706][agents.ddpm_agent][INFO] - Epoch 5689: Mean test mse is 0.027441255216087614
[2026-07-20 01:23:56,936][agents.ddpm_agent][INFO] - Epoch 5699: Mean test mse is 0.027341426217130253
[2026-07-20 01:24:00,040][agents.ddpm_agent][INFO] - Epoch 5709: Mean test mse is 0.02667960338294506
[2026-07-20 01:24:03,164][agents.ddpm_agent][INFO] - Epoch 5719: Mean test mse is 0.02646812530500548
[2026-07-20 01:24:06,255][agents.ddpm_agent][INFO] - Epoch 5729: Mean test mse is 0.026915956820760454
[2026-07-20 01:24:09,549][agents.ddpm_agent][INFO] - Epoch 5739: Mean test mse is 0.024549965879746845
[2026-07-20 01:24:12,816][agents.ddpm_agent][INFO] - Epoch 5749: Mean test mse is 0.026244690109576498
[2026-07-20 01:24:16,059][agents.ddpm_agent][INFO] - Epoch 5759: Mean test mse is 0.02642521315387317
[2026-07-20 01:24:19,349][agents.ddpm_agent][INFO] - Epoch 5769: Mean test mse is 0.025862971054656163
[2026-07-20 01:24:22,502][agents.ddpm_agent][INFO] - Epoch 5779: Mean test mse is 0.025776393179382597
[2026-07-20 01:24:25,570][agents.ddpm_agent][INFO] - Epoch 5789: Mean test mse is 0.025670651080352918
[2026-07-20 01:24:28,622][agents.ddpm_agent][INFO] - Epoch 5799: Mean test mse is 0.027280681633523533
[2026-07-20 01:24:31,716][agents.ddpm_agent][INFO] - Epoch 5809: Mean test mse is 0.025820554101041386
[2026-07-20 01:24:34,935][agents.ddpm_agent][INFO] - Epoch 5819: Mean test mse is 0.02718877393220152
[2026-07-20 01:24:38,059][agents.ddpm_agent][INFO] - Epoch 5829: Mean test mse is 0.02700371082339968
[2026-07-20 01:24:41,207][agents.ddpm_agent][INFO] - Epoch 5839: Mean test mse is 0.026973461200084006
[2026-07-20 01:24:44,279][agents.ddpm_agent][INFO] - Epoch 5849: Mean test mse is 0.02582281455397606
[2026-07-20 01:24:47,425][agents.ddpm_agent][INFO] - Epoch 5859: Mean test mse is 0.02726289550108569
[2026-07-20 01:24:50,703][agents.ddpm_agent][INFO] - Epoch 5869: Mean test mse is 0.024992099830082486
[2026-07-20 01:24:53,854][agents.ddpm_agent][INFO] - Epoch 5879: Mean test mse is 0.026551893513117517
[2026-07-20 01:24:56,969][agents.ddpm_agent][INFO] - Epoch 5889: Mean test mse is 0.02659794901098524
[2026-07-20 01:25:00,056][agents.ddpm_agent][INFO] - Epoch 5899: Mean test mse is 0.02586769445666245
[2026-07-20 01:25:03,140][agents.ddpm_agent][INFO] - Epoch 5909: Mean test mse is 0.027353392647845403
[2026-07-20 01:25:06,172][agents.ddpm_agent][INFO] - Epoch 5919: Mean test mse is 0.026125134900212288
[2026-07-20 01:25:09,291][agents.ddpm_agent][INFO] - Epoch 5929: Mean test mse is 0.026092483262930597
[2026-07-20 01:25:12,427][agents.ddpm_agent][INFO] - Epoch 5939: Mean test mse is 0.024922547861933708
[2026-07-20 01:25:15,510][agents.ddpm_agent][INFO] - Epoch 5949: Mean test mse is 0.025160272206578935
[2026-07-20 01:25:18,574][agents.ddpm_agent][INFO] - Epoch 5959: Mean test mse is 0.025463929399847984
[2026-07-20 01:25:21,647][agents.ddpm_agent][INFO] - Epoch 5969: Mean test mse is 0.026349413341709545
[2026-07-20 01:25:24,804][agents.ddpm_agent][INFO] - Epoch 5979: Mean test mse is 0.0259683651051351
[2026-07-20 01:25:27,871][agents.ddpm_agent][INFO] - Epoch 5989: Mean test mse is 0.02468803391924926
[2026-07-20 01:25:31,004][agents.ddpm_agent][INFO] - Epoch 5999: Mean test mse is 0.025901136121579578
[2026-07-20 01:25:34,194][agents.ddpm_agent][INFO] - Epoch 6009: Mean test mse is 0.02553907755230154
[2026-07-20 01:25:37,297][agents.ddpm_agent][INFO] - Epoch 6019: Mean test mse is 0.026171273152743067
[2026-07-20 01:25:40,444][agents.ddpm_agent][INFO] - Epoch 6029: Mean test mse is 0.025310980954340527
[2026-07-20 01:25:43,522][agents.ddpm_agent][INFO] - Epoch 6039: Mean test mse is 0.026692575375948633
[2026-07-20 01:25:46,562][agents.ddpm_agent][INFO] - Epoch 6049: Mean test mse is 0.024967231388602937
[2026-07-20 01:25:49,575][agents.ddpm_agent][INFO] - Epoch 6059: Mean test mse is 0.02576444989868573
[2026-07-20 01:25:52,705][agents.ddpm_agent][INFO] - Epoch 6069: Mean test mse is 0.02498359845152923
[2026-07-20 01:25:56,034][agents.ddpm_agent][INFO] - Epoch 6079: Mean test mse is 0.026710040867328644
[2026-07-20 01:25:59,254][agents.ddpm_agent][INFO] - Epoch 6089: Mean test mse is 0.026883332058787346
[2026-07-20 01:26:02,463][agents.ddpm_agent][INFO] - Epoch 6099: Mean test mse is 0.025012734213045666
[2026-07-20 01:26:05,614][agents.ddpm_agent][INFO] - Epoch 6109: Mean test mse is 0.026322159117885997
[2026-07-20 01:26:08,738][agents.ddpm_agent][INFO] - Epoch 6119: Mean test mse is 0.02545290520148618
[2026-07-20 01:26:11,915][agents.ddpm_agent][INFO] - Epoch 6129: Mean test mse is 0.02537351899913379
[2026-07-20 01:26:15,156][agents.ddpm_agent][INFO] - Epoch 6139: Mean test mse is 0.02582366338797978
[2026-07-20 01:26:18,264][agents.ddpm_agent][INFO] - Epoch 6149: Mean test mse is 0.02492874807545117
[2026-07-20 01:26:21,409][agents.ddpm_agent][INFO] - Epoch 6159: Mean test mse is 0.02714343156133379
[2026-07-20 01:26:24,642][agents.ddpm_agent][INFO] - Epoch 6169: Mean test mse is 0.02562980673142842
[2026-07-20 01:26:27,801][agents.ddpm_agent][INFO] - Epoch 6179: Mean test mse is 0.024986016963209425
[2026-07-20 01:26:31,014][agents.ddpm_agent][INFO] - Epoch 6189: Mean test mse is 0.0258859462503876
[2026-07-20 01:26:34,116][agents.ddpm_agent][INFO] - Epoch 6199: Mean test mse is 0.027096771768161228
[2026-07-20 01:26:37,252][agents.ddpm_agent][INFO] - Epoch 6209: Mean test mse is 0.024419319948979785
[2026-07-20 01:26:40,363][agents.ddpm_agent][INFO] - Epoch 6219: Mean test mse is 0.025017840787768364
[2026-07-20 01:26:43,478][agents.ddpm_agent][INFO] - Epoch 6229: Mean test mse is 0.02546241001359054
[2026-07-20 01:26:46,598][agents.ddpm_agent][INFO] - Epoch 6239: Mean test mse is 0.02487164070563657
[2026-07-20 01:26:49,788][agents.ddpm_agent][INFO] - Epoch 6249: Mean test mse is 0.024791756910937175
[2026-07-20 01:26:52,980][agents.ddpm_agent][INFO] - Epoch 6259: Mean test mse is 0.02330678967492921
[2026-07-20 01:26:52,999][agents.ddpm_agent][INFO] - New best test loss. Stored weights have been updated!
[2026-07-20 01:26:56,255][agents.ddpm_agent][INFO] - Epoch 6269: Mean test mse is 0.027406576488699232
[2026-07-20 01:26:59,390][agents.ddpm_agent][INFO] - Epoch 6279: Mean test mse is 0.02599469306213515
[2026-07-20 01:27:02,502][agents.ddpm_agent][INFO] - Epoch 6289: Mean test mse is 0.025502929730074748
[2026-07-20 01:27:05,477][agents.ddpm_agent][INFO] - Epoch 6299: Mean test mse is 0.026017359058771814
[2026-07-20 01:27:08,458][agents.ddpm_agent][INFO] - Epoch 6309: Mean test mse is 0.024561727153403417
[2026-07-20 01:27:11,680][agents.ddpm_agent][INFO] - Epoch 6319: Mean test mse is 0.024998682151947702
[2026-07-20 01:27:14,825][agents.ddpm_agent][INFO] - Epoch 6329: Mean test mse is 0.024819590151309967
[2026-07-20 01:27:17,970][agents.ddpm_agent][INFO] - Epoch 6339: Mean test mse is 0.024138160848191807
[2026-07-20 01:27:21,195][agents.ddpm_agent][INFO] - Epoch 6349: Mean test mse is 0.0255641226789781
[2026-07-20 01:27:24,263][agents.ddpm_agent][INFO] - Epoch 6359: Mean test mse is 0.024384836267147745
[2026-07-20 01:27:27,394][agents.ddpm_agent][INFO] - Epoch 6369: Mean test mse is 0.024497782545430318
[2026-07-20 01:27:30,506][agents.ddpm_agent][INFO] - Epoch 6379: Mean test mse is 0.024448403556432043
[2026-07-20 01:27:33,606][agents.ddpm_agent][INFO] - Epoch 6389: Mean test mse is 0.026058678914393698
[2026-07-20 01:27:36,712][agents.ddpm_agent][INFO] - Epoch 6399: Mean test mse is 0.025970637266125
[2026-07-20 01:27:39,835][agents.ddpm_agent][INFO] - Epoch 6409: Mean test mse is 0.02512627068374838
[2026-07-20 01:27:42,995][agents.ddpm_agent][INFO] - Epoch 6419: Mean test mse is 0.025488824716636112
[2026-07-20 01:27:46,201][agents.ddpm_agent][INFO] - Epoch 6429: Mean test mse is 0.023785189858504703
[2026-07-20 01:27:49,286][agents.ddpm_agent][INFO] - Epoch 6439: Mean test mse is 0.024422397570950643
[2026-07-20 01:27:52,360][agents.ddpm_agent][INFO] - Epoch 6449: Mean test mse is 0.02484170799808843
[2026-07-20 01:27:55,475][agents.ddpm_agent][INFO] - Epoch 6459: Mean test mse is 0.024604639038443565
[2026-07-20 01:27:58,590][agents.ddpm_agent][INFO] - Epoch 6469: Mean test mse is 0.026469351989882334
[2026-07-20 01:28:01,671][agents.ddpm_agent][INFO] - Epoch 6479: Mean test mse is 0.02639440872839519
[2026-07-20 01:28:04,845][agents.ddpm_agent][INFO] - Epoch 6489: Mean test mse is 0.025257754804832593
[2026-07-20 01:28:08,092][agents.ddpm_agent][INFO] - Epoch 6499: Mean test mse is 0.02464493683406285
[2026-07-20 01:28:11,172][agents.ddpm_agent][INFO] - Epoch 6509: Mean test mse is 0.02535900500203882
[2026-07-20 01:28:14,229][agents.ddpm_agent][INFO] - Epoch 6519: Mean test mse is 0.024623492200459753
[2026-07-20 01:28:17,278][agents.ddpm_agent][INFO] - Epoch 6529: Mean test mse is 0.025623836953725134
[2026-07-20 01:28:20,423][agents.ddpm_agent][INFO] - Epoch 6539: Mean test mse is 0.0253036551709686
[2026-07-20 01:28:23,419][agents.ddpm_agent][INFO] - Epoch 6549: Mean test mse is 0.025123792567423413
[2026-07-20 01:28:26,445][agents.ddpm_agent][INFO] - Epoch 6559: Mean test mse is 0.024133198229329928
[2026-07-20 01:28:29,339][agents.ddpm_agent][INFO] - Epoch 6569: Mean test mse is 0.024218226117747172
[2026-07-20 01:28:32,430][agents.ddpm_agent][INFO] - Epoch 6579: Mean test mse is 0.024414269253611565
[2026-07-20 01:28:35,575][agents.ddpm_agent][INFO] - Epoch 6589: Mean test mse is 0.025686261111072133
[2026-07-20 01:28:38,706][agents.ddpm_agent][INFO] - Epoch 6599: Mean test mse is 0.02421441168657371
[2026-07-20 01:28:41,868][agents.ddpm_agent][INFO] - Epoch 6609: Mean test mse is 0.023339076233761653
[2026-07-20 01:28:44,981][agents.ddpm_agent][INFO] - Epoch 6619: Mean test mse is 0.025519160819905146
[2026-07-20 01:28:48,129][agents.ddpm_agent][INFO] - Epoch 6629: Mean test mse is 0.024317959057433263
[2026-07-20 01:28:52,072][agents.ddpm_agent][INFO] - Epoch 6639: Mean test mse is 0.02488468081823417
[2026-07-20 01:28:55,195][agents.ddpm_agent][INFO] - Epoch 6649: Mean test mse is 0.025545456313661168
[2026-07-20 01:28:58,378][agents.ddpm_agent][INFO] - Epoch 6659: Mean test mse is 0.02324932041977133
[2026-07-20 01:28:58,394][agents.ddpm_agent][INFO] - New best test loss. Stored weights have been updated!
[2026-07-20 01:29:01,582][agents.ddpm_agent][INFO] - Epoch 6669: Mean test mse is 0.02556374402982848
[2026-07-20 01:29:05,029][agents.ddpm_agent][INFO] - Epoch 6679: Mean test mse is 0.023798531453524317
[2026-07-20 01:29:08,485][agents.ddpm_agent][INFO] - Epoch 6689: Mean test mse is 0.024959220684000423
[2026-07-20 01:29:11,857][agents.ddpm_agent][INFO] - Epoch 6699: Mean test mse is 0.024987869496856416
[2026-07-20 01:29:16,440][agents.ddpm_agent][INFO] - Epoch 6709: Mean test mse is 0.02608070442719119
[2026-07-20 01:29:19,533][agents.ddpm_agent][INFO] - Epoch 6719: Mean test mse is 0.023884709924459457
[2026-07-20 01:29:22,638][agents.ddpm_agent][INFO] - Epoch 6729: Mean test mse is 0.02575749611215932
[2026-07-20 01:29:25,800][agents.ddpm_agent][INFO] - Epoch 6739: Mean test mse is 0.024241456229771887
[2026-07-20 01:29:29,983][agents.ddpm_agent][INFO] - Epoch 6749: Mean test mse is 0.024644592510802404
[2026-07-20 01:29:33,484][agents.ddpm_agent][INFO] - Epoch 6759: Mean test mse is 0.02494780399969646
[2026-07-20 01:29:37,564][agents.ddpm_agent][INFO] - Epoch 6769: Mean test mse is 0.02508231145995004
[2026-07-20 01:29:42,093][agents.ddpm_agent][INFO] - Epoch 6779: Mean test mse is 0.025474868714809418
[2026-07-20 01:29:45,507][agents.ddpm_agent][INFO] - Epoch 6789: Mean test mse is 0.02444661914237908
[2026-07-20 01:29:48,543][agents.ddpm_agent][INFO] - Epoch 6799: Mean test mse is 0.025127202006322995
[2026-07-20 01:29:51,897][agents.ddpm_agent][INFO] - Epoch 6809: Mean test mse is 0.02417449200791972
[2026-07-20 01:29:56,508][agents.ddpm_agent][INFO] - Epoch 6819: Mean test mse is 0.024145979966436113
[2026-07-20 01:30:00,079][agents.ddpm_agent][INFO] - Epoch 6829: Mean test mse is 0.023511063041431562
[2026-07-20 01:30:04,753][agents.ddpm_agent][INFO] - Epoch 6839: Mean test mse is 0.024330468848347664
[2026-07-20 01:30:09,409][agents.ddpm_agent][INFO] - Epoch 6849: Mean test mse is 0.02458901863012995
[2026-07-20 01:30:13,543][agents.ddpm_agent][INFO] - Epoch 6859: Mean test mse is 0.024416613525577953
[2026-07-20 01:30:16,661][agents.ddpm_agent][INFO] - Epoch 6869: Mean test mse is 0.0239714506481375
[2026-07-20 01:30:20,843][agents.ddpm_agent][INFO] - Epoch 6879: Mean test mse is 0.02290218456515244
[2026-07-20 01:30:20,860][agents.ddpm_agent][INFO] - New best test loss. Stored weights have been updated!
[2026-07-20 01:30:25,534][agents.ddpm_agent][INFO] - Epoch 6889: Mean test mse is 0.02340658993593284
[2026-07-20 01:30:29,992][agents.ddpm_agent][INFO] - Epoch 6899: Mean test mse is 0.023104839026927948
[2026-07-20 01:30:34,710][agents.ddpm_agent][INFO] - Epoch 6909: Mean test mse is 0.025428885061826025
[2026-07-20 01:30:39,450][agents.ddpm_agent][INFO] - Epoch 6919: Mean test mse is 0.022739060489194735
[2026-07-20 01:30:39,466][agents.ddpm_agent][INFO] - New best test loss. Stored weights have been updated!
[2026-07-20 01:30:43,738][agents.ddpm_agent][INFO] - Epoch 6929: Mean test mse is 0.02469648633684431
[2026-07-20 01:30:47,282][agents.ddpm_agent][INFO] - Epoch 6939: Mean test mse is 0.022817939785974368
[2026-07-20 01:30:52,034][agents.ddpm_agent][INFO] - Epoch 6949: Mean test mse is 0.023372106520192965
[2026-07-20 01:30:56,744][agents.ddpm_agent][INFO] - Epoch 6959: Mean test mse is 0.024097517132759094
[2026-07-20 01:31:01,416][agents.ddpm_agent][INFO] - Epoch 6969: Mean test mse is 0.023849416258079664
[2026-07-20 01:31:06,129][agents.ddpm_agent][INFO] - Epoch 6979: Mean test mse is 0.022820107904928073
[2026-07-20 01:31:10,772][agents.ddpm_agent][INFO] - Epoch 6989: Mean test mse is 0.023458548954554966
[2026-07-20 01:31:15,471][agents.ddpm_agent][INFO] - Epoch 6999: Mean test mse is 0.022467125207185745
[2026-07-20 01:31:15,487][agents.ddpm_agent][INFO] - New best test loss. Stored weights have been updated!
[2026-07-20 01:31:19,368][agents.ddpm_agent][INFO] - Epoch 7009: Mean test mse is 0.022846276738813946
[2026-07-20 01:31:22,454][agents.ddpm_agent][INFO] - Epoch 7019: Mean test mse is 0.024044010256017958
[2026-07-20 01:31:25,644][agents.ddpm_agent][INFO] - Epoch 7029: Mean test mse is 0.0224430255059685
[2026-07-20 01:31:25,660][agents.ddpm_agent][INFO] - New best test loss. Stored weights have been updated!
[2026-07-20 01:31:28,788][agents.ddpm_agent][INFO] - Epoch 7039: Mean test mse is 0.024693024211696217
[2026-07-20 01:31:32,070][agents.ddpm_agent][INFO] - Epoch 7049: Mean test mse is 0.023408110120466778
[2026-07-20 01:31:35,231][agents.ddpm_agent][INFO] - Epoch 7059: Mean test mse is 0.023695833182760646
[2026-07-20 01:31:38,362][agents.ddpm_agent][INFO] - Epoch 7069: Mean test mse is 0.023364383727312088
[2026-07-20 01:31:41,423][agents.ddpm_agent][INFO] - Epoch 7079: Mean test mse is 0.023421544847743853
[2026-07-20 01:31:44,530][agents.ddpm_agent][INFO] - Epoch 7089: Mean test mse is 0.023784293127911433
[2026-07-20 01:31:47,740][agents.ddpm_agent][INFO] - Epoch 7099: Mean test mse is 0.02318936852472169
[2026-07-20 01:31:50,938][agents.ddpm_agent][INFO] - Epoch 7109: Mean test mse is 0.023186691903642247
[2026-07-20 01:31:54,060][agents.ddpm_agent][INFO] - Epoch 7119: Mean test mse is 0.02257321615304266
[2026-07-20 01:31:57,276][agents.ddpm_agent][INFO] - Epoch 7129: Mean test mse is 0.02316062099167279
[2026-07-20 01:32:00,499][agents.ddpm_agent][INFO] - Epoch 7139: Mean test mse is 0.02512920887342521
[2026-07-20 01:32:03,611][agents.ddpm_agent][INFO] - Epoch 7149: Mean test mse is 0.02301437913307122
[2026-07-20 01:32:06,755][agents.ddpm_agent][INFO] - Epoch 7159: Mean test mse is 0.024113112528409277
[2026-07-20 01:32:09,903][agents.ddpm_agent][INFO] - Epoch 7169: Mean test mse is 0.022855391991989955
[2026-07-20 01:32:13,071][agents.ddpm_agent][INFO] - Epoch 7179: Mean test mse is 0.025561336427927017
[2026-07-20 01:32:16,169][agents.ddpm_agent][INFO] - Epoch 7189: Mean test mse is 0.027115780328001295
[2026-07-20 01:32:19,340][agents.ddpm_agent][INFO] - Epoch 7199: Mean test mse is 0.022550885964717184
[2026-07-20 01:32:22,471][agents.ddpm_agent][INFO] - Epoch 7209: Mean test mse is 0.023204602301120758
[2026-07-20 01:32:25,670][agents.ddpm_agent][INFO] - Epoch 7219: Mean test mse is 0.02448579216642039
[2026-07-20 01:32:28,770][agents.ddpm_agent][INFO] - Epoch 7229: Mean test mse is 0.022469221215162958
[2026-07-20 01:32:31,682][agents.ddpm_agent][INFO] - Epoch 7239: Mean test mse is 0.02289824773158346
[2026-07-20 01:32:34,624][agents.ddpm_agent][INFO] - Epoch 7249: Mean test mse is 0.023111680256468908
[2026-07-20 01:32:37,894][agents.ddpm_agent][INFO] - Epoch 7259: Mean test mse is 0.023215242262397493
[2026-07-20 01:32:41,048][agents.ddpm_agent][INFO] - Epoch 7269: Mean test mse is 0.02311995066702366
[2026-07-20 01:32:44,194][agents.ddpm_agent][INFO] - Epoch 7279: Mean test mse is 0.02354677686733859
[2026-07-20 01:32:47,373][agents.ddpm_agent][INFO] - Epoch 7289: Mean test mse is 0.023094574521694864
[2026-07-20 01:32:50,538][agents.ddpm_agent][INFO] - Epoch 7299: Mean test mse is 0.02297730477792876
[2026-07-20 01:32:53,708][agents.ddpm_agent][INFO] - Epoch 7309: Mean test mse is 0.024003067719084874
[2026-07-20 01:32:56,906][agents.ddpm_agent][INFO] - Epoch 7319: Mean test mse is 0.02299868475113596
[2026-07-20 01:33:00,061][agents.ddpm_agent][INFO] - Epoch 7329: Mean test mse is 0.02220046945980617
[2026-07-20 01:33:00,080][agents.ddpm_agent][INFO] - New best test loss. Stored weights have been updated!
[2026-07-20 01:33:03,231][agents.ddpm_agent][INFO] - Epoch 7339: Mean test mse is 0.02291122584470681
[2026-07-20 01:33:06,353][agents.ddpm_agent][INFO] - Epoch 7349: Mean test mse is 0.02278547707412924
[2026-07-20 01:33:09,487][agents.ddpm_agent][INFO] - Epoch 7359: Mean test mse is 0.022265664967043058
[2026-07-20 01:33:12,630][agents.ddpm_agent][INFO] - Epoch 7369: Mean test mse is 0.02260486675160272
[2026-07-20 01:33:15,764][agents.ddpm_agent][INFO] - Epoch 7379: Mean test mse is 0.021470054984092712
[2026-07-20 01:33:15,807][agents.ddpm_agent][INFO] - New best test loss. Stored weights have been updated!
[2026-07-20 01:33:18,877][agents.ddpm_agent][INFO] - Epoch 7389: Mean test mse is 0.023239698527114733
[2026-07-20 01:33:21,997][agents.ddpm_agent][INFO] - Epoch 7399: Mean test mse is 0.022964047268033028
[2026-07-20 01:33:25,128][agents.ddpm_agent][INFO] - Epoch 7409: Mean test mse is 0.021409842850906507
[2026-07-20 01:33:25,145][agents.ddpm_agent][INFO] - New best test loss. Stored weights have been updated!
[2026-07-20 01:33:28,308][agents.ddpm_agent][INFO] - Epoch 7419: Mean test mse is 0.022660071828535626
[2026-07-20 01:33:31,359][agents.ddpm_agent][INFO] - Epoch 7429: Mean test mse is 0.022507605808121816
[2026-07-20 01:33:34,623][agents.ddpm_agent][INFO] - Epoch 7439: Mean test mse is 0.02204204084617751
[2026-07-20 01:33:37,743][agents.ddpm_agent][INFO] - Epoch 7449: Mean test mse is 0.022967344149947166
[2026-07-20 01:33:40,923][agents.ddpm_agent][INFO] - Epoch 7459: Mean test mse is 0.023459212322320257
[2026-07-20 01:33:44,057][agents.ddpm_agent][INFO] - Epoch 7469: Mean test mse is 0.023483179775731906
[2026-07-20 01:33:47,242][agents.ddpm_agent][INFO] - Epoch 7479: Mean test mse is 0.022101554487432753
[2026-07-20 01:33:50,470][agents.ddpm_agent][INFO] - Epoch 7489: Mean test mse is 0.022785180381366184
[2026-07-20 01:33:53,514][agents.ddpm_agent][INFO] - Epoch 7499: Mean test mse is 0.024059072402971133
[2026-07-20 01:33:56,836][agents.ddpm_agent][INFO] - Epoch 7509: Mean test mse is 0.021674355225903646
[2026-07-20 01:34:00,009][agents.ddpm_agent][INFO] - Epoch 7519: Mean test mse is 0.022472582757472992
[2026-07-20 01:34:03,205][agents.ddpm_agent][INFO] - Epoch 7529: Mean test mse is 0.023312969133257866
[2026-07-20 01:34:06,387][agents.ddpm_agent][INFO] - Epoch 7539: Mean test mse is 0.02204736801130431
[2026-07-20 01:34:09,487][agents.ddpm_agent][INFO] - Epoch 7549: Mean test mse is 0.022862340988857404
[2026-07-20 01:34:12,666][agents.ddpm_agent][INFO] - Epoch 7559: Mean test mse is 0.02275071745472295
[2026-07-20 01:34:15,939][agents.ddpm_agent][INFO] - Epoch 7569: Mean test mse is 0.022518207718219076
[2026-07-20 01:34:19,056][agents.ddpm_agent][INFO] - Epoch 7579: Mean test mse is 0.024240159828748022
[2026-07-20 01:34:22,208][agents.ddpm_agent][INFO] - Epoch 7589: Mean test mse is 0.022161728835531642
[2026-07-20 01:34:25,376][agents.ddpm_agent][INFO] - Epoch 7599: Mean test mse is 0.021167274032320296
[2026-07-20 01:34:25,392][agents.ddpm_agent][INFO] - New best test loss. Stored weights have been updated!
[2026-07-20 01:34:28,661][agents.ddpm_agent][INFO] - Epoch 7609: Mean test mse is 0.02189338579773903
[2026-07-20 01:34:31,712][agents.ddpm_agent][INFO] - Epoch 7619: Mean test mse is 0.022441465141517774
[2026-07-20 01:34:34,724][agents.ddpm_agent][INFO] - Epoch 7629: Mean test mse is 0.021000167088849202
[2026-07-20 01:34:34,741][agents.ddpm_agent][INFO] - New best test loss. Stored weights have been updated!
[2026-07-20 01:34:37,824][agents.ddpm_agent][INFO] - Epoch 7639: Mean test mse is 0.025471794019852365
[2026-07-20 01:34:40,920][agents.ddpm_agent][INFO] - Epoch 7649: Mean test mse is 0.021605153967227255
[2026-07-20 01:34:44,001][agents.ddpm_agent][INFO] - Epoch 7659: Mean test mse is 0.02311935488666807
[2026-07-20 01:34:47,058][agents.ddpm_agent][INFO] - Epoch 7669: Mean test mse is 0.022115946880408695
[2026-07-20 01:34:50,115][agents.ddpm_agent][INFO] - Epoch 7679: Mean test mse is 0.02187495758490903
[2026-07-20 01:34:53,277][agents.ddpm_agent][INFO] - Epoch 7689: Mean test mse is 0.02118491753935814
[2026-07-20 01:34:56,363][agents.ddpm_agent][INFO] - Epoch 7699: Mean test mse is 0.02299578008907182
[2026-07-20 01:34:59,553][agents.ddpm_agent][INFO] - Epoch 7709: Mean test mse is 0.022977483325770924
[2026-07-20 01:35:02,785][agents.ddpm_agent][INFO] - Epoch 7719: Mean test mse is 0.022292816479291235
[2026-07-20 01:35:06,071][agents.ddpm_agent][INFO] - Epoch 7729: Mean test mse is 0.02309281432202884
[2026-07-20 01:35:09,265][agents.ddpm_agent][INFO] - Epoch 7739: Mean test mse is 0.022064955372895514
[2026-07-20 01:35:12,562][agents.ddpm_agent][INFO] - Epoch 7749: Mean test mse is 0.023362320980855396
[2026-07-20 01:35:15,644][agents.ddpm_agent][INFO] - Epoch 7759: Mean test mse is 0.02164372562297753
[2026-07-20 01:35:18,814][agents.ddpm_agent][INFO] - Epoch 7769: Mean test mse is 0.022075459893260683
[2026-07-20 01:35:22,098][agents.ddpm_agent][INFO] - Epoch 7779: Mean test mse is 0.023084523688469614
[2026-07-20 01:35:25,274][agents.ddpm_agent][INFO] - Epoch 7789: Mean test mse is 0.023094139461006438
[2026-07-20 01:35:28,405][agents.ddpm_agent][INFO] - Epoch 7799: Mean test mse is 0.022267372480460575
[2026-07-20 01:35:31,436][agents.ddpm_agent][INFO] - Epoch 7809: Mean test mse is 0.022235225620014325
[2026-07-20 01:35:34,679][agents.ddpm_agent][INFO] - Epoch 7819: Mean test mse is 0.021952930305685316
[2026-07-20 01:35:37,818][agents.ddpm_agent][INFO] - Epoch 7829: Mean test mse is 0.021829679874437197
[2026-07-20 01:35:41,091][agents.ddpm_agent][INFO] - Epoch 7839: Mean test mse is 0.02173281301345144
[2026-07-20 01:35:44,298][agents.ddpm_agent][INFO] - Epoch 7849: Mean test mse is 0.02316953827227865
[2026-07-20 01:35:47,517][agents.ddpm_agent][INFO] - Epoch 7859: Mean test mse is 0.022617651415722712
[2026-07-20 01:35:50,660][agents.ddpm_agent][INFO] - Epoch 7869: Mean test mse is 0.02238327291394983
[2026-07-20 01:35:53,960][agents.ddpm_agent][INFO] - Epoch 7879: Mean test mse is 0.022138078563979695
[2026-07-20 01:35:57,202][agents.ddpm_agent][INFO] - Epoch 7889: Mean test mse is 0.02272386769098895
[2026-07-20 01:36:00,447][agents.ddpm_agent][INFO] - Epoch 7899: Mean test mse is 0.025064678064414432
[2026-07-20 01:36:03,577][agents.ddpm_agent][INFO] - Epoch 7909: Mean test mse is 0.020972357264586856
[2026-07-20 01:36:03,594][agents.ddpm_agent][INFO] - New best test loss. Stored weights have been updated!
[2026-07-20 01:36:06,729][agents.ddpm_agent][INFO] - Epoch 7919: Mean test mse is 0.021901123757873262
[2026-07-20 01:36:10,024][agents.ddpm_agent][INFO] - Epoch 7929: Mean test mse is 0.021792632128511156
[2026-07-20 01:36:13,305][agents.ddpm_agent][INFO] - Epoch 7939: Mean test mse is 0.02249997534922191
[2026-07-20 01:36:16,564][agents.ddpm_agent][INFO] - Epoch 7949: Mean test mse is 0.02280739082821778
[2026-07-20 01:36:19,674][agents.ddpm_agent][INFO] - Epoch 7959: Mean test mse is 0.022080846929124424
[2026-07-20 01:36:22,847][agents.ddpm_agent][INFO] - Epoch 7969: Mean test mse is 0.0218816694936582
[2026-07-20 01:36:26,014][agents.ddpm_agent][INFO] - Epoch 7979: Mean test mse is 0.02196412187601839
[2026-07-20 01:36:29,168][agents.ddpm_agent][INFO] - Epoch 7989: Mean test mse is 0.020417902884738787
[2026-07-20 01:36:29,188][agents.ddpm_agent][INFO] - New best test loss. Stored weights have been updated!
[2026-07-20 01:36:32,370][agents.ddpm_agent][INFO] - Epoch 7999: Mean test mse is 0.022016039916447232
[2026-07-20 01:36:35,436][agents.ddpm_agent][INFO] - Epoch 8009: Mean test mse is 0.021675793454051018
[2026-07-20 01:36:38,457][agents.ddpm_agent][INFO] - Epoch 8019: Mean test mse is 0.021927960749183382
[2026-07-20 01:36:41,451][agents.ddpm_agent][INFO] - Epoch 8029: Mean test mse is 0.02342315177832331
[2026-07-20 01:36:44,599][agents.ddpm_agent][INFO] - Epoch 8039: Mean test mse is 0.02335209958255291
[2026-07-20 01:36:47,715][agents.ddpm_agent][INFO] - Epoch 8049: Mean test mse is 0.021697874846202985
[2026-07-20 01:36:50,779][agents.ddpm_agent][INFO] - Epoch 8059: Mean test mse is 0.02207725734582969
[2026-07-20 01:36:53,854][agents.ddpm_agent][INFO] - Epoch 8069: Mean test mse is 0.02340367542845862
[2026-07-20 01:36:56,928][agents.ddpm_agent][INFO] - Epoch 8079: Mean test mse is 0.023356914520263672
[2026-07-20 01:37:00,027][agents.ddpm_agent][INFO] - Epoch 8089: Mean test mse is 0.020632397649543627
[2026-07-20 01:37:03,047][agents.ddpm_agent][INFO] - Epoch 8099: Mean test mse is 0.022067380270787647
[2026-07-20 01:37:06,142][agents.ddpm_agent][INFO] - Epoch 8109: Mean test mse is 0.02276055727686201
[2026-07-20 01:37:09,255][agents.ddpm_agent][INFO] - Epoch 8119: Mean test mse is 0.022760303424937383
[2026-07-20 01:37:12,296][agents.ddpm_agent][INFO] - Epoch 8129: Mean test mse is 0.02099085120218141
[2026-07-20 01:37:15,538][agents.ddpm_agent][INFO] - Epoch 8139: Mean test mse is 0.021816336948956763
[2026-07-20 01:37:18,637][agents.ddpm_agent][INFO] - Epoch 8149: Mean test mse is 0.022974119122539247
[2026-07-20 01:37:21,788][agents.ddpm_agent][INFO] - Epoch 8159: Mean test mse is 0.02346911946577685
[2026-07-20 01:37:24,898][agents.ddpm_agent][INFO] - Epoch 8169: Mean test mse is 0.022619427048734257
[2026-07-20 01:37:28,081][agents.ddpm_agent][INFO] - Epoch 8179: Mean test mse is 0.02146064569907529
[2026-07-20 01:37:31,233][agents.ddpm_agent][INFO] - Epoch 8189: Mean test mse is 0.022483393283826963
[2026-07-20 01:37:34,480][agents.ddpm_agent][INFO] - Epoch 8199: Mean test mse is 0.021848393604159355
[2026-07-20 01:37:37,712][agents.ddpm_agent][INFO] - Epoch 8209: Mean test mse is 0.01999137337718691
[2026-07-20 01:37:37,728][agents.ddpm_agent][INFO] - New best test loss. Stored weights have been updated!
[2026-07-20 01:37:40,948][agents.ddpm_agent][INFO] - Epoch 8219: Mean test mse is 0.021764715601290976
[2026-07-20 01:37:44,060][agents.ddpm_agent][INFO] - Epoch 8229: Mean test mse is 0.022331870826227323
[2026-07-20 01:37:47,198][agents.ddpm_agent][INFO] - Epoch 8239: Mean test mse is 0.021457741569195474
[2026-07-20 01:37:50,398][agents.ddpm_agent][INFO] - Epoch 8249: Mean test mse is 0.02181682682463101
[2026-07-20 01:37:53,566][agents.ddpm_agent][INFO] - Epoch 8259: Mean test mse is 0.020953493458884104
[2026-07-20 01:37:56,670][agents.ddpm_agent][INFO] - Epoch 8269: Mean test mse is 0.022354808769055774
[2026-07-20 01:37:59,610][agents.ddpm_agent][INFO] - Epoch 8279: Mean test mse is 0.020548860409430096
[2026-07-20 01:38:02,687][agents.ddpm_agent][INFO] - Epoch 8289: Mean test mse is 0.022687984896557673
[2026-07-20 01:38:05,785][agents.ddpm_agent][INFO] - Epoch 8299: Mean test mse is 0.02314371509211404
[2026-07-20 01:38:08,939][agents.ddpm_agent][INFO] - Epoch 8309: Mean test mse is 0.02174309268593788
[2026-07-20 01:38:12,121][agents.ddpm_agent][INFO] - Epoch 8319: Mean test mse is 0.02243206783064774
[2026-07-20 01:38:15,235][agents.ddpm_agent][INFO] - Epoch 8329: Mean test mse is 0.02298408986202308
[2026-07-20 01:38:18,371][agents.ddpm_agent][INFO] - Epoch 8339: Mean test mse is 0.022483631170221736
[2026-07-20 01:38:21,501][agents.ddpm_agent][INFO] - Epoch 8349: Mean test mse is 0.022329945915511677
[2026-07-20 01:38:24,615][agents.ddpm_agent][INFO] - Epoch 8359: Mean test mse is 0.022847540144409453
[2026-07-20 01:38:27,689][agents.ddpm_agent][INFO] - Epoch 8369: Mean test mse is 0.02090404528592314
[2026-07-20 01:38:30,726][agents.ddpm_agent][INFO] - Epoch 8379: Mean test mse is 0.020607138850859234
[2026-07-20 01:38:33,924][agents.ddpm_agent][INFO] - Epoch 8389: Mean test mse is 0.021702880838087628
[2026-07-20 01:38:37,221][agents.ddpm_agent][INFO] - Epoch 8399: Mean test mse is 0.02051637534584318
[2026-07-20 01:38:40,315][agents.ddpm_agent][INFO] - Epoch 8409: Mean test mse is 0.02270099414246423
[2026-07-20 01:38:43,438][agents.ddpm_agent][INFO] - Epoch 8419: Mean test mse is 0.021215675132615224
[2026-07-20 01:38:46,527][agents.ddpm_agent][INFO] - Epoch 8429: Mean test mse is 0.021961828427655355
[2026-07-20 01:38:49,640][agents.ddpm_agent][INFO] - Epoch 8439: Mean test mse is 0.021741350580539023
[2026-07-20 01:38:52,839][agents.ddpm_agent][INFO] - Epoch 8449: Mean test mse is 0.020745630775179182
[2026-07-20 01:38:56,099][agents.ddpm_agent][INFO] - Epoch 8459: Mean test mse is 0.020778900012373924
[2026-07-20 01:38:59,194][agents.ddpm_agent][INFO] - Epoch 8469: Mean test mse is 0.022049305694443837
[2026-07-20 01:39:02,286][agents.ddpm_agent][INFO] - Epoch 8479: Mean test mse is 0.022243666595646312
[2026-07-20 01:39:05,309][agents.ddpm_agent][INFO] - Epoch 8489: Mean test mse is 0.021283840228404318
[2026-07-20 01:39:08,320][agents.ddpm_agent][INFO] - Epoch 8499: Mean test mse is 0.01996874250471592
[2026-07-20 01:39:08,336][agents.ddpm_agent][INFO] - New best test loss. Stored weights have been updated!
[2026-07-20 01:39:11,510][agents.ddpm_agent][INFO] - Epoch 8509: Mean test mse is 0.021896690662418093
[2026-07-20 01:39:14,698][agents.ddpm_agent][INFO] - Epoch 8519: Mean test mse is 0.02079750970005989
[2026-07-20 01:39:17,787][agents.ddpm_agent][INFO] - Epoch 8529: Mean test mse is 0.02150271726506097
[2026-07-20 01:39:20,779][agents.ddpm_agent][INFO] - Epoch 8539: Mean test mse is 0.022336808166333606
[2026-07-20 01:39:23,791][agents.ddpm_agent][INFO] - Epoch 8549: Mean test mse is 0.02188016873385225
[2026-07-20 01:39:26,969][agents.ddpm_agent][INFO] - Epoch 8559: Mean test mse is 0.021372820915920392
[2026-07-20 01:39:30,082][agents.ddpm_agent][INFO] - Epoch 8569: Mean test mse is 0.021268815866538456
[2026-07-20 01:39:33,141][agents.ddpm_agent][INFO] - Epoch 8579: Mean test mse is 0.022332689059632167
[2026-07-20 01:39:36,318][agents.ddpm_agent][INFO] - Epoch 8589: Mean test mse is 0.024069852594818388
[2026-07-20 01:39:39,381][agents.ddpm_agent][INFO] - Epoch 8599: Mean test mse is 0.020151163850511824
[2026-07-20 01:39:42,527][agents.ddpm_agent][INFO] - Epoch 8609: Mean test mse is 0.020869253735457147
[2026-07-20 01:39:45,825][agents.ddpm_agent][INFO] - Epoch 8619: Mean test mse is 0.021588953477995738
[2026-07-20 01:39:49,022][agents.ddpm_agent][INFO] - Epoch 8629: Mean test mse is 0.021637683468205587
[2026-07-20 01:39:52,122][agents.ddpm_agent][INFO] - Epoch 8639: Mean test mse is 0.020856347467218126
[2026-07-20 01:39:55,194][agents.ddpm_agent][INFO] - Epoch 8649: Mean test mse is 0.019996192572372302
[2026-07-20 01:39:58,411][agents.ddpm_agent][INFO] - Epoch 8659: Mean test mse is 0.022117835336497853
[2026-07-20 01:40:01,555][agents.ddpm_agent][INFO] - Epoch 8669: Mean test mse is 0.02039300331047603
[2026-07-20 01:40:04,636][agents.ddpm_agent][INFO] - Epoch 8679: Mean test mse is 0.021983370184898376
[2026-07-20 01:40:07,703][agents.ddpm_agent][INFO] - Epoch 8689: Mean test mse is 0.020091289388281957
[2026-07-20 01:40:10,770][agents.ddpm_agent][INFO] - Epoch 8699: Mean test mse is 0.021996622905135155
[2026-07-20 01:40:13,870][agents.ddpm_agent][INFO] - Epoch 8709: Mean test mse is 0.02314514826451029
[2026-07-20 01:40:17,030][agents.ddpm_agent][INFO] - Epoch 8719: Mean test mse is 0.021111481423888887
[2026-07-20 01:40:20,133][agents.ddpm_agent][INFO] - Epoch 8729: Mean test mse is 0.02153963302927358
[2026-07-20 01:40:23,195][agents.ddpm_agent][INFO] - Epoch 8739: Mean test mse is 0.022635471607957567
[2026-07-20 01:40:26,201][agents.ddpm_agent][INFO] - Epoch 8749: Mean test mse is 0.02075084059366158
[2026-07-20 01:40:29,394][agents.ddpm_agent][INFO] - Epoch 8759: Mean test mse is 0.021551049447485378
[2026-07-20 01:40:32,522][agents.ddpm_agent][INFO] - Epoch 8769: Mean test mse is 0.02114238031208515
[2026-07-20 01:40:35,622][agents.ddpm_agent][INFO] - Epoch 8779: Mean test mse is 0.020695776279483522
[2026-07-20 01:40:38,776][agents.ddpm_agent][INFO] - Epoch 8789: Mean test mse is 0.0223030759287732
[2026-07-20 01:40:41,797][agents.ddpm_agent][INFO] - Epoch 8799: Mean test mse is 0.021650995260902813
[2026-07-20 01:40:44,881][agents.ddpm_agent][INFO] - Epoch 8809: Mean test mse is 0.020749360056860105
[2026-07-20 01:40:48,241][agents.ddpm_agent][INFO] - Epoch 8819: Mean test mse is 0.021590113373739377
[2026-07-20 01:40:51,429][agents.ddpm_agent][INFO] - Epoch 8829: Mean test mse is 0.02183536679616996
[2026-07-20 01:40:54,519][agents.ddpm_agent][INFO] - Epoch 8839: Mean test mse is 0.020370098629168103
[2026-07-20 01:40:57,668][agents.ddpm_agent][INFO] - Epoch 8849: Mean test mse is 0.02173152911875929
[2026-07-20 01:41:00,835][agents.ddpm_agent][INFO] - Epoch 8859: Mean test mse is 0.02022012509405613
[2026-07-20 01:41:03,941][agents.ddpm_agent][INFO] - Epoch 8869: Mean test mse is 0.023530741621341025
[2026-07-20 01:41:07,030][agents.ddpm_agent][INFO] - Epoch 8879: Mean test mse is 0.020275783059852465
[2026-07-20 01:41:10,238][agents.ddpm_agent][INFO] - Epoch 8889: Mean test mse is 0.021667924310479845
[2026-07-20 01:41:13,419][agents.ddpm_agent][INFO] - Epoch 8899: Mean test mse is 0.021911288212452616
[2026-07-20 01:41:16,640][agents.ddpm_agent][INFO] - Epoch 8909: Mean test mse is 0.0219420992902347
[2026-07-20 01:41:19,749][agents.ddpm_agent][INFO] - Epoch 8919: Mean test mse is 0.02139750761645181
[2026-07-20 01:41:22,815][agents.ddpm_agent][INFO] - Epoch 8929: Mean test mse is 0.021712190870727812
[2026-07-20 01:41:26,037][agents.ddpm_agent][INFO] - Epoch 8939: Mean test mse is 0.02210592771215098
[2026-07-20 01:41:29,189][agents.ddpm_agent][INFO] - Epoch 8949: Mean test mse is 0.02127938318465437
[2026-07-20 01:41:32,292][agents.ddpm_agent][INFO] - Epoch 8959: Mean test mse is 0.021648891270160675
[2026-07-20 01:41:35,326][agents.ddpm_agent][INFO] - Epoch 8969: Mean test mse is 0.02054942079952785
[2026-07-20 01:41:38,424][agents.ddpm_agent][INFO] - Epoch 8979: Mean test mse is 0.02170109881886414
[2026-07-20 01:41:41,518][agents.ddpm_agent][INFO] - Epoch 8989: Mean test mse is 0.021906361782125065
[2026-07-20 01:41:44,549][agents.ddpm_agent][INFO] - Epoch 8999: Mean test mse is 0.020982884668878148
[2026-07-20 01:41:47,732][agents.ddpm_agent][INFO] - Epoch 9009: Mean test mse is 0.02197167862738882
[2026-07-20 01:41:50,818][agents.ddpm_agent][INFO] - Epoch 9019: Mean test mse is 0.020322972908616066
[2026-07-20 01:41:53,994][agents.ddpm_agent][INFO] - Epoch 9029: Mean test mse is 0.022541039756366184
[2026-07-20 01:41:57,109][agents.ddpm_agent][INFO] - Epoch 9039: Mean test mse is 0.022003274677055224
[2026-07-20 01:42:00,227][agents.ddpm_agent][INFO] - Epoch 9049: Mean test mse is 0.02232137056333678
[2026-07-20 01:42:03,165][agents.ddpm_agent][INFO] - Epoch 9059: Mean test mse is 0.020940817892551422
[2026-07-20 01:42:06,197][agents.ddpm_agent][INFO] - Epoch 9069: Mean test mse is 0.021096433379820416
[2026-07-20 01:42:09,336][agents.ddpm_agent][INFO] - Epoch 9079: Mean test mse is 0.021891935329352106
[2026-07-20 01:42:12,465][agents.ddpm_agent][INFO] - Epoch 9089: Mean test mse is 0.020971930984939848
[2026-07-20 01:42:15,749][agents.ddpm_agent][INFO] - Epoch 9099: Mean test mse is 0.0216233456241233
[2026-07-20 01:42:18,908][agents.ddpm_agent][INFO] - Epoch 9109: Mean test mse is 0.02114680622305189
[2026-07-20 01:42:22,133][agents.ddpm_agent][INFO] - Epoch 9119: Mean test mse is 0.022228735366037915
[2026-07-20 01:42:25,158][agents.ddpm_agent][INFO] - Epoch 9129: Mean test mse is 0.020657860807010105
[2026-07-20 01:42:28,310][agents.ddpm_agent][INFO] - Epoch 9139: Mean test mse is 0.02175606308238847
[2026-07-20 01:42:31,576][agents.ddpm_agent][INFO] - Epoch 9149: Mean test mse is 0.021390021113412722
[2026-07-20 01:42:34,827][agents.ddpm_agent][INFO] - Epoch 9159: Mean test mse is 0.021694531132067953
[2026-07-20 01:42:37,952][agents.ddpm_agent][INFO] - Epoch 9169: Mean test mse is 0.021451185856546675
[2026-07-20 01:42:41,079][agents.ddpm_agent][INFO] - Epoch 9179: Mean test mse is 0.019914056041410992
[2026-07-20 01:42:41,115][agents.ddpm_agent][INFO] - New best test loss. Stored weights have been updated!
[2026-07-20 01:42:44,299][agents.ddpm_agent][INFO] - Epoch 9189: Mean test mse is 0.02106266309108053
[2026-07-20 01:42:47,464][agents.ddpm_agent][INFO] - Epoch 9199: Mean test mse is 0.021939247314419066
[2026-07-20 01:42:50,645][agents.ddpm_agent][INFO] - Epoch 9209: Mean test mse is 0.021272398797529086
[2026-07-20 01:42:53,958][agents.ddpm_agent][INFO] - Epoch 9219: Mean test mse is 0.021927555756909505
[2026-07-20 01:42:57,106][agents.ddpm_agent][INFO] - Epoch 9229: Mean test mse is 0.021827659170542444
[2026-07-20 01:43:00,261][agents.ddpm_agent][INFO] - Epoch 9239: Mean test mse is 0.020360137202910016
[2026-07-20 01:43:03,471][agents.ddpm_agent][INFO] - Epoch 9249: Mean test mse is 0.021470489778688977
[2026-07-20 01:43:06,599][agents.ddpm_agent][INFO] - Epoch 9259: Mean test mse is 0.02120387101812022
[2026-07-20 01:43:09,824][agents.ddpm_agent][INFO] - Epoch 9269: Mean test mse is 0.021880173523511206
[2026-07-20 01:43:12,871][agents.ddpm_agent][INFO] - Epoch 9279: Mean test mse is 0.020522902852722576
[2026-07-20 01:43:16,026][agents.ddpm_agent][INFO] - Epoch 9289: Mean test mse is 0.021124019952757016
[2026-07-20 01:43:19,102][agents.ddpm_agent][INFO] - Epoch 9299: Mean test mse is 0.021833530494144986
[2026-07-20 01:43:22,051][agents.ddpm_agent][INFO] - Epoch 9309: Mean test mse is 0.022115892863699367
[2026-07-20 01:43:24,942][agents.ddpm_agent][INFO] - Epoch 9319: Mean test mse is 0.020377859473228455
[2026-07-20 01:43:28,012][agents.ddpm_agent][INFO] - Epoch 9329: Mean test mse is 0.021776438291583742
[2026-07-20 01:43:31,110][agents.ddpm_agent][INFO] - Epoch 9339: Mean test mse is 0.02312221111995833
[2026-07-20 01:43:34,162][agents.ddpm_agent][INFO] - Epoch 9349: Mean test mse is 0.022001284839851514
[2026-07-20 01:43:37,264][agents.ddpm_agent][INFO] - Epoch 9359: Mean test mse is 0.020828020625880787
[2026-07-20 01:43:40,378][agents.ddpm_agent][INFO] - Epoch 9369: Mean test mse is 0.0209748630544969
[2026-07-20 01:43:43,378][agents.ddpm_agent][INFO] - Epoch 9379: Mean test mse is 0.022384982290012494
[2026-07-20 01:43:46,507][agents.ddpm_agent][INFO] - Epoch 9389: Mean test mse is 0.02177483694893973
[2026-07-20 01:43:49,607][agents.ddpm_agent][INFO] - Epoch 9399: Mean test mse is 0.02176746859082154
[2026-07-20 01:43:52,648][agents.ddpm_agent][INFO] - Epoch 9409: Mean test mse is 0.020979678258299828
[2026-07-20 01:43:55,651][agents.ddpm_agent][INFO] - Epoch 9419: Mean test mse is 0.021694167916263853
[2026-07-20 01:43:58,676][agents.ddpm_agent][INFO] - Epoch 9429: Mean test mse is 0.02201260599706854
[2026-07-20 01:44:01,843][agents.ddpm_agent][INFO] - Epoch 9439: Mean test mse is 0.021281747413533076
[2026-07-20 01:44:04,976][agents.ddpm_agent][INFO] - Epoch 9449: Mean test mse is 0.021116776125771657
[2026-07-20 01:44:08,036][agents.ddpm_agent][INFO] - Epoch 9459: Mean test mse is 0.02171576315803187
[2026-07-20 01:44:11,149][agents.ddpm_agent][INFO] - Epoch 9469: Mean test mse is 0.02060896983104093
[2026-07-20 01:44:14,293][agents.ddpm_agent][INFO] - Epoch 9479: Mean test mse is 0.020328054470675334
[2026-07-20 01:44:17,397][agents.ddpm_agent][INFO] - Epoch 9489: Mean test mse is 0.020037190722567693
[2026-07-20 01:44:20,562][agents.ddpm_agent][INFO] - Epoch 9499: Mean test mse is 0.02095738984644413
[2026-07-20 01:44:23,657][agents.ddpm_agent][INFO] - Epoch 9509: Mean test mse is 0.020050672282065665
[2026-07-20 01:44:26,736][agents.ddpm_agent][INFO] - Epoch 9519: Mean test mse is 0.021193120628595352
[2026-07-20 01:44:29,859][agents.ddpm_agent][INFO] - Epoch 9529: Mean test mse is 0.021963200398853848
[2026-07-20 01:44:32,962][agents.ddpm_agent][INFO] - Epoch 9539: Mean test mse is 0.02202426322868892
[2026-07-20 01:44:36,097][agents.ddpm_agent][INFO] - Epoch 9549: Mean test mse is 0.021411356117044176
[2026-07-20 01:44:39,236][agents.ddpm_agent][INFO] - Epoch 9559: Mean test mse is 0.021193350798317363
[2026-07-20 01:44:42,318][agents.ddpm_agent][INFO] - Epoch 9569: Mean test mse is 0.02099169631089483
[2026-07-20 01:44:45,329][agents.ddpm_agent][INFO] - Epoch 9579: Mean test mse is 0.021510162789906775
[2026-07-20 01:44:48,490][agents.ddpm_agent][INFO] - Epoch 9589: Mean test mse is 0.02007309054689748
[2026-07-20 01:44:51,723][agents.ddpm_agent][INFO] - Epoch 9599: Mean test mse is 0.020680793427995274
[2026-07-20 01:44:54,789][agents.ddpm_agent][INFO] - Epoch 9609: Mean test mse is 0.022527036124042103
[2026-07-20 01:44:57,978][agents.ddpm_agent][INFO] - Epoch 9619: Mean test mse is 0.020755944773554802
[2026-07-20 01:45:01,131][agents.ddpm_agent][INFO] - Epoch 9629: Mean test mse is 0.021873961868030683
[2026-07-20 01:45:04,262][agents.ddpm_agent][INFO] - Epoch 9639: Mean test mse is 0.02099204302898475
[2026-07-20 01:45:07,435][agents.ddpm_agent][INFO] - Epoch 9649: Mean test mse is 0.020657647401094437
[2026-07-20 01:45:10,558][agents.ddpm_agent][INFO] - Epoch 9659: Mean test mse is 0.021271431020327976
[2026-07-20 01:45:13,686][agents.ddpm_agent][INFO] - Epoch 9669: Mean test mse is 0.021543233256254877
[2026-07-20 01:45:16,708][agents.ddpm_agent][INFO] - Epoch 9679: Mean test mse is 0.021144826763442585
[2026-07-20 01:45:19,740][agents.ddpm_agent][INFO] - Epoch 9689: Mean test mse is 0.020490894094109535
[2026-07-20 01:45:22,823][agents.ddpm_agent][INFO] - Epoch 9699: Mean test mse is 0.02234954573214054
[2026-07-20 01:45:26,016][agents.ddpm_agent][INFO] - Epoch 9709: Mean test mse is 0.021886472989405905
[2026-07-20 01:45:29,118][agents.ddpm_agent][INFO] - Epoch 9719: Mean test mse is 0.020951364189386368
[2026-07-20 01:45:32,347][agents.ddpm_agent][INFO] - Epoch 9729: Mean test mse is 0.02091572540146964
[2026-07-20 01:45:35,578][agents.ddpm_agent][INFO] - Epoch 9739: Mean test mse is 0.02233577679310526
[2026-07-20 01:45:38,761][agents.ddpm_agent][INFO] - Epoch 9749: Mean test mse is 0.019582197602306093
[2026-07-20 01:45:38,779][agents.ddpm_agent][INFO] - New best test loss. Stored weights have been updated!
[2026-07-20 01:45:42,018][agents.ddpm_agent][INFO] - Epoch 9759: Mean test mse is 0.02157235225396497
[2026-07-20 01:45:45,093][agents.ddpm_agent][INFO] - Epoch 9769: Mean test mse is 0.02028497920504638
[2026-07-20 01:45:48,238][agents.ddpm_agent][INFO] - Epoch 9779: Mean test mse is 0.020298793645841733
[2026-07-20 01:45:51,322][agents.ddpm_agent][INFO] - Epoch 9789: Mean test mse is 0.021497462477002825
[2026-07-20 01:45:54,393][agents.ddpm_agent][INFO] - Epoch 9799: Mean test mse is 0.021537041291594505
[2026-07-20 01:45:57,500][agents.ddpm_agent][INFO] - Epoch 9809: Mean test mse is 0.01957474130072764
[2026-07-20 01:45:57,520][agents.ddpm_agent][INFO] - New best test loss. Stored weights have been updated!
[2026-07-20 01:46:00,553][agents.ddpm_agent][INFO] - Epoch 9819: Mean test mse is 0.01988592477781432
[2026-07-20 01:46:03,503][agents.ddpm_agent][INFO] - Epoch 9829: Mean test mse is 0.021324139354484423
[2026-07-20 01:46:06,580][agents.ddpm_agent][INFO] - Epoch 9839: Mean test mse is 0.01999822977398123
[2026-07-20 01:46:09,595][agents.ddpm_agent][INFO] - Epoch 9849: Mean test mse is 0.021193541852491244
[2026-07-20 01:46:12,730][agents.ddpm_agent][INFO] - Epoch 9859: Mean test mse is 0.022746181913784573
[2026-07-20 01:46:15,878][agents.ddpm_agent][INFO] - Epoch 9869: Mean test mse is 0.02001814464373248
[2026-07-20 01:46:18,863][agents.ddpm_agent][INFO] - Epoch 9879: Mean test mse is 0.02101071471614497
[2026-07-20 01:46:21,956][agents.ddpm_agent][INFO] - Epoch 9889: Mean test mse is 0.021059183137757436
[2026-07-20 01:46:25,124][agents.ddpm_agent][INFO] - Epoch 9899: Mean test mse is 0.022269900888204575
[2026-07-20 01:46:28,217][agents.ddpm_agent][INFO] - Epoch 9909: Mean test mse is 0.02070173461522375
[2026-07-20 01:46:31,284][agents.ddpm_agent][INFO] - Epoch 9919: Mean test mse is 0.02154326784823622
[2026-07-20 01:46:34,343][agents.ddpm_agent][INFO] - Epoch 9929: Mean test mse is 0.02111747408551829
[2026-07-20 01:46:37,573][agents.ddpm_agent][INFO] - Epoch 9939: Mean test mse is 0.02032913374049323
[2026-07-20 01:46:40,663][agents.ddpm_agent][INFO] - Epoch 9949: Mean test mse is 0.02110202025089945
[2026-07-20 01:46:43,836][agents.ddpm_agent][INFO] - Epoch 9959: Mean test mse is 0.020059736711638316
[2026-07-20 01:46:46,958][agents.ddpm_agent][INFO] - Epoch 9969: Mean test mse is 0.021225402663861002
[2026-07-20 01:46:50,107][agents.ddpm_agent][INFO] - Epoch 9979: Mean test mse is 0.022408540227583477
[2026-07-20 01:46:53,363][agents.ddpm_agent][INFO] - Epoch 9989: Mean test mse is 0.021569244829671725
[2026-07-20 01:46:56,607][agents.ddpm_agent][INFO] - Epoch 9999: Mean test mse is 0.02094756918294089
[2026-07-20 01:46:56,928][agents.ddpm_agent][INFO] - Training done!
[2026-07-20 01:46:56,929][__main__][INFO] - Training-only mode enabled; skipping simulation.
