[2026-07-20 07:24:56,170][agents.models.diffusion.diffusion_models][INFO] - number of parameters: 2.748260e+05
[2026-07-20 07:25:02,272][root][INFO] - Loading Sorting Dataset
[2026-07-20 07:25:04,184][root][INFO] - Loading Sorting Dataset
[2026-07-20 07:25:04,463][agents.utils.scaler][INFO] - Datset Info: state min: [-2.3854534  -1.52318297 -2.5436591  -1.47282681] and max: [2.68851348 1.91139402 2.31634682 1.92205774], action min: [-1.83908446 -2.15521727] and max: [1.93458139 0.68739523]
[2026-07-20 07:25:04,463][agents.utils.scaler][INFO] - Training dataset size: input (7305, 4) target (7305, 2)
[2026-07-20 07:25:04,463][agents.base_agent][INFO] - The model has a total amount of 274826 parameters
[2026-07-20 07:25:25,990][agents.ddpm_agent][INFO] - Epoch 9: Mean test mse is 0.2758592111723764
[2026-07-20 07:25:26,124][agents.ddpm_agent][INFO] - New best test loss. Stored weights have been updated!
[2026-07-20 07:25:29,225][agents.ddpm_agent][INFO] - Epoch 19: Mean test mse is 0.20753203758171626
[2026-07-20 07:25:29,242][agents.ddpm_agent][INFO] - New best test loss. Stored weights have been updated!
[2026-07-20 07:25:32,260][agents.ddpm_agent][INFO] - Epoch 29: Mean test mse is 0.1737656103713172
[2026-07-20 07:25:32,276][agents.ddpm_agent][INFO] - New best test loss. Stored weights have been updated!
[2026-07-20 07:25:35,367][agents.ddpm_agent][INFO] - Epoch 39: Mean test mse is 0.1613212185246604
[2026-07-20 07:25:35,387][agents.ddpm_agent][INFO] - New best test loss. Stored weights have been updated!
[2026-07-20 07:25:38,463][agents.ddpm_agent][INFO] - Epoch 49: Mean test mse is 0.14648355756487166
[2026-07-20 07:25:38,480][agents.ddpm_agent][INFO] - New best test loss. Stored weights have been updated!
[2026-07-20 07:25:41,595][agents.ddpm_agent][INFO] - Epoch 59: Mean test mse is 0.1373391364301954
[2026-07-20 07:25:41,613][agents.ddpm_agent][INFO] - New best test loss. Stored weights have been updated!
[2026-07-20 07:25:44,810][agents.ddpm_agent][INFO] - Epoch 69: Mean test mse is 0.1324438410145896
[2026-07-20 07:25:44,827][agents.ddpm_agent][INFO] - New best test loss. Stored weights have been updated!
[2026-07-20 07:25:48,096][agents.ddpm_agent][INFO] - Epoch 79: Mean test mse is 0.1267862075141498
[2026-07-20 07:25:48,112][agents.ddpm_agent][INFO] - New best test loss. Stored weights have been updated!
[2026-07-20 07:25:51,394][agents.ddpm_agent][INFO] - Epoch 89: Mean test mse is 0.12428378420216697
[2026-07-20 07:25:51,410][agents.ddpm_agent][INFO] - New best test loss. Stored weights have been updated!
[2026-07-20 07:25:54,682][agents.ddpm_agent][INFO] - Epoch 99: Mean test mse is 0.11687570810317993
[2026-07-20 07:25:54,698][agents.ddpm_agent][INFO] - New best test loss. Stored weights have been updated!
[2026-07-20 07:25:57,825][agents.ddpm_agent][INFO] - Epoch 109: Mean test mse is 0.11153270942824227
[2026-07-20 07:25:57,842][agents.ddpm_agent][INFO] - New best test loss. Stored weights have been updated!
[2026-07-20 07:26:01,024][agents.ddpm_agent][INFO] - Epoch 119: Mean test mse is 0.11023544200829097
[2026-07-20 07:26:01,041][agents.ddpm_agent][INFO] - New best test loss. Stored weights have been updated!
[2026-07-20 07:26:04,270][agents.ddpm_agent][INFO] - Epoch 129: Mean test mse is 0.11199679757867541
[2026-07-20 07:26:07,447][agents.ddpm_agent][INFO] - Epoch 139: Mean test mse is 0.10978888720273972
[2026-07-20 07:26:07,464][agents.ddpm_agent][INFO] - New best test loss. Stored weights have been updated!
[2026-07-20 07:26:10,667][agents.ddpm_agent][INFO] - Epoch 149: Mean test mse is 0.10653888966356005
[2026-07-20 07:26:10,683][agents.ddpm_agent][INFO] - New best test loss. Stored weights have been updated!
[2026-07-20 07:26:13,874][agents.ddpm_agent][INFO] - Epoch 159: Mean test mse is 0.10242792538234166
[2026-07-20 07:26:13,891][agents.ddpm_agent][INFO] - New best test loss. Stored weights have been updated!
[2026-07-20 07:26:17,031][agents.ddpm_agent][INFO] - Epoch 169: Mean test mse is 0.10334655110325132
[2026-07-20 07:26:20,205][agents.ddpm_agent][INFO] - Epoch 179: Mean test mse is 0.0987378443990435
[2026-07-20 07:26:20,221][agents.ddpm_agent][INFO] - New best test loss. Stored weights have been updated!
[2026-07-20 07:26:23,418][agents.ddpm_agent][INFO] - Epoch 189: Mean test mse is 0.09999908293996539
[2026-07-20 07:26:26,585][agents.ddpm_agent][INFO] - Epoch 199: Mean test mse is 0.09670426802975791
[2026-07-20 07:26:26,601][agents.ddpm_agent][INFO] - New best test loss. Stored weights have been updated!
[2026-07-20 07:26:29,834][agents.ddpm_agent][INFO] - Epoch 209: Mean test mse is 0.09928422846964427
[2026-07-20 07:26:33,049][agents.ddpm_agent][INFO] - Epoch 219: Mean test mse is 0.10021843654768807
[2026-07-20 07:26:36,254][agents.ddpm_agent][INFO] - Epoch 229: Mean test mse is 0.09627415026937212
[2026-07-20 07:26:36,271][agents.ddpm_agent][INFO] - New best test loss. Stored weights have been updated!
[2026-07-20 07:26:39,415][agents.ddpm_agent][INFO] - Epoch 239: Mean test mse is 0.0938351931316512
[2026-07-20 07:26:39,431][agents.ddpm_agent][INFO] - New best test loss. Stored weights have been updated!
[2026-07-20 07:26:42,601][agents.ddpm_agent][INFO] - Epoch 249: Mean test mse is 0.09383780722107206
[2026-07-20 07:26:45,844][agents.ddpm_agent][INFO] - Epoch 259: Mean test mse is 0.08903625926801137
[2026-07-20 07:26:45,861][agents.ddpm_agent][INFO] - New best test loss. Stored weights have been updated!
[2026-07-20 07:26:48,936][agents.ddpm_agent][INFO] - Epoch 269: Mean test mse is 0.08648705163172313
[2026-07-20 07:26:48,952][agents.ddpm_agent][INFO] - New best test loss. Stored weights have been updated!
[2026-07-20 07:26:52,249][agents.ddpm_agent][INFO] - Epoch 279: Mean test mse is 0.09066763733114515
[2026-07-20 07:26:55,369][agents.ddpm_agent][INFO] - Epoch 289: Mean test mse is 0.08858205378055573
[2026-07-20 07:26:58,625][agents.ddpm_agent][INFO] - Epoch 299: Mean test mse is 0.08743579047066825
[2026-07-20 07:27:01,879][agents.ddpm_agent][INFO] - Epoch 309: Mean test mse is 0.08643154054880142
[2026-07-20 07:27:01,896][agents.ddpm_agent][INFO] - New best test loss. Stored weights have been updated!
[2026-07-20 07:27:05,103][agents.ddpm_agent][INFO] - Epoch 319: Mean test mse is 0.08471512475184031
[2026-07-20 07:27:05,120][agents.ddpm_agent][INFO] - New best test loss. Stored weights have been updated!
[2026-07-20 07:27:08,341][agents.ddpm_agent][INFO] - Epoch 329: Mean test mse is 0.08730022289923259
[2026-07-20 07:27:11,468][agents.ddpm_agent][INFO] - Epoch 339: Mean test mse is 0.08500868082046509
[2026-07-20 07:27:14,676][agents.ddpm_agent][INFO] - Epoch 349: Mean test mse is 0.08293183680091586
[2026-07-20 07:27:14,693][agents.ddpm_agent][INFO] - New best test loss. Stored weights have been updated!
[2026-07-20 07:27:17,920][agents.ddpm_agent][INFO] - Epoch 359: Mean test mse is 0.08125152226005282
[2026-07-20 07:27:17,936][agents.ddpm_agent][INFO] - New best test loss. Stored weights have been updated!
[2026-07-20 07:27:21,144][agents.ddpm_agent][INFO] - Epoch 369: Mean test mse is 0.08036578233752932
[2026-07-20 07:27:21,161][agents.ddpm_agent][INFO] - New best test loss. Stored weights have been updated!
[2026-07-20 07:27:24,387][agents.ddpm_agent][INFO] - Epoch 379: Mean test mse is 0.07977209346635002
[2026-07-20 07:27:24,404][agents.ddpm_agent][INFO] - New best test loss. Stored weights have been updated!
[2026-07-20 07:27:28,259][agents.ddpm_agent][INFO] - Epoch 389: Mean test mse is 0.07889800944498607
[2026-07-20 07:27:28,276][agents.ddpm_agent][INFO] - New best test loss. Stored weights have been updated!
[2026-07-20 07:27:31,532][agents.ddpm_agent][INFO] - Epoch 399: Mean test mse is 0.07947825959750585
[2026-07-20 07:27:34,710][agents.ddpm_agent][INFO] - Epoch 409: Mean test mse is 0.07900266242878777
[2026-07-20 07:27:37,920][agents.ddpm_agent][INFO] - Epoch 419: Mean test mse is 0.07997711960758482
[2026-07-20 07:27:41,130][agents.ddpm_agent][INFO] - Epoch 429: Mean test mse is 0.08253448988710131
[2026-07-20 07:27:44,400][agents.ddpm_agent][INFO] - Epoch 439: Mean test mse is 0.07825083817754473
[2026-07-20 07:27:44,417][agents.ddpm_agent][INFO] - New best test loss. Stored weights have been updated!
[2026-07-20 07:27:47,582][agents.ddpm_agent][INFO] - Epoch 449: Mean test mse is 0.07385588756629399
[2026-07-20 07:27:47,598][agents.ddpm_agent][INFO] - New best test loss. Stored weights have been updated!
[2026-07-20 07:27:50,873][agents.ddpm_agent][INFO] - Epoch 459: Mean test mse is 0.07486738158123833
[2026-07-20 07:27:54,067][agents.ddpm_agent][INFO] - Epoch 469: Mean test mse is 0.07406479226691383
[2026-07-20 07:27:57,216][agents.ddpm_agent][INFO] - Epoch 479: Mean test mse is 0.07581061869859695
[2026-07-20 07:28:00,354][agents.ddpm_agent][INFO] - Epoch 489: Mean test mse is 0.07777792428221021
[2026-07-20 07:28:03,564][agents.ddpm_agent][INFO] - Epoch 499: Mean test mse is 0.07638182916811534
[2026-07-20 07:28:06,724][agents.ddpm_agent][INFO] - Epoch 509: Mean test mse is 0.0763744403209005
[2026-07-20 07:28:09,914][agents.ddpm_agent][INFO] - Epoch 519: Mean test mse is 0.07317484595945903
[2026-07-20 07:28:09,941][agents.ddpm_agent][INFO] - New best test loss. Stored weights have been updated!
[2026-07-20 07:28:13,222][agents.ddpm_agent][INFO] - Epoch 529: Mean test mse is 0.07277119691882815
[2026-07-20 07:28:13,247][agents.ddpm_agent][INFO] - New best test loss. Stored weights have been updated!
[2026-07-20 07:28:16,610][agents.ddpm_agent][INFO] - Epoch 539: Mean test mse is 0.07131691596337728
[2026-07-20 07:28:16,627][agents.ddpm_agent][INFO] - New best test loss. Stored weights have been updated!
[2026-07-20 07:28:19,911][agents.ddpm_agent][INFO] - Epoch 549: Mean test mse is 0.0733626303928239
[2026-07-20 07:28:23,188][agents.ddpm_agent][INFO] - Epoch 559: Mean test mse is 0.0718571889613356
[2026-07-20 07:28:26,441][agents.ddpm_agent][INFO] - Epoch 569: Mean test mse is 0.0745092396225248
[2026-07-20 07:28:29,678][agents.ddpm_agent][INFO] - Epoch 579: Mean test mse is 0.07195635938218661
[2026-07-20 07:28:32,859][agents.ddpm_agent][INFO] - Epoch 589: Mean test mse is 0.07321419141122273
[2026-07-20 07:28:36,049][agents.ddpm_agent][INFO] - Epoch 599: Mean test mse is 0.07306463910000664
[2026-07-20 07:28:39,269][agents.ddpm_agent][INFO] - Epoch 609: Mean test mse is 0.07329854901347842
[2026-07-20 07:28:42,470][agents.ddpm_agent][INFO] - Epoch 619: Mean test mse is 0.06694791093468666
[2026-07-20 07:28:42,487][agents.ddpm_agent][INFO] - New best test loss. Stored weights have been updated!
[2026-07-20 07:28:45,759][agents.ddpm_agent][INFO] - Epoch 629: Mean test mse is 0.0704100142632212
[2026-07-20 07:28:48,931][agents.ddpm_agent][INFO] - Epoch 639: Mean test mse is 0.06433861702680588
[2026-07-20 07:28:48,948][agents.ddpm_agent][INFO] - New best test loss. Stored weights have been updated!
[2026-07-20 07:28:52,214][agents.ddpm_agent][INFO] - Epoch 649: Mean test mse is 0.06884085386991501
[2026-07-20 07:28:55,425][agents.ddpm_agent][INFO] - Epoch 659: Mean test mse is 0.0711990115897996
[2026-07-20 07:28:58,658][agents.ddpm_agent][INFO] - Epoch 669: Mean test mse is 0.06920526070254189
[2026-07-20 07:29:01,864][agents.ddpm_agent][INFO] - Epoch 679: Mean test mse is 0.07130782519068037
[2026-07-20 07:29:05,115][agents.ddpm_agent][INFO] - Epoch 689: Mean test mse is 0.0681549965270928
[2026-07-20 07:29:08,355][agents.ddpm_agent][INFO] - Epoch 699: Mean test mse is 0.06576747872999736
[2026-07-20 07:29:11,552][agents.ddpm_agent][INFO] - Epoch 709: Mean test mse is 0.06417422954525266
[2026-07-20 07:29:11,569][agents.ddpm_agent][INFO] - New best test loss. Stored weights have been updated!
[2026-07-20 07:29:14,816][agents.ddpm_agent][INFO] - Epoch 719: Mean test mse is 0.06788533447044236
[2026-07-20 07:29:18,740][agents.ddpm_agent][INFO] - Epoch 729: Mean test mse is 0.0643221198448113
[2026-07-20 07:29:21,996][agents.ddpm_agent][INFO] - Epoch 739: Mean test mse is 0.06402936258486339
[2026-07-20 07:29:22,013][agents.ddpm_agent][INFO] - New best test loss. Stored weights have been updated!
[2026-07-20 07:29:25,173][agents.ddpm_agent][INFO] - Epoch 749: Mean test mse is 0.06566739827394485
[2026-07-20 07:29:28,401][agents.ddpm_agent][INFO] - Epoch 759: Mean test mse is 0.06584300047584943
[2026-07-20 07:29:31,543][agents.ddpm_agent][INFO] - Epoch 769: Mean test mse is 0.0665646381676197
[2026-07-20 07:29:34,746][agents.ddpm_agent][INFO] - Epoch 779: Mean test mse is 0.06469274471913065
[2026-07-20 07:29:38,006][agents.ddpm_agent][INFO] - Epoch 789: Mean test mse is 0.06179068290761539
[2026-07-20 07:29:38,023][agents.ddpm_agent][INFO] - New best test loss. Stored weights have been updated!
[2026-07-20 07:29:41,193][agents.ddpm_agent][INFO] - Epoch 799: Mean test mse is 0.06261142502937998
[2026-07-20 07:29:44,379][agents.ddpm_agent][INFO] - Epoch 809: Mean test mse is 0.06524803915194102
[2026-07-20 07:29:47,622][agents.ddpm_agent][INFO] - Epoch 819: Mean test mse is 0.06377052622182029
[2026-07-20 07:29:50,707][agents.ddpm_agent][INFO] - Epoch 829: Mean test mse is 0.06041622960141727
[2026-07-20 07:29:50,724][agents.ddpm_agent][INFO] - New best test loss. Stored weights have been updated!
[2026-07-20 07:29:53,967][agents.ddpm_agent][INFO] - Epoch 839: Mean test mse is 0.06322516713823591
[2026-07-20 07:29:57,067][agents.ddpm_agent][INFO] - Epoch 849: Mean test mse is 0.06274275215608734
[2026-07-20 07:30:00,202][agents.ddpm_agent][INFO] - Epoch 859: Mean test mse is 0.06253229879907199
[2026-07-20 07:30:03,420][agents.ddpm_agent][INFO] - Epoch 869: Mean test mse is 0.06082516961864063
[2026-07-20 07:30:06,621][agents.ddpm_agent][INFO] - Epoch 879: Mean test mse is 0.06397072012935366
[2026-07-20 07:30:09,890][agents.ddpm_agent][INFO] - Epoch 889: Mean test mse is 0.06167714563863618
[2026-07-20 07:30:13,108][agents.ddpm_agent][INFO] - Epoch 899: Mean test mse is 0.0586294595684324
[2026-07-20 07:30:13,125][agents.ddpm_agent][INFO] - New best test loss. Stored weights have been updated!
[2026-07-20 07:30:16,335][agents.ddpm_agent][INFO] - Epoch 909: Mean test mse is 0.06228022437010493
[2026-07-20 07:30:19,532][agents.ddpm_agent][INFO] - Epoch 919: Mean test mse is 0.05751906707882881
[2026-07-20 07:30:19,548][agents.ddpm_agent][INFO] - New best test loss. Stored weights have been updated!
[2026-07-20 07:30:22,719][agents.ddpm_agent][INFO] - Epoch 929: Mean test mse is 0.06269488749759537
[2026-07-20 07:30:25,998][agents.ddpm_agent][INFO] - Epoch 939: Mean test mse is 0.06198076211980411
[2026-07-20 07:30:29,250][agents.ddpm_agent][INFO] - Epoch 949: Mean test mse is 0.06167581996747425
[2026-07-20 07:30:32,515][agents.ddpm_agent][INFO] - Epoch 959: Mean test mse is 0.061159923140491755
[2026-07-20 07:30:35,680][agents.ddpm_agent][INFO] - Epoch 969: Mean test mse is 0.058383406805140634
[2026-07-20 07:30:38,915][agents.ddpm_agent][INFO] - Epoch 979: Mean test mse is 0.06067660876682827
[2026-07-20 07:30:42,105][agents.ddpm_agent][INFO] - Epoch 989: Mean test mse is 0.05884040466376713
[2026-07-20 07:30:45,289][agents.ddpm_agent][INFO] - Epoch 999: Mean test mse is 0.05968191900423595
[2026-07-20 07:30:48,490][agents.ddpm_agent][INFO] - Epoch 1009: Mean test mse is 0.05943919398954937
[2026-07-20 07:30:51,699][agents.ddpm_agent][INFO] - Epoch 1019: Mean test mse is 0.05780989942806108
[2026-07-20 07:30:54,780][agents.ddpm_agent][INFO] - Epoch 1029: Mean test mse is 0.06002962642482349
[2026-07-20 07:30:58,034][agents.ddpm_agent][INFO] - Epoch 1039: Mean test mse is 0.05876749487859862
[2026-07-20 07:31:01,227][agents.ddpm_agent][INFO] - Epoch 1049: Mean test mse is 0.05862794976149287
[2026-07-20 07:31:04,469][agents.ddpm_agent][INFO] - Epoch 1059: Mean test mse is 0.058852583169937134
[2026-07-20 07:31:07,705][agents.ddpm_agent][INFO] - Epoch 1069: Mean test mse is 0.05770918354392052
[2026-07-20 07:31:10,896][agents.ddpm_agent][INFO] - Epoch 1079: Mean test mse is 0.05793093304548945
[2026-07-20 07:31:14,178][agents.ddpm_agent][INFO] - Epoch 1089: Mean test mse is 0.05994982644915581
[2026-07-20 07:31:17,457][agents.ddpm_agent][INFO] - Epoch 1099: Mean test mse is 0.05642298076833997
[2026-07-20 07:31:17,474][agents.ddpm_agent][INFO] - New best test loss. Stored weights have been updated!
[2026-07-20 07:31:20,660][agents.ddpm_agent][INFO] - Epoch 1109: Mean test mse is 0.056615284511021206
[2026-07-20 07:31:23,877][agents.ddpm_agent][INFO] - Epoch 1119: Mean test mse is 0.056302085518836975
[2026-07-20 07:31:23,894][agents.ddpm_agent][INFO] - New best test loss. Stored weights have been updated!
[2026-07-20 07:31:27,097][agents.ddpm_agent][INFO] - Epoch 1129: Mean test mse is 0.055606593510934284
[2026-07-20 07:31:27,114][agents.ddpm_agent][INFO] - New best test loss. Stored weights have been updated!
[2026-07-20 07:31:30,327][agents.ddpm_agent][INFO] - Epoch 1139: Mean test mse is 0.056324667164257596
[2026-07-20 07:31:33,557][agents.ddpm_agent][INFO] - Epoch 1149: Mean test mse is 0.05930442043713161
[2026-07-20 07:31:36,859][agents.ddpm_agent][INFO] - Epoch 1159: Mean test mse is 0.057036862309489934
[2026-07-20 07:31:40,127][agents.ddpm_agent][INFO] - Epoch 1169: Mean test mse is 0.0588721755359854
[2026-07-20 07:31:43,289][agents.ddpm_agent][INFO] - Epoch 1179: Mean test mse is 0.056068502366542816
[2026-07-20 07:31:46,449][agents.ddpm_agent][INFO] - Epoch 1189: Mean test mse is 0.05632716736623219
[2026-07-20 07:31:49,742][agents.ddpm_agent][INFO] - Epoch 1199: Mean test mse is 0.05713460275105068
[2026-07-20 07:31:52,893][agents.ddpm_agent][INFO] - Epoch 1209: Mean test mse is 0.05804994010499546
[2026-07-20 07:31:56,061][agents.ddpm_agent][INFO] - Epoch 1219: Mean test mse is 0.05252221918531826
[2026-07-20 07:31:56,078][agents.ddpm_agent][INFO] - New best test loss. Stored weights have been updated!
[2026-07-20 07:31:59,297][agents.ddpm_agent][INFO] - Epoch 1229: Mean test mse is 0.05514167355639594
[2026-07-20 07:32:02,509][agents.ddpm_agent][INFO] - Epoch 1239: Mean test mse is 0.053668297295059474
[2026-07-20 07:32:05,792][agents.ddpm_agent][INFO] - Epoch 1249: Mean test mse is 0.05640727441225733
[2026-07-20 07:32:09,022][agents.ddpm_agent][INFO] - Epoch 1259: Mean test mse is 0.054452543279954364
[2026-07-20 07:32:12,260][agents.ddpm_agent][INFO] - Epoch 1269: Mean test mse is 0.05501339478152139
[2026-07-20 07:32:15,482][agents.ddpm_agent][INFO] - Epoch 1279: Mean test mse is 0.05303512407200677
[2026-07-20 07:32:18,639][agents.ddpm_agent][INFO] - Epoch 1289: Mean test mse is 0.05569526553153992
[2026-07-20 07:32:21,872][agents.ddpm_agent][INFO] - Epoch 1299: Mean test mse is 0.056525868496724536
[2026-07-20 07:32:25,136][agents.ddpm_agent][INFO] - Epoch 1309: Mean test mse is 0.053566522896289825
[2026-07-20 07:32:28,444][agents.ddpm_agent][INFO] - Epoch 1319: Mean test mse is 0.05423108860850334
[2026-07-20 07:32:31,718][agents.ddpm_agent][INFO] - Epoch 1329: Mean test mse is 0.05281613926802363
[2026-07-20 07:32:34,960][agents.ddpm_agent][INFO] - Epoch 1339: Mean test mse is 0.054266748683793206
[2026-07-20 07:32:38,212][agents.ddpm_agent][INFO] - Epoch 1349: Mean test mse is 0.05479421413370541
[2026-07-20 07:32:41,444][agents.ddpm_agent][INFO] - Epoch 1359: Mean test mse is 0.052328478012766154
[2026-07-20 07:32:41,461][agents.ddpm_agent][INFO] - New best test loss. Stored weights have been updated!
[2026-07-20 07:32:44,658][agents.ddpm_agent][INFO] - Epoch 1369: Mean test mse is 0.05476184348974909
[2026-07-20 07:32:47,993][agents.ddpm_agent][INFO] - Epoch 1379: Mean test mse is 0.05353785306215286
[2026-07-20 07:32:51,212][agents.ddpm_agent][INFO] - Epoch 1389: Mean test mse is 0.05320545392377036
[2026-07-20 07:32:54,406][agents.ddpm_agent][INFO] - Epoch 1399: Mean test mse is 0.054930360721690316
[2026-07-20 07:32:57,615][agents.ddpm_agent][INFO] - Epoch 1409: Mean test mse is 0.051230443375451226
[2026-07-20 07:32:57,632][agents.ddpm_agent][INFO] - New best test loss. Stored weights have been updated!
[2026-07-20 07:33:00,799][agents.ddpm_agent][INFO] - Epoch 1419: Mean test mse is 0.05288795701095036
[2026-07-20 07:33:04,035][agents.ddpm_agent][INFO] - Epoch 1429: Mean test mse is 0.05217150119798524
[2026-07-20 07:33:07,232][agents.ddpm_agent][INFO] - Epoch 1439: Mean test mse is 0.054000326565333774
[2026-07-20 07:33:10,484][agents.ddpm_agent][INFO] - Epoch 1449: Mean test mse is 0.05167905028377261
[2026-07-20 07:33:13,704][agents.ddpm_agent][INFO] - Epoch 1459: Mean test mse is 0.05456951579877308
[2026-07-20 07:33:16,870][agents.ddpm_agent][INFO] - Epoch 1469: Mean test mse is 0.05446311831474304
[2026-07-20 07:33:20,035][agents.ddpm_agent][INFO] - Epoch 1479: Mean test mse is 0.052582582724945884
[2026-07-20 07:33:23,259][agents.ddpm_agent][INFO] - Epoch 1489: Mean test mse is 0.05319228555474963
[2026-07-20 07:33:26,408][agents.ddpm_agent][INFO] - Epoch 1499: Mean test mse is 0.05366948938795498
[2026-07-20 07:33:29,732][agents.ddpm_agent][INFO] - Epoch 1509: Mean test mse is 0.0532016892518316
[2026-07-20 07:33:32,947][agents.ddpm_agent][INFO] - Epoch 1519: Mean test mse is 0.05387786243643079
[2026-07-20 07:33:36,155][agents.ddpm_agent][INFO] - Epoch 1529: Mean test mse is 0.05217193226729121
[2026-07-20 07:33:39,436][agents.ddpm_agent][INFO] - Epoch 1539: Mean test mse is 0.052920913589852195
[2026-07-20 07:33:42,573][agents.ddpm_agent][INFO] - Epoch 1549: Mean test mse is 0.050179817846843174
[2026-07-20 07:33:42,590][agents.ddpm_agent][INFO] - New best test loss. Stored weights have been updated!
[2026-07-20 07:33:45,861][agents.ddpm_agent][INFO] - Epoch 1559: Mean test mse is 0.04803369300706046
[2026-07-20 07:33:45,877][agents.ddpm_agent][INFO] - New best test loss. Stored weights have been updated!
[2026-07-20 07:33:49,109][agents.ddpm_agent][INFO] - Epoch 1569: Mean test mse is 0.050156625253813605
[2026-07-20 07:33:52,343][agents.ddpm_agent][INFO] - Epoch 1579: Mean test mse is 0.049844065947192054
[2026-07-20 07:33:55,599][agents.ddpm_agent][INFO] - Epoch 1589: Mean test mse is 0.050589327833482196
[2026-07-20 07:33:58,827][agents.ddpm_agent][INFO] - Epoch 1599: Mean test mse is 0.051567405462265015
[2026-07-20 07:34:02,072][agents.ddpm_agent][INFO] - Epoch 1609: Mean test mse is 0.05075837831412043
[2026-07-20 07:34:05,214][agents.ddpm_agent][INFO] - Epoch 1619: Mean test mse is 0.0509736319737775
[2026-07-20 07:34:08,374][agents.ddpm_agent][INFO] - Epoch 1629: Mean test mse is 0.0511179119348526
[2026-07-20 07:34:11,605][agents.ddpm_agent][INFO] - Epoch 1639: Mean test mse is 0.05160147749951908
[2026-07-20 07:34:14,812][agents.ddpm_agent][INFO] - Epoch 1649: Mean test mse is 0.050732239548649104
[2026-07-20 07:34:18,058][agents.ddpm_agent][INFO] - Epoch 1659: Mean test mse is 0.05190400726028851
[2026-07-20 07:34:21,293][agents.ddpm_agent][INFO] - Epoch 1669: Mean test mse is 0.04871135151812008
[2026-07-20 07:34:24,489][agents.ddpm_agent][INFO] - Epoch 1679: Mean test mse is 0.04922881882105555
[2026-07-20 07:34:27,783][agents.ddpm_agent][INFO] - Epoch 1689: Mean test mse is 0.0489154862506049
[2026-07-20 07:34:30,937][agents.ddpm_agent][INFO] - Epoch 1699: Mean test mse is 0.04952590007867132
[2026-07-20 07:34:34,135][agents.ddpm_agent][INFO] - Epoch 1709: Mean test mse is 0.04909362910049302
[2026-07-20 07:34:37,414][agents.ddpm_agent][INFO] - Epoch 1719: Mean test mse is 0.048153020441532135
[2026-07-20 07:34:40,599][agents.ddpm_agent][INFO] - Epoch 1729: Mean test mse is 0.04899877469454493
[2026-07-20 07:34:43,843][agents.ddpm_agent][INFO] - Epoch 1739: Mean test mse is 0.04888696755681719
[2026-07-20 07:34:47,023][agents.ddpm_agent][INFO] - Epoch 1749: Mean test mse is 0.05032021339450564
[2026-07-20 07:34:50,242][agents.ddpm_agent][INFO] - Epoch 1759: Mean test mse is 0.049299544521740506
[2026-07-20 07:34:53,491][agents.ddpm_agent][INFO] - Epoch 1769: Mean test mse is 0.04857582811798368
[2026-07-20 07:34:56,684][agents.ddpm_agent][INFO] - Epoch 1779: Mean test mse is 0.04718882856624467
[2026-07-20 07:34:56,701][agents.ddpm_agent][INFO] - New best test loss. Stored weights have been updated!
[2026-07-20 07:35:00,153][agents.ddpm_agent][INFO] - Epoch 1789: Mean test mse is 0.047611151954957416
[2026-07-20 07:35:04,043][agents.ddpm_agent][INFO] - Epoch 1799: Mean test mse is 0.04865123597638948
[2026-07-20 07:35:07,170][agents.ddpm_agent][INFO] - Epoch 1809: Mean test mse is 0.049091759004763195
[2026-07-20 07:35:10,380][agents.ddpm_agent][INFO] - Epoch 1819: Mean test mse is 0.048697058111429214
[2026-07-20 07:35:13,550][agents.ddpm_agent][INFO] - Epoch 1829: Mean test mse is 0.04953233205846378
[2026-07-20 07:35:17,594][agents.ddpm_agent][INFO] - Epoch 1839: Mean test mse is 0.04847859963774681
[2026-07-20 07:35:20,776][agents.ddpm_agent][INFO] - Epoch 1849: Mean test mse is 0.04764501005411148
[2026-07-20 07:35:24,746][agents.ddpm_agent][INFO] - Epoch 1859: Mean test mse is 0.04738456383347511
[2026-07-20 07:35:29,049][agents.ddpm_agent][INFO] - Epoch 1869: Mean test mse is 0.047302977847201486
[2026-07-20 07:35:32,163][agents.ddpm_agent][INFO] - Epoch 1879: Mean test mse is 0.046375355018036704
[2026-07-20 07:35:32,180][agents.ddpm_agent][INFO] - New best test loss. Stored weights have been updated!
[2026-07-20 07:35:35,454][agents.ddpm_agent][INFO] - Epoch 1889: Mean test mse is 0.04696746543049812
[2026-07-20 07:35:38,962][agents.ddpm_agent][INFO] - Epoch 1899: Mean test mse is 0.04636923064078603
[2026-07-20 07:35:38,979][agents.ddpm_agent][INFO] - New best test loss. Stored weights have been updated!
[2026-07-20 07:35:43,417][agents.ddpm_agent][INFO] - Epoch 1909: Mean test mse is 0.04844703312431063
[2026-07-20 07:35:46,673][agents.ddpm_agent][INFO] - Epoch 1919: Mean test mse is 0.04666523688605854
[2026-07-20 07:35:51,327][agents.ddpm_agent][INFO] - Epoch 1929: Mean test mse is 0.04638479117836271
[2026-07-20 07:35:56,050][agents.ddpm_agent][INFO] - Epoch 1939: Mean test mse is 0.048130307878766744
[2026-07-20 07:35:59,348][agents.ddpm_agent][INFO] - Epoch 1949: Mean test mse is 0.04859540984034538
[2026-07-20 07:36:02,586][agents.ddpm_agent][INFO] - Epoch 1959: Mean test mse is 0.046081876648323875
[2026-07-20 07:36:02,603][agents.ddpm_agent][INFO] - New best test loss. Stored weights have been updated!
[2026-07-20 07:36:06,674][agents.ddpm_agent][INFO] - Epoch 1969: Mean test mse is 0.04814833030104637
[2026-07-20 07:36:11,343][agents.ddpm_agent][INFO] - Epoch 1979: Mean test mse is 0.049841350742748806
[2026-07-20 07:36:15,265][agents.ddpm_agent][INFO] - Epoch 1989: Mean test mse is 0.04621239219393049
[2026-07-20 07:36:20,040][agents.ddpm_agent][INFO] - Epoch 1999: Mean test mse is 0.046570872089692524
[2026-07-20 07:36:24,728][agents.ddpm_agent][INFO] - Epoch 2009: Mean test mse is 0.04745212835924966
[2026-07-20 07:36:28,343][agents.ddpm_agent][INFO] - Epoch 2019: Mean test mse is 0.0451115428337029
[2026-07-20 07:36:28,359][agents.ddpm_agent][INFO] - New best test loss. Stored weights have been updated!
[2026-07-20 07:36:31,676][agents.ddpm_agent][INFO] - Epoch 2029: Mean test mse is 0.04658132844737598
[2026-07-20 07:36:36,271][agents.ddpm_agent][INFO] - Epoch 2039: Mean test mse is 0.045506271932806285
[2026-07-20 07:36:40,866][agents.ddpm_agent][INFO] - Epoch 2049: Mean test mse is 0.04741070738860539
[2026-07-20 07:36:45,521][agents.ddpm_agent][INFO] - Epoch 2059: Mean test mse is 0.04603666812181473
[2026-07-20 07:36:50,192][agents.ddpm_agent][INFO] - Epoch 2069: Mean test mse is 0.04436620165194784
[2026-07-20 07:36:50,209][agents.ddpm_agent][INFO] - New best test loss. Stored weights have been updated!
[2026-07-20 07:36:54,969][agents.ddpm_agent][INFO] - Epoch 2079: Mean test mse is 0.04465724208525249
[2026-07-20 07:36:59,100][agents.ddpm_agent][INFO] - Epoch 2089: Mean test mse is 0.044068082102707455
[2026-07-20 07:36:59,117][agents.ddpm_agent][INFO] - New best test loss. Stored weights have been updated!
[2026-07-20 07:37:03,062][agents.ddpm_agent][INFO] - Epoch 2099: Mean test mse is 0.044664468084062846
[2026-07-20 07:37:07,795][agents.ddpm_agent][INFO] - Epoch 2109: Mean test mse is 0.046153580503804345
[2026-07-20 07:37:12,593][agents.ddpm_agent][INFO] - Epoch 2119: Mean test mse is 0.04415840549128396
[2026-07-20 07:37:17,360][agents.ddpm_agent][INFO] - Epoch 2129: Mean test mse is 0.04523195592420442
[2026-07-20 07:37:22,080][agents.ddpm_agent][INFO] - Epoch 2139: Mean test mse is 0.04585523637277739
[2026-07-20 07:37:27,417][agents.ddpm_agent][INFO] - Epoch 2149: Mean test mse is 0.04651101465736117
[2026-07-20 07:37:32,388][agents.ddpm_agent][INFO] - Epoch 2159: Mean test mse is 0.04447737602250917
[2026-07-20 07:37:35,693][agents.ddpm_agent][INFO] - Epoch 2169: Mean test mse is 0.04587330562727792
[2026-07-20 07:37:38,949][agents.ddpm_agent][INFO] - Epoch 2179: Mean test mse is 0.04503574275544712
[2026-07-20 07:37:42,228][agents.ddpm_agent][INFO] - Epoch 2189: Mean test mse is 0.04448506981134415
[2026-07-20 07:37:45,423][agents.ddpm_agent][INFO] - Epoch 2199: Mean test mse is 0.04512784257531166
[2026-07-20 07:37:48,668][agents.ddpm_agent][INFO] - Epoch 2209: Mean test mse is 0.04378565400838852
[2026-07-20 07:37:48,685][agents.ddpm_agent][INFO] - New best test loss. Stored weights have been updated!
[2026-07-20 07:37:51,875][agents.ddpm_agent][INFO] - Epoch 2219: Mean test mse is 0.047385383397340775
[2026-07-20 07:37:55,112][agents.ddpm_agent][INFO] - Epoch 2229: Mean test mse is 0.04400685855320522
[2026-07-20 07:37:58,359][agents.ddpm_agent][INFO] - Epoch 2239: Mean test mse is 0.04597913527062961
[2026-07-20 07:38:01,579][agents.ddpm_agent][INFO] - Epoch 2249: Mean test mse is 0.04479798089180674
[2026-07-20 07:38:04,797][agents.ddpm_agent][INFO] - Epoch 2259: Mean test mse is 0.044574543833732605
[2026-07-20 07:38:07,987][agents.ddpm_agent][INFO] - Epoch 2269: Mean test mse is 0.042960966272013526
[2026-07-20 07:38:08,004][agents.ddpm_agent][INFO] - New best test loss. Stored weights have been updated!
[2026-07-20 07:38:11,234][agents.ddpm_agent][INFO] - Epoch 2279: Mean test mse is 0.04364241340330669
[2026-07-20 07:38:14,476][agents.ddpm_agent][INFO] - Epoch 2289: Mean test mse is 0.04758895933628082
[2026-07-20 07:38:17,739][agents.ddpm_agent][INFO] - Epoch 2299: Mean test mse is 0.04259228440267699
[2026-07-20 07:38:17,755][agents.ddpm_agent][INFO] - New best test loss. Stored weights have been updated!
[2026-07-20 07:38:20,962][agents.ddpm_agent][INFO] - Epoch 2309: Mean test mse is 0.042901355241026194
[2026-07-20 07:38:24,168][agents.ddpm_agent][INFO] - Epoch 2319: Mean test mse is 0.04598704459411757
[2026-07-20 07:38:27,351][agents.ddpm_agent][INFO] - Epoch 2329: Mean test mse is 0.04354132765105793
[2026-07-20 07:38:30,543][agents.ddpm_agent][INFO] - Epoch 2339: Mean test mse is 0.04440866942916598
[2026-07-20 07:38:33,778][agents.ddpm_agent][INFO] - Epoch 2349: Mean test mse is 0.041425181818859916
[2026-07-20 07:38:33,795][agents.ddpm_agent][INFO] - New best test loss. Stored weights have been updated!
[2026-07-20 07:38:36,994][agents.ddpm_agent][INFO] - Epoch 2359: Mean test mse is 0.043143940823418755
[2026-07-20 07:38:40,279][agents.ddpm_agent][INFO] - Epoch 2369: Mean test mse is 0.04493505986673491
[2026-07-20 07:38:43,480][agents.ddpm_agent][INFO] - Epoch 2379: Mean test mse is 0.04452832468918392
[2026-07-20 07:38:46,710][agents.ddpm_agent][INFO] - Epoch 2389: Mean test mse is 0.0439457723072597
[2026-07-20 07:38:49,902][agents.ddpm_agent][INFO] - Epoch 2399: Mean test mse is 0.04254065454006195
[2026-07-20 07:38:53,151][agents.ddpm_agent][INFO] - Epoch 2409: Mean test mse is 0.04561306057231767
[2026-07-20 07:38:56,390][agents.ddpm_agent][INFO] - Epoch 2419: Mean test mse is 0.04302865479673658
[2026-07-20 07:38:59,563][agents.ddpm_agent][INFO] - Epoch 2429: Mean test mse is 0.043882710060903
[2026-07-20 07:39:02,751][agents.ddpm_agent][INFO] - Epoch 2439: Mean test mse is 0.04478608763643673
[2026-07-20 07:39:05,939][agents.ddpm_agent][INFO] - Epoch 2449: Mean test mse is 0.041430379663194926
[2026-07-20 07:39:09,143][agents.ddpm_agent][INFO] - Epoch 2459: Mean test mse is 0.044311484055859704
[2026-07-20 07:39:12,418][agents.ddpm_agent][INFO] - Epoch 2469: Mean test mse is 0.044707712318216054
[2026-07-20 07:39:15,601][agents.ddpm_agent][INFO] - Epoch 2479: Mean test mse is 0.04378762096166611
[2026-07-20 07:39:18,851][agents.ddpm_agent][INFO] - Epoch 2489: Mean test mse is 0.04232573402779443
[2026-07-20 07:39:22,035][agents.ddpm_agent][INFO] - Epoch 2499: Mean test mse is 0.044246028044394085
[2026-07-20 07:39:25,203][agents.ddpm_agent][INFO] - Epoch 2509: Mean test mse is 0.04114158345120294
[2026-07-20 07:39:25,220][agents.ddpm_agent][INFO] - New best test loss. Stored weights have been updated!
[2026-07-20 07:39:28,453][agents.ddpm_agent][INFO] - Epoch 2519: Mean test mse is 0.042060441204479763
[2026-07-20 07:39:31,596][agents.ddpm_agent][INFO] - Epoch 2529: Mean test mse is 0.04178677712168012
[2026-07-20 07:39:34,846][agents.ddpm_agent][INFO] - Epoch 2539: Mean test mse is 0.04544903231518609
[2026-07-20 07:39:38,103][agents.ddpm_agent][INFO] - Epoch 2549: Mean test mse is 0.041256598596061976
[2026-07-20 07:39:41,256][agents.ddpm_agent][INFO] - Epoch 2559: Mean test mse is 0.04336632043123245
[2026-07-20 07:39:44,475][agents.ddpm_agent][INFO] - Epoch 2569: Mean test mse is 0.04306672886013985
[2026-07-20 07:39:47,653][agents.ddpm_agent][INFO] - Epoch 2579: Mean test mse is 0.041674497936453135
[2026-07-20 07:39:50,828][agents.ddpm_agent][INFO] - Epoch 2589: Mean test mse is 0.0410086235829762
[2026-07-20 07:39:50,845][agents.ddpm_agent][INFO] - New best test loss. Stored weights have been updated!
[2026-07-20 07:39:54,062][agents.ddpm_agent][INFO] - Epoch 2599: Mean test mse is 0.041674522416932244
[2026-07-20 07:39:57,183][agents.ddpm_agent][INFO] - Epoch 2609: Mean test mse is 0.04397833240883691
[2026-07-20 07:40:00,418][agents.ddpm_agent][INFO] - Epoch 2619: Mean test mse is 0.04092748995338168
[2026-07-20 07:40:00,435][agents.ddpm_agent][INFO] - New best test loss. Stored weights have been updated!
[2026-07-20 07:40:03,618][agents.ddpm_agent][INFO] - Epoch 2629: Mean test mse is 0.04092235437461308
[2026-07-20 07:40:03,634][agents.ddpm_agent][INFO] - New best test loss. Stored weights have been updated!
[2026-07-20 07:40:06,810][agents.ddpm_agent][INFO] - Epoch 2639: Mean test mse is 0.043861492936100276
[2026-07-20 07:40:10,021][agents.ddpm_agent][INFO] - Epoch 2649: Mean test mse is 0.04157535785010883
[2026-07-20 07:40:13,206][agents.ddpm_agent][INFO] - Epoch 2659: Mean test mse is 0.04090659799320357
[2026-07-20 07:40:13,224][agents.ddpm_agent][INFO] - New best test loss. Stored weights have been updated!
[2026-07-20 07:40:16,454][agents.ddpm_agent][INFO] - Epoch 2669: Mean test mse is 0.04261211891259466
[2026-07-20 07:40:19,675][agents.ddpm_agent][INFO] - Epoch 2679: Mean test mse is 0.042192263794796805
[2026-07-20 07:40:22,857][agents.ddpm_agent][INFO] - Epoch 2689: Mean test mse is 0.04063965539847102
[2026-07-20 07:40:22,874][agents.ddpm_agent][INFO] - New best test loss. Stored weights have been updated!
[2026-07-20 07:40:26,199][agents.ddpm_agent][INFO] - Epoch 2699: Mean test mse is 0.03949052414723805
[2026-07-20 07:40:26,215][agents.ddpm_agent][INFO] - New best test loss. Stored weights have been updated!
[2026-07-20 07:40:29,432][agents.ddpm_agent][INFO] - Epoch 2709: Mean test mse is 0.04240464525563376
[2026-07-20 07:40:32,692][agents.ddpm_agent][INFO] - Epoch 2719: Mean test mse is 0.04095495172909328
[2026-07-20 07:40:35,880][agents.ddpm_agent][INFO] - Epoch 2729: Mean test mse is 0.03970028193933623
[2026-07-20 07:40:39,115][agents.ddpm_agent][INFO] - Epoch 2739: Mean test mse is 0.0411056929400989
[2026-07-20 07:40:42,311][agents.ddpm_agent][INFO] - Epoch 2749: Mean test mse is 0.03950753648366247
[2026-07-20 07:40:45,475][agents.ddpm_agent][INFO] - Epoch 2759: Mean test mse is 0.04126270062157086
[2026-07-20 07:40:48,748][agents.ddpm_agent][INFO] - Epoch 2769: Mean test mse is 0.041204042200531275
[2026-07-20 07:40:51,946][agents.ddpm_agent][INFO] - Epoch 2779: Mean test mse is 0.04166571849158832
[2026-07-20 07:40:55,156][agents.ddpm_agent][INFO] - Epoch 2789: Mean test mse is 0.03984224743076733
[2026-07-20 07:40:58,400][agents.ddpm_agent][INFO] - Epoch 2799: Mean test mse is 0.03994747570582798
[2026-07-20 07:41:01,566][agents.ddpm_agent][INFO] - Epoch 2809: Mean test mse is 0.04031958005258015
[2026-07-20 07:41:04,774][agents.ddpm_agent][INFO] - Epoch 2819: Mean test mse is 0.04120206886104175
[2026-07-20 07:41:07,930][agents.ddpm_agent][INFO] - Epoch 2829: Mean test mse is 0.03767422293978078
[2026-07-20 07:41:07,947][agents.ddpm_agent][INFO] - New best test loss. Stored weights have been updated!
[2026-07-20 07:41:11,161][agents.ddpm_agent][INFO] - Epoch 2839: Mean test mse is 0.03974386304616928
[2026-07-20 07:41:14,437][agents.ddpm_agent][INFO] - Epoch 2849: Mean test mse is 0.04097290337085724
[2026-07-20 07:41:17,641][agents.ddpm_agent][INFO] - Epoch 2859: Mean test mse is 0.03859214963657515
[2026-07-20 07:41:20,868][agents.ddpm_agent][INFO] - Epoch 2869: Mean test mse is 0.03720239337001528
[2026-07-20 07:41:20,885][agents.ddpm_agent][INFO] - New best test loss. Stored weights have been updated!
[2026-07-20 07:41:24,105][agents.ddpm_agent][INFO] - Epoch 2879: Mean test mse is 0.03980226388999394
[2026-07-20 07:41:27,390][agents.ddpm_agent][INFO] - Epoch 2889: Mean test mse is 0.03763921931385994
[2026-07-20 07:41:30,590][agents.ddpm_agent][INFO] - Epoch 2899: Mean test mse is 0.03777537228805678
[2026-07-20 07:41:33,784][agents.ddpm_agent][INFO] - Epoch 2909: Mean test mse is 0.03853085424218859
[2026-07-20 07:41:36,945][agents.ddpm_agent][INFO] - Epoch 2919: Mean test mse is 0.03891852817365101
[2026-07-20 07:41:40,158][agents.ddpm_agent][INFO] - Epoch 2929: Mean test mse is 0.038639112774814875
[2026-07-20 07:41:43,363][agents.ddpm_agent][INFO] - Epoch 2939: Mean test mse is 0.03942062120352473
[2026-07-20 07:41:46,534][agents.ddpm_agent][INFO] - Epoch 2949: Mean test mse is 0.040147866521562846
[2026-07-20 07:41:49,777][agents.ddpm_agent][INFO] - Epoch 2959: Mean test mse is 0.03769521202359881
[2026-07-20 07:41:52,972][agents.ddpm_agent][INFO] - Epoch 2969: Mean test mse is 0.03960731625556946
[2026-07-20 07:41:56,280][agents.ddpm_agent][INFO] - Epoch 2979: Mean test mse is 0.03950222262314388
[2026-07-20 07:41:59,481][agents.ddpm_agent][INFO] - Epoch 2989: Mean test mse is 0.03771036198096616
[2026-07-20 07:42:02,676][agents.ddpm_agent][INFO] - Epoch 2999: Mean test mse is 0.038666748840894015
[2026-07-20 07:42:05,996][agents.ddpm_agent][INFO] - Epoch 3009: Mean test mse is 0.037568651139736176
[2026-07-20 07:42:09,172][agents.ddpm_agent][INFO] - Epoch 3019: Mean test mse is 0.039595089852809906
[2026-07-20 07:42:12,414][agents.ddpm_agent][INFO] - Epoch 3029: Mean test mse is 0.039448823247637065
[2026-07-20 07:42:15,587][agents.ddpm_agent][INFO] - Epoch 3039: Mean test mse is 0.03896716716034072
[2026-07-20 07:42:18,719][agents.ddpm_agent][INFO] - Epoch 3049: Mean test mse is 0.039056522505623956
[2026-07-20 07:42:21,932][agents.ddpm_agent][INFO] - Epoch 3059: Mean test mse is 0.03782953854118075
[2026-07-20 07:42:25,094][agents.ddpm_agent][INFO] - Epoch 3069: Mean test mse is 0.03991622743862016
[2026-07-20 07:42:28,324][agents.ddpm_agent][INFO] - Epoch 3079: Mean test mse is 0.03983992923583303
[2026-07-20 07:42:31,589][agents.ddpm_agent][INFO] - Epoch 3089: Mean test mse is 0.03693907814366477
[2026-07-20 07:42:31,606][agents.ddpm_agent][INFO] - New best test loss. Stored weights have been updated!
[2026-07-20 07:42:34,784][agents.ddpm_agent][INFO] - Epoch 3099: Mean test mse is 0.03917550827775683
[2026-07-20 07:42:37,952][agents.ddpm_agent][INFO] - Epoch 3109: Mean test mse is 0.03749192426247256
[2026-07-20 07:42:41,158][agents.ddpm_agent][INFO] - Epoch 3119: Mean test mse is 0.03936305482472692
[2026-07-20 07:42:44,343][agents.ddpm_agent][INFO] - Epoch 3129: Mean test mse is 0.03807080537080765
[2026-07-20 07:42:47,491][agents.ddpm_agent][INFO] - Epoch 3139: Mean test mse is 0.03773463384381363
[2026-07-20 07:42:50,802][agents.ddpm_agent][INFO] - Epoch 3149: Mean test mse is 0.03859574826700347
[2026-07-20 07:42:53,985][agents.ddpm_agent][INFO] - Epoch 3159: Mean test mse is 0.038845762078251155
[2026-07-20 07:42:57,213][agents.ddpm_agent][INFO] - Epoch 3169: Mean test mse is 0.03857259399124554
[2026-07-20 07:43:00,360][agents.ddpm_agent][INFO] - Epoch 3179: Mean test mse is 0.03853956716401236
[2026-07-20 07:43:03,565][agents.ddpm_agent][INFO] - Epoch 3189: Mean test mse is 0.03817195338862283
[2026-07-20 07:43:06,791][agents.ddpm_agent][INFO] - Epoch 3199: Mean test mse is 0.0374387904469456
[2026-07-20 07:43:10,008][agents.ddpm_agent][INFO] - Epoch 3209: Mean test mse is 0.03740751477224486
[2026-07-20 07:43:13,252][agents.ddpm_agent][INFO] - Epoch 3219: Mean test mse is 0.03860355115362576
[2026-07-20 07:43:16,446][agents.ddpm_agent][INFO] - Epoch 3229: Mean test mse is 0.03948916361800262
[2026-07-20 07:43:19,702][agents.ddpm_agent][INFO] - Epoch 3239: Mean test mse is 0.03973844540970666
[2026-07-20 07:43:22,878][agents.ddpm_agent][INFO] - Epoch 3249: Mean test mse is 0.03625764697790146
[2026-07-20 07:43:22,914][agents.ddpm_agent][INFO] - New best test loss. Stored weights have been updated!
[2026-07-20 07:43:26,188][agents.ddpm_agent][INFO] - Epoch 3259: Mean test mse is 0.038150173744985034
[2026-07-20 07:43:29,395][agents.ddpm_agent][INFO] - Epoch 3269: Mean test mse is 0.036958671041897366
[2026-07-20 07:43:32,553][agents.ddpm_agent][INFO] - Epoch 3279: Mean test mse is 0.03748332815510886
[2026-07-20 07:43:35,803][agents.ddpm_agent][INFO] - Epoch 3289: Mean test mse is 0.03700216008084161
[2026-07-20 07:43:38,986][agents.ddpm_agent][INFO] - Epoch 3299: Mean test mse is 0.03546149815831866
[2026-07-20 07:43:39,003][agents.ddpm_agent][INFO] - New best test loss. Stored weights have been updated!
[2026-07-20 07:43:42,251][agents.ddpm_agent][INFO] - Epoch 3309: Mean test mse is 0.03931965891804014
[2026-07-20 07:43:45,460][agents.ddpm_agent][INFO] - Epoch 3319: Mean test mse is 0.03760368935763836
[2026-07-20 07:43:48,835][agents.ddpm_agent][INFO] - Epoch 3329: Mean test mse is 0.0377848536840507
[2026-07-20 07:43:52,103][agents.ddpm_agent][INFO] - Epoch 3339: Mean test mse is 0.037886933024440496
[2026-07-20 07:43:55,323][agents.ddpm_agent][INFO] - Epoch 3349: Mean test mse is 0.036142137965985706
[2026-07-20 07:43:58,586][agents.ddpm_agent][INFO] - Epoch 3359: Mean test mse is 0.035558316324438365
[2026-07-20 07:44:01,820][agents.ddpm_agent][INFO] - Epoch 3369: Mean test mse is 0.03484246587114675
[2026-07-20 07:44:01,840][agents.ddpm_agent][INFO] - New best test loss. Stored weights have been updated!
[2026-07-20 07:44:05,123][agents.ddpm_agent][INFO] - Epoch 3379: Mean test mse is 0.03674931824207306
[2026-07-20 07:44:08,393][agents.ddpm_agent][INFO] - Epoch 3389: Mean test mse is 0.03742490868483271
[2026-07-20 07:44:11,634][agents.ddpm_agent][INFO] - Epoch 3399: Mean test mse is 0.035905652812549045
[2026-07-20 07:44:14,856][agents.ddpm_agent][INFO] - Epoch 3409: Mean test mse is 0.036172324525458474
[2026-07-20 07:44:18,054][agents.ddpm_agent][INFO] - Epoch 3419: Mean test mse is 0.03694247294749532
[2026-07-20 07:44:21,236][agents.ddpm_agent][INFO] - Epoch 3429: Mean test mse is 0.036665964871644974
[2026-07-20 07:44:24,493][agents.ddpm_agent][INFO] - Epoch 3439: Mean test mse is 0.03433724546006748
[2026-07-20 07:44:24,510][agents.ddpm_agent][INFO] - New best test loss. Stored weights have been updated!
[2026-07-20 07:44:27,684][agents.ddpm_agent][INFO] - Epoch 3449: Mean test mse is 0.03657888142125947
[2026-07-20 07:44:30,884][agents.ddpm_agent][INFO] - Epoch 3459: Mean test mse is 0.039118971675634384
[2026-07-20 07:44:34,089][agents.ddpm_agent][INFO] - Epoch 3469: Mean test mse is 0.03369539896292346
[2026-07-20 07:44:34,106][agents.ddpm_agent][INFO] - New best test loss. Stored weights have been updated!
[2026-07-20 07:44:37,311][agents.ddpm_agent][INFO] - Epoch 3479: Mean test mse is 0.036452519574335644
[2026-07-20 07:44:40,504][agents.ddpm_agent][INFO] - Epoch 3489: Mean test mse is 0.03626030417425292
[2026-07-20 07:44:43,781][agents.ddpm_agent][INFO] - Epoch 3499: Mean test mse is 0.03656028902956417
[2026-07-20 07:44:46,955][agents.ddpm_agent][INFO] - Epoch 3509: Mean test mse is 0.03643465414643288
[2026-07-20 07:44:50,120][agents.ddpm_agent][INFO] - Epoch 3519: Mean test mse is 0.03576721543712275
[2026-07-20 07:44:53,323][agents.ddpm_agent][INFO] - Epoch 3529: Mean test mse is 0.0358194104794945
[2026-07-20 07:44:56,511][agents.ddpm_agent][INFO] - Epoch 3539: Mean test mse is 0.033940959189619334
[2026-07-20 07:44:59,725][agents.ddpm_agent][INFO] - Epoch 3549: Mean test mse is 0.035362805372902324
[2026-07-20 07:45:02,993][agents.ddpm_agent][INFO] - Epoch 3559: Mean test mse is 0.03461665154567787
[2026-07-20 07:45:06,194][agents.ddpm_agent][INFO] - Epoch 3569: Mean test mse is 0.03392208367586136
[2026-07-20 07:45:09,443][agents.ddpm_agent][INFO] - Epoch 3579: Mean test mse is 0.033681654770459445
[2026-07-20 07:45:09,460][agents.ddpm_agent][INFO] - New best test loss. Stored weights have been updated!
[2026-07-20 07:45:12,641][agents.ddpm_agent][INFO] - Epoch 3589: Mean test mse is 0.03668206823723657
[2026-07-20 07:45:15,849][agents.ddpm_agent][INFO] - Epoch 3599: Mean test mse is 0.035554890387824604
[2026-07-20 07:45:19,037][agents.ddpm_agent][INFO] - Epoch 3609: Mean test mse is 0.03383183319653783
[2026-07-20 07:45:22,226][agents.ddpm_agent][INFO] - Epoch 3619: Mean test mse is 0.035355856109942706
[2026-07-20 07:45:25,418][agents.ddpm_agent][INFO] - Epoch 3629: Mean test mse is 0.03432682848402432
[2026-07-20 07:45:28,590][agents.ddpm_agent][INFO] - Epoch 3639: Mean test mse is 0.03422634410006659
[2026-07-20 07:45:31,808][agents.ddpm_agent][INFO] - Epoch 3649: Mean test mse is 0.035473787891013284
[2026-07-20 07:45:35,109][agents.ddpm_agent][INFO] - Epoch 3659: Mean test mse is 0.03589153076921191
[2026-07-20 07:45:38,332][agents.ddpm_agent][INFO] - Epoch 3669: Mean test mse is 0.035719932190009525
[2026-07-20 07:45:41,608][agents.ddpm_agent][INFO] - Epoch 3679: Mean test mse is 0.03378275090030262
[2026-07-20 07:45:44,849][agents.ddpm_agent][INFO] - Epoch 3689: Mean test mse is 0.03597976293947015
[2026-07-20 07:45:47,988][agents.ddpm_agent][INFO] - Epoch 3699: Mean test mse is 0.03471782909972327
[2026-07-20 07:45:51,159][agents.ddpm_agent][INFO] - Epoch 3709: Mean test mse is 0.034180451716695516
[2026-07-20 07:45:54,302][agents.ddpm_agent][INFO] - Epoch 3719: Mean test mse is 0.034516758152416775
[2026-07-20 07:45:57,571][agents.ddpm_agent][INFO] - Epoch 3729: Mean test mse is 0.0344954931310245
[2026-07-20 07:46:00,830][agents.ddpm_agent][INFO] - Epoch 3739: Mean test mse is 0.034043937655431886
[2026-07-20 07:46:04,058][agents.ddpm_agent][INFO] - Epoch 3749: Mean test mse is 0.03458351854767118
[2026-07-20 07:46:07,282][agents.ddpm_agent][INFO] - Epoch 3759: Mean test mse is 0.03368905293090003
[2026-07-20 07:46:10,461][agents.ddpm_agent][INFO] - Epoch 3769: Mean test mse is 0.03278731820838792
[2026-07-20 07:46:10,477][agents.ddpm_agent][INFO] - New best test loss. Stored weights have been updated!
[2026-07-20 07:46:13,724][agents.ddpm_agent][INFO] - Epoch 3779: Mean test mse is 0.03428760676511696
[2026-07-20 07:46:16,926][agents.ddpm_agent][INFO] - Epoch 3789: Mean test mse is 0.03526689564543111
[2026-07-20 07:46:20,136][agents.ddpm_agent][INFO] - Epoch 3799: Mean test mse is 0.03375620394945145
[2026-07-20 07:46:23,373][agents.ddpm_agent][INFO] - Epoch 3809: Mean test mse is 0.032678530152354925
[2026-07-20 07:46:23,390][agents.ddpm_agent][INFO] - New best test loss. Stored weights have been updated!
[2026-07-20 07:46:26,556][agents.ddpm_agent][INFO] - Epoch 3819: Mean test mse is 0.0341956482401916
[2026-07-20 07:46:29,785][agents.ddpm_agent][INFO] - Epoch 3829: Mean test mse is 0.03429417019443853
[2026-07-20 07:46:32,964][agents.ddpm_agent][INFO] - Epoch 3839: Mean test mse is 0.03548995192561831
[2026-07-20 07:46:36,282][agents.ddpm_agent][INFO] - Epoch 3849: Mean test mse is 0.0344810818455049
[2026-07-20 07:46:39,485][agents.ddpm_agent][INFO] - Epoch 3859: Mean test mse is 0.03493490389415196
[2026-07-20 07:46:42,674][agents.ddpm_agent][INFO] - Epoch 3869: Mean test mse is 0.03440607152879238
[2026-07-20 07:46:45,851][agents.ddpm_agent][INFO] - Epoch 3879: Mean test mse is 0.034091731001223834
[2026-07-20 07:46:49,027][agents.ddpm_agent][INFO] - Epoch 3889: Mean test mse is 0.033732637763023376
[2026-07-20 07:46:52,240][agents.ddpm_agent][INFO] - Epoch 3899: Mean test mse is 0.03338445510183062
[2026-07-20 07:46:55,443][agents.ddpm_agent][INFO] - Epoch 3909: Mean test mse is 0.032278833644730706
[2026-07-20 07:46:55,460][agents.ddpm_agent][INFO] - New best test loss. Stored weights have been updated!
[2026-07-20 07:46:58,689][agents.ddpm_agent][INFO] - Epoch 3919: Mean test mse is 0.03239667734929493
[2026-07-20 07:47:01,884][agents.ddpm_agent][INFO] - Epoch 3929: Mean test mse is 0.033620745475803106
[2026-07-20 07:47:05,057][agents.ddpm_agent][INFO] - Epoch 3939: Mean test mse is 0.033424623044473786
[2026-07-20 07:47:08,292][agents.ddpm_agent][INFO] - Epoch 3949: Mean test mse is 0.033572644527469366
[2026-07-20 07:47:11,540][agents.ddpm_agent][INFO] - Epoch 3959: Mean test mse is 0.03232620736317975
[2026-07-20 07:47:14,826][agents.ddpm_agent][INFO] - Epoch 3969: Mean test mse is 0.03320832204605852
[2026-07-20 07:47:17,998][agents.ddpm_agent][INFO] - Epoch 3979: Mean test mse is 0.03597630347524371
[2026-07-20 07:47:21,327][agents.ddpm_agent][INFO] - Epoch 3989: Mean test mse is 0.03356014298541205
[2026-07-20 07:47:24,561][agents.ddpm_agent][INFO] - Epoch 3999: Mean test mse is 0.03226959519088268
[2026-07-20 07:47:24,577][agents.ddpm_agent][INFO] - New best test loss. Stored weights have been updated!
[2026-07-20 07:47:27,713][agents.ddpm_agent][INFO] - Epoch 4009: Mean test mse is 0.034636620698230605
[2026-07-20 07:47:30,878][agents.ddpm_agent][INFO] - Epoch 4019: Mean test mse is 0.03317469970456192
[2026-07-20 07:47:34,144][agents.ddpm_agent][INFO] - Epoch 4029: Mean test mse is 0.032979769366128106
[2026-07-20 07:47:37,378][agents.ddpm_agent][INFO] - Epoch 4039: Mean test mse is 0.034199029473321776
[2026-07-20 07:47:40,556][agents.ddpm_agent][INFO] - Epoch 4049: Mean test mse is 0.0324886151190315
[2026-07-20 07:47:43,715][agents.ddpm_agent][INFO] - Epoch 4059: Mean test mse is 0.03257534546511514
[2026-07-20 07:47:46,972][agents.ddpm_agent][INFO] - Epoch 4069: Mean test mse is 0.031418640964797566
[2026-07-20 07:47:46,989][agents.ddpm_agent][INFO] - New best test loss. Stored weights have been updated!
[2026-07-20 07:47:50,121][agents.ddpm_agent][INFO] - Epoch 4079: Mean test mse is 0.03249120871935572
[2026-07-20 07:47:53,422][agents.ddpm_agent][INFO] - Epoch 4089: Mean test mse is 0.033268757962754796
[2026-07-20 07:47:56,561][agents.ddpm_agent][INFO] - Epoch 4099: Mean test mse is 0.030374094045587947
[2026-07-20 07:47:56,580][agents.ddpm_agent][INFO] - New best test loss. Stored weights have been updated!
[2026-07-20 07:47:59,897][agents.ddpm_agent][INFO] - Epoch 4109: Mean test mse is 0.030836728268436024
[2026-07-20 07:48:03,124][agents.ddpm_agent][INFO] - Epoch 4119: Mean test mse is 0.03082357080919402
[2026-07-20 07:48:06,271][agents.ddpm_agent][INFO] - Epoch 4129: Mean test mse is 0.035203584868993075
[2026-07-20 07:48:09,534][agents.ddpm_agent][INFO] - Epoch 4139: Mean test mse is 0.03302133801792349
[2026-07-20 07:48:12,646][agents.ddpm_agent][INFO] - Epoch 4149: Mean test mse is 0.03189175735626902
[2026-07-20 07:48:15,864][agents.ddpm_agent][INFO] - Epoch 4159: Mean test mse is 0.03212459545050349
[2026-07-20 07:48:19,129][agents.ddpm_agent][INFO] - Epoch 4169: Mean test mse is 0.031237542629241943
[2026-07-20 07:48:22,268][agents.ddpm_agent][INFO] - Epoch 4179: Mean test mse is 0.031715444954378266
[2026-07-20 07:48:25,383][agents.ddpm_agent][INFO] - Epoch 4189: Mean test mse is 0.034187132492661476
[2026-07-20 07:48:28,527][agents.ddpm_agent][INFO] - Epoch 4199: Mean test mse is 0.031450943489159854
[2026-07-20 07:48:31,787][agents.ddpm_agent][INFO] - Epoch 4209: Mean test mse is 0.03152865969708988
[2026-07-20 07:48:35,010][agents.ddpm_agent][INFO] - Epoch 4219: Mean test mse is 0.032285514952881
[2026-07-20 07:48:38,182][agents.ddpm_agent][INFO] - Epoch 4229: Mean test mse is 0.0325086164687361
[2026-07-20 07:48:41,406][agents.ddpm_agent][INFO] - Epoch 4239: Mean test mse is 0.03094486945441791
[2026-07-20 07:48:44,503][agents.ddpm_agent][INFO] - Epoch 4249: Mean test mse is 0.030836920386978557
[2026-07-20 07:48:47,692][agents.ddpm_agent][INFO] - Epoch 4259: Mean test mse is 0.03133837053818362
[2026-07-20 07:48:50,839][agents.ddpm_agent][INFO] - Epoch 4269: Mean test mse is 0.0313663264470441
[2026-07-20 07:48:54,062][agents.ddpm_agent][INFO] - Epoch 4279: Mean test mse is 0.03149325294154031
[2026-07-20 07:48:57,196][agents.ddpm_agent][INFO] - Epoch 4289: Mean test mse is 0.030283540221197263
[2026-07-20 07:48:57,212][agents.ddpm_agent][INFO] - New best test loss. Stored weights have been updated!
[2026-07-20 07:49:00,472][agents.ddpm_agent][INFO] - Epoch 4299: Mean test mse is 0.03092080168426037
[2026-07-20 07:49:03,696][agents.ddpm_agent][INFO] - Epoch 4309: Mean test mse is 0.03131036886147091
[2026-07-20 07:49:06,877][agents.ddpm_agent][INFO] - Epoch 4319: Mean test mse is 0.030521210016948835
[2026-07-20 07:49:10,123][agents.ddpm_agent][INFO] - Epoch 4329: Mean test mse is 0.031801577391369004
[2026-07-20 07:49:13,326][agents.ddpm_agent][INFO] - Epoch 4339: Mean test mse is 0.030868233846766607
[2026-07-20 07:49:16,525][agents.ddpm_agent][INFO] - Epoch 4349: Mean test mse is 0.03098375935639654
[2026-07-20 07:49:19,744][agents.ddpm_agent][INFO] - Epoch 4359: Mean test mse is 0.0334744317723172
[2026-07-20 07:49:22,892][agents.ddpm_agent][INFO] - Epoch 4369: Mean test mse is 0.032653208555919785
[2026-07-20 07:49:26,170][agents.ddpm_agent][INFO] - Epoch 4379: Mean test mse is 0.030530655490500585
[2026-07-20 07:49:29,332][agents.ddpm_agent][INFO] - Epoch 4389: Mean test mse is 0.029514838276164874
[2026-07-20 07:49:29,349][agents.ddpm_agent][INFO] - New best test loss. Stored weights have been updated!
[2026-07-20 07:49:32,624][agents.ddpm_agent][INFO] - Epoch 4399: Mean test mse is 0.030619551560708454
[2026-07-20 07:49:35,781][agents.ddpm_agent][INFO] - Epoch 4409: Mean test mse is 0.029397773955549513
[2026-07-20 07:49:35,798][agents.ddpm_agent][INFO] - New best test loss. Stored weights have been updated!
[2026-07-20 07:49:39,116][agents.ddpm_agent][INFO] - Epoch 4419: Mean test mse is 0.03133854775556496
[2026-07-20 07:49:42,401][agents.ddpm_agent][INFO] - Epoch 4429: Mean test mse is 0.032143146597913334
[2026-07-20 07:49:45,531][agents.ddpm_agent][INFO] - Epoch 4439: Mean test mse is 0.030335470235773494
[2026-07-20 07:49:48,759][agents.ddpm_agent][INFO] - Epoch 4449: Mean test mse is 0.03186218626797199
[2026-07-20 07:49:51,909][agents.ddpm_agent][INFO] - Epoch 4459: Mean test mse is 0.028206532022782733
[2026-07-20 07:49:51,925][agents.ddpm_agent][INFO] - New best test loss. Stored weights have been updated!
[2026-07-20 07:49:55,222][agents.ddpm_agent][INFO] - Epoch 4469: Mean test mse is 0.030770633103592054
[2026-07-20 07:49:58,428][agents.ddpm_agent][INFO] - Epoch 4479: Mean test mse is 0.03151366700019155
[2026-07-20 07:50:01,592][agents.ddpm_agent][INFO] - Epoch 4489: Mean test mse is 0.030669278864349638
[2026-07-20 07:50:04,871][agents.ddpm_agent][INFO] - Epoch 4499: Mean test mse is 0.03072084566312177
[2026-07-20 07:50:08,109][agents.ddpm_agent][INFO] - Epoch 4509: Mean test mse is 0.03009014523455075
[2026-07-20 07:50:11,296][agents.ddpm_agent][INFO] - Epoch 4519: Mean test mse is 0.03021524819944586
[2026-07-20 07:50:14,481][agents.ddpm_agent][INFO] - Epoch 4529: Mean test mse is 0.03294789258922849
[2026-07-20 07:50:17,649][agents.ddpm_agent][INFO] - Epoch 4539: Mean test mse is 0.03200091740914753
[2026-07-20 07:50:20,797][agents.ddpm_agent][INFO] - Epoch 4549: Mean test mse is 0.03116333032292979
[2026-07-20 07:50:24,028][agents.ddpm_agent][INFO] - Epoch 4559: Mean test mse is 0.0299724212714604
[2026-07-20 07:50:27,268][agents.ddpm_agent][INFO] - Epoch 4569: Mean test mse is 0.030651036916034564
[2026-07-20 07:50:30,476][agents.ddpm_agent][INFO] - Epoch 4579: Mean test mse is 0.029233061841556003
[2026-07-20 07:50:33,689][agents.ddpm_agent][INFO] - Epoch 4589: Mean test mse is 0.029841223465544835
[2026-07-20 07:50:36,919][agents.ddpm_agent][INFO] - Epoch 4599: Mean test mse is 0.03063602958406721
[2026-07-20 07:50:40,189][agents.ddpm_agent][INFO] - Epoch 4609: Mean test mse is 0.030310067481228282
[2026-07-20 07:50:43,430][agents.ddpm_agent][INFO] - Epoch 4619: Mean test mse is 0.028423424011894634
[2026-07-20 07:50:46,611][agents.ddpm_agent][INFO] - Epoch 4629: Mean test mse is 0.02943589085979121
[2026-07-20 07:50:49,834][agents.ddpm_agent][INFO] - Epoch 4639: Mean test mse is 0.03201709873974323
[2026-07-20 07:50:53,058][agents.ddpm_agent][INFO] - Epoch 4649: Mean test mse is 0.030115590297750065
[2026-07-20 07:50:56,200][agents.ddpm_agent][INFO] - Epoch 4659: Mean test mse is 0.029393437717642103
[2026-07-20 07:50:59,360][agents.ddpm_agent][INFO] - Epoch 4669: Mean test mse is 0.032257632219365666
[2026-07-20 07:51:02,602][agents.ddpm_agent][INFO] - Epoch 4679: Mean test mse is 0.02845179688717638
[2026-07-20 07:51:05,761][agents.ddpm_agent][INFO] - Epoch 4689: Mean test mse is 0.029740855896047184
[2026-07-20 07:51:08,948][agents.ddpm_agent][INFO] - Epoch 4699: Mean test mse is 0.029888050896780833
[2026-07-20 07:51:12,064][agents.ddpm_agent][INFO] - Epoch 4709: Mean test mse is 0.029361266642808914
[2026-07-20 07:51:15,545][agents.ddpm_agent][INFO] - Epoch 4719: Mean test mse is 0.029103900705065047
[2026-07-20 07:51:18,744][agents.ddpm_agent][INFO] - Epoch 4729: Mean test mse is 0.028094140014478138
[2026-07-20 07:51:18,761][agents.ddpm_agent][INFO] - New best test loss. Stored weights have been updated!
[2026-07-20 07:51:23,222][agents.ddpm_agent][INFO] - Epoch 4739: Mean test mse is 0.027920021808573177
[2026-07-20 07:51:23,239][agents.ddpm_agent][INFO] - New best test loss. Stored weights have been updated!
[2026-07-20 07:51:27,406][agents.ddpm_agent][INFO] - Epoch 4749: Mean test mse is 0.02892924499298845
[2026-07-20 07:51:30,596][agents.ddpm_agent][INFO] - Epoch 4759: Mean test mse is 0.029951638941253935
[2026-07-20 07:51:33,801][agents.ddpm_agent][INFO] - Epoch 4769: Mean test mse is 0.030157078323619708
[2026-07-20 07:51:36,913][agents.ddpm_agent][INFO] - Epoch 4779: Mean test mse is 0.028304755421621457
[2026-07-20 07:51:40,096][agents.ddpm_agent][INFO] - Epoch 4789: Mean test mse is 0.030318643099495342
[2026-07-20 07:51:43,218][agents.ddpm_agent][INFO] - Epoch 4799: Mean test mse is 0.02946529590657779
[2026-07-20 07:51:46,332][agents.ddpm_agent][INFO] - Epoch 4809: Mean test mse is 0.030833476090005467
[2026-07-20 07:51:49,512][agents.ddpm_agent][INFO] - Epoch 4819: Mean test mse is 0.0284119684781347
[2026-07-20 07:51:52,697][agents.ddpm_agent][INFO] - Epoch 4829: Mean test mse is 0.029160877157534872
[2026-07-20 07:51:55,953][agents.ddpm_agent][INFO] - Epoch 4839: Mean test mse is 0.029139463922807148
[2026-07-20 07:51:59,208][agents.ddpm_agent][INFO] - Epoch 4849: Mean test mse is 0.0302842129021883
[2026-07-20 07:52:02,410][agents.ddpm_agent][INFO] - Epoch 4859: Mean test mse is 0.030924062111548016
[2026-07-20 07:52:05,589][agents.ddpm_agent][INFO] - Epoch 4869: Mean test mse is 0.02961930925292628
[2026-07-20 07:52:08,762][agents.ddpm_agent][INFO] - Epoch 4879: Mean test mse is 0.02986268193594047
[2026-07-20 07:52:11,930][agents.ddpm_agent][INFO] - Epoch 4889: Mean test mse is 0.03098668796675546
[2026-07-20 07:52:15,077][agents.ddpm_agent][INFO] - Epoch 4899: Mean test mse is 0.02810980778719698
[2026-07-20 07:52:18,354][agents.ddpm_agent][INFO] - Epoch 4909: Mean test mse is 0.029062142595648766
[2026-07-20 07:52:21,586][agents.ddpm_agent][INFO] - Epoch 4919: Mean test mse is 0.03123424867434161
[2026-07-20 07:52:24,785][agents.ddpm_agent][INFO] - Epoch 4929: Mean test mse is 0.030119804931538447
[2026-07-20 07:52:27,939][agents.ddpm_agent][INFO] - Epoch 4939: Mean test mse is 0.03036152757704258
[2026-07-20 07:52:31,068][agents.ddpm_agent][INFO] - Epoch 4949: Mean test mse is 0.028069802692958286
[2026-07-20 07:52:34,231][agents.ddpm_agent][INFO] - Epoch 4959: Mean test mse is 0.028533772698470523
[2026-07-20 07:52:37,416][agents.ddpm_agent][INFO] - Epoch 4969: Mean test mse is 0.028005286252924373
[2026-07-20 07:52:40,689][agents.ddpm_agent][INFO] - Epoch 4979: Mean test mse is 0.028936986412320818
[2026-07-20 07:52:43,899][agents.ddpm_agent][INFO] - Epoch 4989: Mean test mse is 0.028751092297690257
[2026-07-20 07:52:47,205][agents.ddpm_agent][INFO] - Epoch 4999: Mean test mse is 0.030321144365838597
[2026-07-20 07:52:50,404][agents.ddpm_agent][INFO] - Epoch 5009: Mean test mse is 0.027854186349681447
[2026-07-20 07:52:50,421][agents.ddpm_agent][INFO] - New best test loss. Stored weights have been updated!
[2026-07-20 07:52:53,727][agents.ddpm_agent][INFO] - Epoch 5019: Mean test mse is 0.027898401288049563
[2026-07-20 07:52:56,838][agents.ddpm_agent][INFO] - Epoch 5029: Mean test mse is 0.02895771525800228
[2026-07-20 07:53:00,081][agents.ddpm_agent][INFO] - Epoch 5039: Mean test mse is 0.026940346030252322
[2026-07-20 07:53:00,098][agents.ddpm_agent][INFO] - New best test loss. Stored weights have been updated!
[2026-07-20 07:53:03,275][agents.ddpm_agent][INFO] - Epoch 5049: Mean test mse is 0.027748221265418187
[2026-07-20 07:53:06,607][agents.ddpm_agent][INFO] - Epoch 5059: Mean test mse is 0.029714526076401983
[2026-07-20 07:53:09,838][agents.ddpm_agent][INFO] - Epoch 5069: Mean test mse is 0.0284359228930303
[2026-07-20 07:53:13,043][agents.ddpm_agent][INFO] - Epoch 5079: Mean test mse is 0.026510486379265785
[2026-07-20 07:53:13,122][agents.ddpm_agent][INFO] - New best test loss. Stored weights have been updated!
[2026-07-20 07:53:16,344][agents.ddpm_agent][INFO] - Epoch 5089: Mean test mse is 0.029734161283288683
[2026-07-20 07:53:19,545][agents.ddpm_agent][INFO] - Epoch 5099: Mean test mse is 0.02828569763473102
[2026-07-20 07:53:22,798][agents.ddpm_agent][INFO] - Epoch 5109: Mean test mse is 0.028366457670927048
[2026-07-20 07:53:26,058][agents.ddpm_agent][INFO] - Epoch 5119: Mean test mse is 0.028371069580316544
[2026-07-20 07:53:29,339][agents.ddpm_agent][INFO] - Epoch 5129: Mean test mse is 0.028225217812827656
[2026-07-20 07:53:32,483][agents.ddpm_agent][INFO] - Epoch 5139: Mean test mse is 0.02844692686838763
[2026-07-20 07:53:35,692][agents.ddpm_agent][INFO] - Epoch 5149: Mean test mse is 0.028246578627399037
[2026-07-20 07:53:38,804][agents.ddpm_agent][INFO] - Epoch 5159: Mean test mse is 0.027552907222083638
[2026-07-20 07:53:42,051][agents.ddpm_agent][INFO] - Epoch 5169: Mean test mse is 0.030073539220861027
[2026-07-20 07:53:45,224][agents.ddpm_agent][INFO] - Epoch 5179: Mean test mse is 0.027546800140823637
[2026-07-20 07:53:48,342][agents.ddpm_agent][INFO] - Epoch 5189: Mean test mse is 0.029183037845151766
[2026-07-20 07:53:51,636][agents.ddpm_agent][INFO] - Epoch 5199: Mean test mse is 0.027656504618270055
[2026-07-20 07:53:54,843][agents.ddpm_agent][INFO] - Epoch 5209: Mean test mse is 0.02896655537188053
[2026-07-20 07:53:58,093][agents.ddpm_agent][INFO] - Epoch 5219: Mean test mse is 0.027520992926188877
[2026-07-20 07:54:01,269][agents.ddpm_agent][INFO] - Epoch 5229: Mean test mse is 0.028239754161664417
[2026-07-20 07:54:04,487][agents.ddpm_agent][INFO] - Epoch 5239: Mean test mse is 0.030183263921311924
[2026-07-20 07:54:07,751][agents.ddpm_agent][INFO] - Epoch 5249: Mean test mse is 0.027798487139599665
[2026-07-20 07:54:10,913][agents.ddpm_agent][INFO] - Epoch 5259: Mean test mse is 0.02790276812655585
[2026-07-20 07:54:14,157][agents.ddpm_agent][INFO] - Epoch 5269: Mean test mse is 0.02853968819337232
[2026-07-20 07:54:17,424][agents.ddpm_agent][INFO] - Epoch 5279: Mean test mse is 0.02747936174273491
[2026-07-20 07:54:20,669][agents.ddpm_agent][INFO] - Epoch 5289: Mean test mse is 0.028570867542709624
[2026-07-20 07:54:23,848][agents.ddpm_agent][INFO] - Epoch 5299: Mean test mse is 0.026446272752114704
[2026-07-20 07:54:23,865][agents.ddpm_agent][INFO] - New best test loss. Stored weights have been updated!
[2026-07-20 07:54:27,091][agents.ddpm_agent][INFO] - Epoch 5309: Mean test mse is 0.028292648760335787
[2026-07-20 07:54:30,300][agents.ddpm_agent][INFO] - Epoch 5319: Mean test mse is 0.027246672127928053
[2026-07-20 07:54:33,446][agents.ddpm_agent][INFO] - Epoch 5329: Mean test mse is 0.02760945712881429
[2026-07-20 07:54:36,669][agents.ddpm_agent][INFO] - Epoch 5339: Mean test mse is 0.026407625526189804
[2026-07-20 07:54:36,685][agents.ddpm_agent][INFO] - New best test loss. Stored weights have been updated!
[2026-07-20 07:54:39,829][agents.ddpm_agent][INFO] - Epoch 5349: Mean test mse is 0.02820283839745181
[2026-07-20 07:54:43,095][agents.ddpm_agent][INFO] - Epoch 5359: Mean test mse is 0.02622993982263974
[2026-07-20 07:54:43,111][agents.ddpm_agent][INFO] - New best test loss. Stored weights have been updated!
[2026-07-20 07:54:46,340][agents.ddpm_agent][INFO] - Epoch 5369: Mean test mse is 0.028817308002284596
[2026-07-20 07:54:49,623][agents.ddpm_agent][INFO] - Epoch 5379: Mean test mse is 0.028045792132616043
[2026-07-20 07:54:52,734][agents.ddpm_agent][INFO] - Epoch 5389: Mean test mse is 0.02407048057232584
[2026-07-20 07:54:52,750][agents.ddpm_agent][INFO] - New best test loss. Stored weights have been updated!
[2026-07-20 07:54:55,989][agents.ddpm_agent][INFO] - Epoch 5399: Mean test mse is 0.027289666767631258
[2026-07-20 07:54:59,173][agents.ddpm_agent][INFO] - Epoch 5409: Mean test mse is 0.027592876659972326
[2026-07-20 07:55:02,391][agents.ddpm_agent][INFO] - Epoch 5419: Mean test mse is 0.027120412726487433
[2026-07-20 07:55:05,576][agents.ddpm_agent][INFO] - Epoch 5429: Mean test mse is 0.02650082084749426
[2026-07-20 07:55:08,813][agents.ddpm_agent][INFO] - Epoch 5439: Mean test mse is 0.028505422973207066
[2026-07-20 07:55:12,053][agents.ddpm_agent][INFO] - Epoch 5449: Mean test mse is 0.026374454210911478
[2026-07-20 07:55:15,230][agents.ddpm_agent][INFO] - Epoch 5459: Mean test mse is 0.02826303775821413
[2026-07-20 07:55:18,484][agents.ddpm_agent][INFO] - Epoch 5469: Mean test mse is 0.0271736133311476
[2026-07-20 07:55:21,694][agents.ddpm_agent][INFO] - Epoch 5479: Mean test mse is 0.026439812566552843
[2026-07-20 07:55:24,878][agents.ddpm_agent][INFO] - Epoch 5489: Mean test mse is 0.02659203005688531
[2026-07-20 07:55:28,042][agents.ddpm_agent][INFO] - Epoch 5499: Mean test mse is 0.027654508128762245
[2026-07-20 07:55:31,262][agents.ddpm_agent][INFO] - Epoch 5509: Mean test mse is 0.02741948195866176
[2026-07-20 07:55:34,525][agents.ddpm_agent][INFO] - Epoch 5519: Mean test mse is 0.02580455078610352
[2026-07-20 07:55:37,686][agents.ddpm_agent][INFO] - Epoch 5529: Mean test mse is 0.027256941156727926
[2026-07-20 07:55:41,028][agents.ddpm_agent][INFO] - Epoch 5539: Mean test mse is 0.02790574383522783
[2026-07-20 07:55:44,246][agents.ddpm_agent][INFO] - Epoch 5549: Mean test mse is 0.02679766049342496
[2026-07-20 07:55:47,526][agents.ddpm_agent][INFO] - Epoch 5559: Mean test mse is 0.02651772860969816
[2026-07-20 07:55:50,746][agents.ddpm_agent][INFO] - Epoch 5569: Mean test mse is 0.02804613166621753
[2026-07-20 07:55:53,943][agents.ddpm_agent][INFO] - Epoch 5579: Mean test mse is 0.028339963938508714
[2026-07-20 07:55:57,139][agents.ddpm_agent][INFO] - Epoch 5589: Mean test mse is 0.026392338265265738
[2026-07-20 07:56:00,348][agents.ddpm_agent][INFO] - Epoch 5599: Mean test mse is 0.027406563184091022
[2026-07-20 07:56:03,542][agents.ddpm_agent][INFO] - Epoch 5609: Mean test mse is 0.02641874152634825
[2026-07-20 07:56:06,810][agents.ddpm_agent][INFO] - Epoch 5619: Mean test mse is 0.025185822642275264
[2026-07-20 07:56:09,993][agents.ddpm_agent][INFO] - Epoch 5629: Mean test mse is 0.02612189602638994
[2026-07-20 07:56:13,263][agents.ddpm_agent][INFO] - Epoch 5639: Mean test mse is 0.026297654158302715
[2026-07-20 07:56:16,485][agents.ddpm_agent][INFO] - Epoch 5649: Mean test mse is 0.026973551405327662
[2026-07-20 07:56:19,666][agents.ddpm_agent][INFO] - Epoch 5659: Mean test mse is 0.025686750720654215
[2026-07-20 07:56:22,945][agents.ddpm_agent][INFO] - Epoch 5669: Mean test mse is 0.0270182163055454
[2026-07-20 07:56:26,051][agents.ddpm_agent][INFO] - Epoch 5679: Mean test mse is 0.026715675634997233
[2026-07-20 07:56:29,238][agents.ddpm_agent][INFO] - Epoch 5689: Mean test mse is 0.027094974581684386
[2026-07-20 07:56:32,418][agents.ddpm_agent][INFO] - Epoch 5699: Mean test mse is 0.02711486683360168
[2026-07-20 07:56:35,640][agents.ddpm_agent][INFO] - Epoch 5709: Mean test mse is 0.026404348335095813
[2026-07-20 07:56:38,898][agents.ddpm_agent][INFO] - Epoch 5719: Mean test mse is 0.026044742337294986
[2026-07-20 07:56:42,035][agents.ddpm_agent][INFO] - Epoch 5729: Mean test mse is 0.02671880567712443
[2026-07-20 07:56:45,233][agents.ddpm_agent][INFO] - Epoch 5739: Mean test mse is 0.024371033534407616
[2026-07-20 07:56:48,917][agents.ddpm_agent][INFO] - Epoch 5749: Mean test mse is 0.02599701870765005
[2026-07-20 07:56:51,995][agents.ddpm_agent][INFO] - Epoch 5759: Mean test mse is 0.026191358587571552
[2026-07-20 07:56:55,140][agents.ddpm_agent][INFO] - Epoch 5769: Mean test mse is 0.025690718687006404
[2026-07-20 07:56:58,365][agents.ddpm_agent][INFO] - Epoch 5779: Mean test mse is 0.0255371020840747
[2026-07-20 07:57:01,533][agents.ddpm_agent][INFO] - Epoch 5789: Mean test mse is 0.02538732545716422
[2026-07-20 07:57:04,773][agents.ddpm_agent][INFO] - Epoch 5799: Mean test mse is 0.026965568640402386
[2026-07-20 07:57:07,897][agents.ddpm_agent][INFO] - Epoch 5809: Mean test mse is 0.025636077193277224
[2026-07-20 07:57:11,137][agents.ddpm_agent][INFO] - Epoch 5819: Mean test mse is 0.026913220062851906
[2026-07-20 07:57:14,308][agents.ddpm_agent][INFO] - Epoch 5829: Mean test mse is 0.026685916685632298
[2026-07-20 07:57:17,540][agents.ddpm_agent][INFO] - Epoch 5839: Mean test mse is 0.02673034369945526
[2026-07-20 07:57:20,682][agents.ddpm_agent][INFO] - Epoch 5849: Mean test mse is 0.025654947385191917
[2026-07-20 07:57:23,843][agents.ddpm_agent][INFO] - Epoch 5859: Mean test mse is 0.02697735945028918
[2026-07-20 07:57:26,982][agents.ddpm_agent][INFO] - Epoch 5869: Mean test mse is 0.024759470618196895
[2026-07-20 07:57:30,118][agents.ddpm_agent][INFO] - Epoch 5879: Mean test mse is 0.026257446301834925
[2026-07-20 07:57:33,341][agents.ddpm_agent][INFO] - Epoch 5889: Mean test mse is 0.026233358308672905
[2026-07-20 07:57:36,515][agents.ddpm_agent][INFO] - Epoch 5899: Mean test mse is 0.025580929858343943
[2026-07-20 07:57:39,692][agents.ddpm_agent][INFO] - Epoch 5909: Mean test mse is 0.027082943756665503
[2026-07-20 07:57:42,904][agents.ddpm_agent][INFO] - Epoch 5919: Mean test mse is 0.025899331218429973
[2026-07-20 07:57:46,188][agents.ddpm_agent][INFO] - Epoch 5929: Mean test mse is 0.02592885121703148
[2026-07-20 07:57:49,304][agents.ddpm_agent][INFO] - Epoch 5939: Mean test mse is 0.024745517277291844
[2026-07-20 07:57:52,326][agents.ddpm_agent][INFO] - Epoch 5949: Mean test mse is 0.024838263701115335
[2026-07-20 07:57:55,529][agents.ddpm_agent][INFO] - Epoch 5959: Mean test mse is 0.025126044771500995
[2026-07-20 07:57:58,652][agents.ddpm_agent][INFO] - Epoch 5969: Mean test mse is 0.02610578733895506
[2026-07-20 07:58:01,907][agents.ddpm_agent][INFO] - Epoch 5979: Mean test mse is 0.025742249031152045
[2026-07-20 07:58:05,144][agents.ddpm_agent][INFO] - Epoch 5989: Mean test mse is 0.024462558595197543
[2026-07-20 07:58:08,458][agents.ddpm_agent][INFO] - Epoch 5999: Mean test mse is 0.025684413367084095
[2026-07-20 07:58:11,707][agents.ddpm_agent][INFO] - Epoch 6009: Mean test mse is 0.025344436456050192
[2026-07-20 07:58:14,900][agents.ddpm_agent][INFO] - Epoch 6019: Mean test mse is 0.02607074592794691
[2026-07-20 07:58:18,173][agents.ddpm_agent][INFO] - Epoch 6029: Mean test mse is 0.02501604306910719
[2026-07-20 07:58:21,346][agents.ddpm_agent][INFO] - Epoch 6039: Mean test mse is 0.02638792379626206
[2026-07-20 07:58:24,680][agents.ddpm_agent][INFO] - Epoch 6049: Mean test mse is 0.024755689980728284
[2026-07-20 07:58:27,984][agents.ddpm_agent][INFO] - Epoch 6059: Mean test mse is 0.025572958269289563
[2026-07-20 07:58:31,176][agents.ddpm_agent][INFO] - Epoch 6069: Mean test mse is 0.02463238367012569
[2026-07-20 07:58:34,494][agents.ddpm_agent][INFO] - Epoch 6079: Mean test mse is 0.026268585452011654
[2026-07-20 07:58:37,828][agents.ddpm_agent][INFO] - Epoch 6089: Mean test mse is 0.02656817516045911
[2026-07-20 07:58:41,033][agents.ddpm_agent][INFO] - Epoch 6099: Mean test mse is 0.02467419845717294
[2026-07-20 07:58:44,264][agents.ddpm_agent][INFO] - Epoch 6109: Mean test mse is 0.02610767419849123
[2026-07-20 07:58:47,702][agents.ddpm_agent][INFO] - Epoch 6119: Mean test mse is 0.025137112076793398
[2026-07-20 07:58:50,938][agents.ddpm_agent][INFO] - Epoch 6129: Mean test mse is 0.025084286662084714
[2026-07-20 07:58:54,155][agents.ddpm_agent][INFO] - Epoch 6139: Mean test mse is 0.025496735902769223
[2026-07-20 07:58:57,365][agents.ddpm_agent][INFO] - Epoch 6149: Mean test mse is 0.024634694148387228
[2026-07-20 07:59:00,558][agents.ddpm_agent][INFO] - Epoch 6159: Mean test mse is 0.026835464473281587
[2026-07-20 07:59:03,747][agents.ddpm_agent][INFO] - Epoch 6169: Mean test mse is 0.02531489517007555
[2026-07-20 07:59:06,928][agents.ddpm_agent][INFO] - Epoch 6179: Mean test mse is 0.02461689817053931
[2026-07-20 07:59:10,110][agents.ddpm_agent][INFO] - Epoch 6189: Mean test mse is 0.025560650176235607
[2026-07-20 07:59:13,275][agents.ddpm_agent][INFO] - Epoch 6199: Mean test mse is 0.026599586009979248
[2026-07-20 07:59:16,433][agents.ddpm_agent][INFO] - Epoch 6209: Mean test mse is 0.024073569902351925
[2026-07-20 07:59:19,649][agents.ddpm_agent][INFO] - Epoch 6219: Mean test mse is 0.024603537949068204
[2026-07-20 07:59:22,847][agents.ddpm_agent][INFO] - Epoch 6229: Mean test mse is 0.025113726034760475
[2026-07-20 07:59:26,036][agents.ddpm_agent][INFO] - Epoch 6239: Mean test mse is 0.02449209482542106
[2026-07-20 07:59:29,243][agents.ddpm_agent][INFO] - Epoch 6249: Mean test mse is 0.024593724203961238
[2026-07-20 07:59:32,437][agents.ddpm_agent][INFO] - Epoch 6259: Mean test mse is 0.022875628034983362
[2026-07-20 07:59:32,454][agents.ddpm_agent][INFO] - New best test loss. Stored weights have been updated!
[2026-07-20 07:59:35,602][agents.ddpm_agent][INFO] - Epoch 6269: Mean test mse is 0.027037529008729116
[2026-07-20 07:59:38,777][agents.ddpm_agent][INFO] - Epoch 6279: Mean test mse is 0.025670289461101805
[2026-07-20 07:59:41,955][agents.ddpm_agent][INFO] - Epoch 6289: Mean test mse is 0.02516213245689869
[2026-07-20 07:59:45,101][agents.ddpm_agent][INFO] - Epoch 6299: Mean test mse is 0.025709789778505052
[2026-07-20 07:59:48,263][agents.ddpm_agent][INFO] - Epoch 6309: Mean test mse is 0.024343306198716164
[2026-07-20 07:59:51,415][agents.ddpm_agent][INFO] - Epoch 6319: Mean test mse is 0.024614223944289342
[2026-07-20 07:59:54,540][agents.ddpm_agent][INFO] - Epoch 6329: Mean test mse is 0.02435956336557865
[2026-07-20 07:59:57,634][agents.ddpm_agent][INFO] - Epoch 6339: Mean test mse is 0.023935932399971143
[2026-07-20 08:00:00,773][agents.ddpm_agent][INFO] - Epoch 6349: Mean test mse is 0.02520628965326718
[2026-07-20 08:00:03,945][agents.ddpm_agent][INFO] - Epoch 6359: Mean test mse is 0.024072149502379552
[2026-07-20 08:00:07,077][agents.ddpm_agent][INFO] - Epoch 6369: Mean test mse is 0.024058760542954718
[2026-07-20 08:00:10,249][agents.ddpm_agent][INFO] - Epoch 6379: Mean test mse is 0.02409716189971992
[2026-07-20 08:00:13,374][agents.ddpm_agent][INFO] - Epoch 6389: Mean test mse is 0.02577219025364944
[2026-07-20 08:00:16,512][agents.ddpm_agent][INFO] - Epoch 6399: Mean test mse is 0.025580687714474543
[2026-07-20 08:00:19,672][agents.ddpm_agent][INFO] - Epoch 6409: Mean test mse is 0.024700306888137544
[2026-07-20 08:00:22,837][agents.ddpm_agent][INFO] - Epoch 6419: Mean test mse is 0.025157916492649486
[2026-07-20 08:00:26,011][agents.ddpm_agent][INFO] - Epoch 6429: Mean test mse is 0.023442655269588743
[2026-07-20 08:00:29,224][agents.ddpm_agent][INFO] - Epoch 6439: Mean test mse is 0.024074594623276165
[2026-07-20 08:00:32,368][agents.ddpm_agent][INFO] - Epoch 6449: Mean test mse is 0.02442312240600586
[2026-07-20 08:00:35,507][agents.ddpm_agent][INFO] - Epoch 6459: Mean test mse is 0.024186837087784494
[2026-07-20 08:00:38,729][agents.ddpm_agent][INFO] - Epoch 6469: Mean test mse is 0.026139075202601298
[2026-07-20 08:00:41,871][agents.ddpm_agent][INFO] - Epoch 6479: Mean test mse is 0.025973640914474214
[2026-07-20 08:00:45,067][agents.ddpm_agent][INFO] - Epoch 6489: Mean test mse is 0.024857261085084507
[2026-07-20 08:00:48,220][agents.ddpm_agent][INFO] - Epoch 6499: Mean test mse is 0.024257579552275792
[2026-07-20 08:00:51,433][agents.ddpm_agent][INFO] - Epoch 6509: Mean test mse is 0.025018716230988503
[2026-07-20 08:00:54,601][agents.ddpm_agent][INFO] - Epoch 6519: Mean test mse is 0.02420687356165477
[2026-07-20 08:00:57,728][agents.ddpm_agent][INFO] - Epoch 6529: Mean test mse is 0.025154128404600278
[2026-07-20 08:01:00,865][agents.ddpm_agent][INFO] - Epoch 6539: Mean test mse is 0.02499985827931336
[2026-07-20 08:01:03,956][agents.ddpm_agent][INFO] - Epoch 6549: Mean test mse is 0.024660917531166757
[2026-07-20 08:01:07,175][agents.ddpm_agent][INFO] - Epoch 6559: Mean test mse is 0.023801944085529873
[2026-07-20 08:01:10,366][agents.ddpm_agent][INFO] - Epoch 6569: Mean test mse is 0.023746265098452568
[2026-07-20 08:01:13,539][agents.ddpm_agent][INFO] - Epoch 6579: Mean test mse is 0.0240549168416432
[2026-07-20 08:01:16,673][agents.ddpm_agent][INFO] - Epoch 6589: Mean test mse is 0.025260177307895253
[2026-07-20 08:01:19,838][agents.ddpm_agent][INFO] - Epoch 6599: Mean test mse is 0.023922013651047434
[2026-07-20 08:01:23,034][agents.ddpm_agent][INFO] - Epoch 6609: Mean test mse is 0.02293038634317262
[2026-07-20 08:01:26,226][agents.ddpm_agent][INFO] - Epoch 6619: Mean test mse is 0.02510732944522585
[2026-07-20 08:01:29,404][agents.ddpm_agent][INFO] - Epoch 6629: Mean test mse is 0.02392920372741563
[2026-07-20 08:01:33,216][agents.ddpm_agent][INFO] - Epoch 6639: Mean test mse is 0.024469690663473948
[2026-07-20 08:01:36,350][agents.ddpm_agent][INFO] - Epoch 6649: Mean test mse is 0.025114999817950383
[2026-07-20 08:01:39,493][agents.ddpm_agent][INFO] - Epoch 6659: Mean test mse is 0.022800703133855547
[2026-07-20 08:01:39,509][agents.ddpm_agent][INFO] - New best test loss. Stored weights have been updated!
[2026-07-20 08:01:42,710][agents.ddpm_agent][INFO] - Epoch 6669: Mean test mse is 0.025238947410668646
[2026-07-20 08:01:46,159][agents.ddpm_agent][INFO] - Epoch 6679: Mean test mse is 0.023523868460740362
[2026-07-20 08:01:49,592][agents.ddpm_agent][INFO] - Epoch 6689: Mean test mse is 0.024606139532157352
[2026-07-20 08:01:53,077][agents.ddpm_agent][INFO] - Epoch 6699: Mean test mse is 0.024625694645302638
[2026-07-20 08:01:57,602][agents.ddpm_agent][INFO] - Epoch 6709: Mean test mse is 0.02578884842140334
[2026-07-20 08:02:00,784][agents.ddpm_agent][INFO] - Epoch 6719: Mean test mse is 0.023499177768826485
[2026-07-20 08:02:03,921][agents.ddpm_agent][INFO] - Epoch 6729: Mean test mse is 0.025339440309575627
[2026-07-20 08:02:07,179][agents.ddpm_agent][INFO] - Epoch 6739: Mean test mse is 0.023882650105016574
[2026-07-20 08:02:11,353][agents.ddpm_agent][INFO] - Epoch 6749: Mean test mse is 0.024385599685566767
[2026-07-20 08:02:14,837][agents.ddpm_agent][INFO] - Epoch 6759: Mean test mse is 0.02458272342170988
[2026-07-20 08:02:18,929][agents.ddpm_agent][INFO] - Epoch 6769: Mean test mse is 0.024631448622260774
[2026-07-20 08:02:23,607][agents.ddpm_agent][INFO] - Epoch 6779: Mean test mse is 0.024959662929177284
[2026-07-20 08:02:27,074][agents.ddpm_agent][INFO] - Epoch 6789: Mean test mse is 0.02398366028709071
[2026-07-20 08:02:30,284][agents.ddpm_agent][INFO] - Epoch 6799: Mean test mse is 0.024551594629883766
[2026-07-20 08:02:33,893][agents.ddpm_agent][INFO] - Epoch 6809: Mean test mse is 0.023727206779377803
[2026-07-20 08:02:38,428][agents.ddpm_agent][INFO] - Epoch 6819: Mean test mse is 0.023652575377907072
[2026-07-20 08:02:42,025][agents.ddpm_agent][INFO] - Epoch 6829: Mean test mse is 0.023085250918354307
[2026-07-20 08:02:46,712][agents.ddpm_agent][INFO] - Epoch 6839: Mean test mse is 0.02382984571158886
[2026-07-20 08:02:51,468][agents.ddpm_agent][INFO] - Epoch 6849: Mean test mse is 0.02419408384178366
[2026-07-20 08:02:55,470][agents.ddpm_agent][INFO] - Epoch 6859: Mean test mse is 0.02405249566904136
[2026-07-20 08:02:58,767][agents.ddpm_agent][INFO] - Epoch 6869: Mean test mse is 0.023535177909902165
[2026-07-20 08:03:02,937][agents.ddpm_agent][INFO] - Epoch 6879: Mean test mse is 0.022599199254597937
[2026-07-20 08:03:02,955][agents.ddpm_agent][INFO] - New best test loss. Stored weights have been updated!
[2026-07-20 08:03:07,662][agents.ddpm_agent][INFO] - Epoch 6889: Mean test mse is 0.023059220718485967
[2026-07-20 08:03:12,035][agents.ddpm_agent][INFO] - Epoch 6899: Mean test mse is 0.022704202415687696
[2026-07-20 08:03:16,753][agents.ddpm_agent][INFO] - Epoch 6909: Mean test mse is 0.025055947846599987
[2026-07-20 08:03:21,447][agents.ddpm_agent][INFO] - Epoch 6919: Mean test mse is 0.022310607401388034
[2026-07-20 08:03:21,464][agents.ddpm_agent][INFO] - New best test loss. Stored weights have been updated!
[2026-07-20 08:03:25,761][agents.ddpm_agent][INFO] - Epoch 6929: Mean test mse is 0.024218404931681498
[2026-07-20 08:03:29,286][agents.ddpm_agent][INFO] - Epoch 6939: Mean test mse is 0.02224287816456386
[2026-07-20 08:03:29,319][agents.ddpm_agent][INFO] - New best test loss. Stored weights have been updated!
[2026-07-20 08:03:33,949][agents.ddpm_agent][INFO] - Epoch 6949: Mean test mse is 0.022993820320282663
[2026-07-20 08:03:38,656][agents.ddpm_agent][INFO] - Epoch 6959: Mean test mse is 0.023579158687165806
[2026-07-20 08:03:43,304][agents.ddpm_agent][INFO] - Epoch 6969: Mean test mse is 0.02328731252678803
[2026-07-20 08:03:47,974][agents.ddpm_agent][INFO] - Epoch 6979: Mean test mse is 0.022496641746589115
[2026-07-20 08:03:52,745][agents.ddpm_agent][INFO] - Epoch 6989: Mean test mse is 0.023084079048463275
[2026-07-20 08:03:57,448][agents.ddpm_agent][INFO] - Epoch 6999: Mean test mse is 0.022006204883967127
[2026-07-20 08:03:57,464][agents.ddpm_agent][INFO] - New best test loss. Stored weights have been updated!
[2026-07-20 08:04:01,393][agents.ddpm_agent][INFO] - Epoch 7009: Mean test mse is 0.02244081161916256
[2026-07-20 08:04:04,499][agents.ddpm_agent][INFO] - Epoch 7019: Mean test mse is 0.02350327079849584
[2026-07-20 08:04:07,694][agents.ddpm_agent][INFO] - Epoch 7029: Mean test mse is 0.02212329980518137
[2026-07-20 08:04:10,959][agents.ddpm_agent][INFO] - Epoch 7039: Mean test mse is 0.024004112663013593
[2026-07-20 08:04:14,196][agents.ddpm_agent][INFO] - Epoch 7049: Mean test mse is 0.022943158767053058
[2026-07-20 08:04:17,449][agents.ddpm_agent][INFO] - Epoch 7059: Mean test mse is 0.02307619500373091
[2026-07-20 08:04:20,688][agents.ddpm_agent][INFO] - Epoch 7069: Mean test mse is 0.02294931933283806
[2026-07-20 08:04:24,075][agents.ddpm_agent][INFO] - Epoch 7079: Mean test mse is 0.02302848467869418
[2026-07-20 08:04:27,409][agents.ddpm_agent][INFO] - Epoch 7089: Mean test mse is 0.023293270862528255
[2026-07-20 08:04:30,594][agents.ddpm_agent][INFO] - Epoch 7099: Mean test mse is 0.02256276538329465
[2026-07-20 08:04:33,807][agents.ddpm_agent][INFO] - Epoch 7109: Mean test mse is 0.022761516006929532
[2026-07-20 08:04:37,053][agents.ddpm_agent][INFO] - Epoch 7119: Mean test mse is 0.022081434992807254
[2026-07-20 08:04:40,178][agents.ddpm_agent][INFO] - Epoch 7129: Mean test mse is 0.02250540815293789
[2026-07-20 08:04:43,359][agents.ddpm_agent][INFO] - Epoch 7139: Mean test mse is 0.024626518998827254
[2026-07-20 08:04:46,540][agents.ddpm_agent][INFO] - Epoch 7149: Mean test mse is 0.02251462691596576
[2026-07-20 08:04:49,676][agents.ddpm_agent][INFO] - Epoch 7159: Mean test mse is 0.023654378152319362
[2026-07-20 08:04:52,798][agents.ddpm_agent][INFO] - Epoch 7169: Mean test mse is 0.02243409332420145
[2026-07-20 08:04:55,923][agents.ddpm_agent][INFO] - Epoch 7179: Mean test mse is 0.02499820717743465
[2026-07-20 08:04:59,100][agents.ddpm_agent][INFO] - Epoch 7189: Mean test mse is 0.02647528744169644
[2026-07-20 08:05:02,327][agents.ddpm_agent][INFO] - Epoch 7199: Mean test mse is 0.02210253689970289
[2026-07-20 08:05:05,441][agents.ddpm_agent][INFO] - Epoch 7209: Mean test mse is 0.022769392867173468
[2026-07-20 08:05:08,631][agents.ddpm_agent][INFO] - Epoch 7219: Mean test mse is 0.023883018642663956
[2026-07-20 08:05:11,733][agents.ddpm_agent][INFO] - Epoch 7229: Mean test mse is 0.021908327671033994
[2026-07-20 08:05:11,750][agents.ddpm_agent][INFO] - New best test loss. Stored weights have been updated!
[2026-07-20 08:05:15,046][agents.ddpm_agent][INFO] - Epoch 7239: Mean test mse is 0.02234991905944688
[2026-07-20 08:05:18,339][agents.ddpm_agent][INFO] - Epoch 7249: Mean test mse is 0.02271371760538646
[2026-07-20 08:05:21,629][agents.ddpm_agent][INFO] - Epoch 7259: Mean test mse is 0.022580252960324287
[2026-07-20 08:05:24,920][agents.ddpm_agent][INFO] - Epoch 7269: Mean test mse is 0.022493349388241768
[2026-07-20 08:05:28,157][agents.ddpm_agent][INFO] - Epoch 7279: Mean test mse is 0.023000369114535197
[2026-07-20 08:05:31,450][agents.ddpm_agent][INFO] - Epoch 7289: Mean test mse is 0.022553940436669757
[2026-07-20 08:05:34,731][agents.ddpm_agent][INFO] - Epoch 7299: Mean test mse is 0.022537444851228168
[2026-07-20 08:05:37,992][agents.ddpm_agent][INFO] - Epoch 7309: Mean test mse is 0.02341659100992339
[2026-07-20 08:05:41,295][agents.ddpm_agent][INFO] - Epoch 7319: Mean test mse is 0.022479560492294177
[2026-07-20 08:05:44,687][agents.ddpm_agent][INFO] - Epoch 7329: Mean test mse is 0.02178263584417956
[2026-07-20 08:05:44,706][agents.ddpm_agent][INFO] - New best test loss. Stored weights have been updated!
[2026-07-20 08:05:48,058][agents.ddpm_agent][INFO] - Epoch 7339: Mean test mse is 0.022507080010005405
[2026-07-20 08:05:51,365][agents.ddpm_agent][INFO] - Epoch 7349: Mean test mse is 0.022151973630700792
[2026-07-20 08:05:54,679][agents.ddpm_agent][INFO] - Epoch 7359: Mean test mse is 0.021968365779944828
[2026-07-20 08:05:58,009][agents.ddpm_agent][INFO] - Epoch 7369: Mean test mse is 0.02205692178436688
[2026-07-20 08:06:01,294][agents.ddpm_agent][INFO] - Epoch 7379: Mean test mse is 0.021009187081030438
[2026-07-20 08:06:01,311][agents.ddpm_agent][INFO] - New best test loss. Stored weights have been updated!
[2026-07-20 08:06:04,602][agents.ddpm_agent][INFO] - Epoch 7389: Mean test mse is 0.022743604545082365
[2026-07-20 08:06:07,929][agents.ddpm_agent][INFO] - Epoch 7399: Mean test mse is 0.02236687551651682
[2026-07-20 08:06:11,292][agents.ddpm_agent][INFO] - Epoch 7409: Mean test mse is 0.020832519180008342
[2026-07-20 08:06:11,343][agents.ddpm_agent][INFO] - New best test loss. Stored weights have been updated!
[2026-07-20 08:06:14,696][agents.ddpm_agent][INFO] - Epoch 7419: Mean test mse is 0.02201915213039943
[2026-07-20 08:06:17,996][agents.ddpm_agent][INFO] - Epoch 7429: Mean test mse is 0.021957532901849066
[2026-07-20 08:06:21,283][agents.ddpm_agent][INFO] - Epoch 7439: Mean test mse is 0.02140851372054645
[2026-07-20 08:06:24,525][agents.ddpm_agent][INFO] - Epoch 7449: Mean test mse is 0.02223821489938668
[2026-07-20 08:06:27,876][agents.ddpm_agent][INFO] - Epoch 7459: Mean test mse is 0.022960973903536797
[2026-07-20 08:06:31,241][agents.ddpm_agent][INFO] - Epoch 7469: Mean test mse is 0.022798694404108182
[2026-07-20 08:06:34,578][agents.ddpm_agent][INFO] - Epoch 7479: Mean test mse is 0.021589201475892748
[2026-07-20 08:06:37,930][agents.ddpm_agent][INFO] - Epoch 7489: Mean test mse is 0.02211513609758445
[2026-07-20 08:06:41,214][agents.ddpm_agent][INFO] - Epoch 7499: Mean test mse is 0.023524359400783266
[2026-07-20 08:06:44,491][agents.ddpm_agent][INFO] - Epoch 7509: Mean test mse is 0.02102112610425268
[2026-07-20 08:06:47,811][agents.ddpm_agent][INFO] - Epoch 7519: Mean test mse is 0.021892673735107695
[2026-07-20 08:06:51,122][agents.ddpm_agent][INFO] - Epoch 7529: Mean test mse is 0.022655650175043514
[2026-07-20 08:06:54,442][agents.ddpm_agent][INFO] - Epoch 7539: Mean test mse is 0.021418941340276172
[2026-07-20 08:06:57,770][agents.ddpm_agent][INFO] - Epoch 7549: Mean test mse is 0.022163342152323042
[2026-07-20 08:07:01,050][agents.ddpm_agent][INFO] - Epoch 7559: Mean test mse is 0.02214714459010533
[2026-07-20 08:07:04,337][agents.ddpm_agent][INFO] - Epoch 7569: Mean test mse is 0.021901627204247882
[2026-07-20 08:07:07,627][agents.ddpm_agent][INFO] - Epoch 7579: Mean test mse is 0.023509794047900608
[2026-07-20 08:07:10,939][agents.ddpm_agent][INFO] - Epoch 7589: Mean test mse is 0.021461407520941327
[2026-07-20 08:07:14,279][agents.ddpm_agent][INFO] - Epoch 7599: Mean test mse is 0.020660192306552614
[2026-07-20 08:07:14,296][agents.ddpm_agent][INFO] - New best test loss. Stored weights have been updated!
[2026-07-20 08:07:17,566][agents.ddpm_agent][INFO] - Epoch 7609: Mean test mse is 0.021328119161937917
[2026-07-20 08:07:20,866][agents.ddpm_agent][INFO] - Epoch 7619: Mean test mse is 0.021850746391075
[2026-07-20 08:07:24,177][agents.ddpm_agent][INFO] - Epoch 7629: Mean test mse is 0.020449201177273477
[2026-07-20 08:07:24,195][agents.ddpm_agent][INFO] - New best test loss. Stored weights have been updated!
[2026-07-20 08:07:27,509][agents.ddpm_agent][INFO] - Epoch 7639: Mean test mse is 0.02490279371184962
[2026-07-20 08:07:30,863][agents.ddpm_agent][INFO] - Epoch 7649: Mean test mse is 0.02092835839305605
[2026-07-20 08:07:34,211][agents.ddpm_agent][INFO] - Epoch 7659: Mean test mse is 0.022544990426727703
[2026-07-20 08:07:37,598][agents.ddpm_agent][INFO] - Epoch 7669: Mean test mse is 0.02144059059875352
[2026-07-20 08:07:40,852][agents.ddpm_agent][INFO] - Epoch 7679: Mean test mse is 0.02130574599972793
[2026-07-20 08:07:44,153][agents.ddpm_agent][INFO] - Epoch 7689: Mean test mse is 0.020435607060790062
[2026-07-20 08:07:44,170][agents.ddpm_agent][INFO] - New best test loss. Stored weights have been updated!
[2026-07-20 08:07:47,488][agents.ddpm_agent][INFO] - Epoch 7699: Mean test mse is 0.022261313295790126
[2026-07-20 08:07:50,721][agents.ddpm_agent][INFO] - Epoch 7709: Mean test mse is 0.022354656298245703
[2026-07-20 08:07:53,999][agents.ddpm_agent][INFO] - Epoch 7719: Mean test mse is 0.021461536841733114
[2026-07-20 08:07:57,245][agents.ddpm_agent][INFO] - Epoch 7729: Mean test mse is 0.022404845005699565
[2026-07-20 08:08:00,428][agents.ddpm_agent][INFO] - Epoch 7739: Mean test mse is 0.02117851482970374
[2026-07-20 08:08:03,716][agents.ddpm_agent][INFO] - Epoch 7749: Mean test mse is 0.022676749687109674
[2026-07-20 08:08:07,033][agents.ddpm_agent][INFO] - Epoch 7759: Mean test mse is 0.020956685500485555
[2026-07-20 08:08:10,266][agents.ddpm_agent][INFO] - Epoch 7769: Mean test mse is 0.021328065810459002
[2026-07-20 08:08:13,646][agents.ddpm_agent][INFO] - Epoch 7779: Mean test mse is 0.022316878395421163
[2026-07-20 08:08:16,907][agents.ddpm_agent][INFO] - Epoch 7789: Mean test mse is 0.022456584764378413
[2026-07-20 08:08:20,197][agents.ddpm_agent][INFO] - Epoch 7799: Mean test mse is 0.021578343319041387
[2026-07-20 08:08:23,524][agents.ddpm_agent][INFO] - Epoch 7809: Mean test mse is 0.021426640717046603
[2026-07-20 08:08:26,869][agents.ddpm_agent][INFO] - Epoch 7819: Mean test mse is 0.02138800812619073
[2026-07-20 08:08:30,225][agents.ddpm_agent][INFO] - Epoch 7829: Mean test mse is 0.02107952907681465
[2026-07-20 08:08:33,519][agents.ddpm_agent][INFO] - Epoch 7839: Mean test mse is 0.02087590391082423
[2026-07-20 08:08:36,843][agents.ddpm_agent][INFO] - Epoch 7849: Mean test mse is 0.02233318399105753
[2026-07-20 08:08:40,195][agents.ddpm_agent][INFO] - Epoch 7859: Mean test mse is 0.021814189851284027
[2026-07-20 08:08:43,522][agents.ddpm_agent][INFO] - Epoch 7869: Mean test mse is 0.021616944511021887
[2026-07-20 08:08:46,828][agents.ddpm_agent][INFO] - Epoch 7879: Mean test mse is 0.021395043336919377
[2026-07-20 08:08:50,199][agents.ddpm_agent][INFO] - Epoch 7889: Mean test mse is 0.021891004272869656
[2026-07-20 08:08:53,534][agents.ddpm_agent][INFO] - Epoch 7899: Mean test mse is 0.024219161165612086
[2026-07-20 08:08:56,819][agents.ddpm_agent][INFO] - Epoch 7909: Mean test mse is 0.020128489871110235
[2026-07-20 08:08:56,837][agents.ddpm_agent][INFO] - New best test loss. Stored weights have been updated!
[2026-07-20 08:09:00,104][agents.ddpm_agent][INFO] - Epoch 7919: Mean test mse is 0.021175937727093697
[2026-07-20 08:09:03,478][agents.ddpm_agent][INFO] - Epoch 7929: Mean test mse is 0.02092415520123073
[2026-07-20 08:09:06,839][agents.ddpm_agent][INFO] - Epoch 7939: Mean test mse is 0.02169829048216343
[2026-07-20 08:09:10,208][agents.ddpm_agent][INFO] - Epoch 7949: Mean test mse is 0.021980177078928267
[2026-07-20 08:09:13,452][agents.ddpm_agent][INFO] - Epoch 7959: Mean test mse is 0.021155082753726413
[2026-07-20 08:09:16,764][agents.ddpm_agent][INFO] - Epoch 7969: Mean test mse is 0.021145624773842946
[2026-07-20 08:09:20,086][agents.ddpm_agent][INFO] - Epoch 7979: Mean test mse is 0.0212403517216444
[2026-07-20 08:09:23,387][agents.ddpm_agent][INFO] - Epoch 7989: Mean test mse is 0.019710824159639224
[2026-07-20 08:09:23,404][agents.ddpm_agent][INFO] - New best test loss. Stored weights have been updated!
[2026-07-20 08:09:26,710][agents.ddpm_agent][INFO] - Epoch 7999: Mean test mse is 0.021222169111881937
[2026-07-20 08:09:30,054][agents.ddpm_agent][INFO] - Epoch 8009: Mean test mse is 0.02092315150158746
[2026-07-20 08:09:33,415][agents.ddpm_agent][INFO] - Epoch 8019: Mean test mse is 0.021102790055530413
[2026-07-20 08:09:36,725][agents.ddpm_agent][INFO] - Epoch 8029: Mean test mse is 0.022435226876820837
[2026-07-20 08:09:40,075][agents.ddpm_agent][INFO] - Epoch 8039: Mean test mse is 0.02240980656019279
[2026-07-20 08:09:43,327][agents.ddpm_agent][INFO] - Epoch 8049: Mean test mse is 0.020801625879747525
[2026-07-20 08:09:46,660][agents.ddpm_agent][INFO] - Epoch 8059: Mean test mse is 0.0212854447641543
[2026-07-20 08:09:50,039][agents.ddpm_agent][INFO] - Epoch 8069: Mean test mse is 0.022490469738841057
[2026-07-20 08:09:53,369][agents.ddpm_agent][INFO] - Epoch 8079: Mean test mse is 0.022567460579531535
[2026-07-20 08:09:56,682][agents.ddpm_agent][INFO] - Epoch 8089: Mean test mse is 0.019888362182038172
[2026-07-20 08:09:59,993][agents.ddpm_agent][INFO] - Epoch 8099: Mean test mse is 0.02125758278582777
[2026-07-20 08:10:03,367][agents.ddpm_agent][INFO] - Epoch 8109: Mean test mse is 0.02180602667587144
[2026-07-20 08:10:06,714][agents.ddpm_agent][INFO] - Epoch 8119: Mean test mse is 0.021804245987108777
[2026-07-20 08:10:10,035][agents.ddpm_agent][INFO] - Epoch 8129: Mean test mse is 0.02029439008661679
[2026-07-20 08:10:13,419][agents.ddpm_agent][INFO] - Epoch 8139: Mean test mse is 0.02110837586224079
[2026-07-20 08:10:16,721][agents.ddpm_agent][INFO] - Epoch 8149: Mean test mse is 0.022141805716923306
[2026-07-20 08:10:20,001][agents.ddpm_agent][INFO] - Epoch 8159: Mean test mse is 0.02264257813138621
[2026-07-20 08:10:23,343][agents.ddpm_agent][INFO] - Epoch 8169: Mean test mse is 0.021865727113825933
[2026-07-20 08:10:26,683][agents.ddpm_agent][INFO] - Epoch 8179: Mean test mse is 0.020512060395308902
[2026-07-20 08:10:30,026][agents.ddpm_agent][INFO] - Epoch 8189: Mean test mse is 0.021585202110665187
[2026-07-20 08:10:33,292][agents.ddpm_agent][INFO] - Epoch 8199: Mean test mse is 0.02104989199766091
[2026-07-20 08:10:36,572][agents.ddpm_agent][INFO] - Epoch 8209: Mean test mse is 0.01911240749593292
[2026-07-20 08:10:36,588][agents.ddpm_agent][INFO] - New best test loss. Stored weights have been updated!
[2026-07-20 08:10:39,936][agents.ddpm_agent][INFO] - Epoch 8219: Mean test mse is 0.02091903718454497
[2026-07-20 08:10:43,226][agents.ddpm_agent][INFO] - Epoch 8229: Mean test mse is 0.02162999553339822
[2026-07-20 08:10:46,593][agents.ddpm_agent][INFO] - Epoch 8239: Mean test mse is 0.020605519280901978
[2026-07-20 08:10:51,161][agents.ddpm_agent][INFO] - Epoch 8249: Mean test mse is 0.021013867110013962
[2026-07-20 08:10:54,434][agents.ddpm_agent][INFO] - Epoch 8259: Mean test mse is 0.020070145704916546
[2026-07-20 08:10:57,678][agents.ddpm_agent][INFO] - Epoch 8269: Mean test mse is 0.021547835586326464
[2026-07-20 08:11:01,035][agents.ddpm_agent][INFO] - Epoch 8279: Mean test mse is 0.019751154152410372
[2026-07-20 08:11:04,341][agents.ddpm_agent][INFO] - Epoch 8289: Mean test mse is 0.021770122860159193
[2026-07-20 08:11:07,681][agents.ddpm_agent][INFO] - Epoch 8299: Mean test mse is 0.022221524002296583
[2026-07-20 08:11:11,014][agents.ddpm_agent][INFO] - Epoch 8309: Mean test mse is 0.02086284969534193
[2026-07-20 08:11:14,292][agents.ddpm_agent][INFO] - Epoch 8319: Mean test mse is 0.021525386986987933
[2026-07-20 08:11:17,589][agents.ddpm_agent][INFO] - Epoch 8329: Mean test mse is 0.021922394899385318
[2026-07-20 08:11:20,921][agents.ddpm_agent][INFO] - Epoch 8339: Mean test mse is 0.02146540049995695
[2026-07-20 08:11:24,281][agents.ddpm_agent][INFO] - Epoch 8349: Mean test mse is 0.021335246839693615
[2026-07-20 08:11:27,598][agents.ddpm_agent][INFO] - Epoch 8359: Mean test mse is 0.021785402138318335
[2026-07-20 08:11:30,938][agents.ddpm_agent][INFO] - Epoch 8369: Mean test mse is 0.01992056199482509
[2026-07-20 08:11:34,238][agents.ddpm_agent][INFO] - Epoch 8379: Mean test mse is 0.019649143729891096
[2026-07-20 08:11:37,552][agents.ddpm_agent][INFO] - Epoch 8389: Mean test mse is 0.02065445695604597
[2026-07-20 08:11:40,916][agents.ddpm_agent][INFO] - Epoch 8399: Mean test mse is 0.019608500014458383
[2026-07-20 08:11:44,251][agents.ddpm_agent][INFO] - Epoch 8409: Mean test mse is 0.021719065627881458
[2026-07-20 08:11:47,557][agents.ddpm_agent][INFO] - Epoch 8419: Mean test mse is 0.020159520208835602
[2026-07-20 08:11:50,830][agents.ddpm_agent][INFO] - Epoch 8429: Mean test mse is 0.020867206954530308
[2026-07-20 08:11:54,158][agents.ddpm_agent][INFO] - Epoch 8439: Mean test mse is 0.020833990137491907
[2026-07-20 08:11:57,504][agents.ddpm_agent][INFO] - Epoch 8449: Mean test mse is 0.019835280254483223
[2026-07-20 08:12:00,761][agents.ddpm_agent][INFO] - Epoch 8459: Mean test mse is 0.019883659003036364
[2026-07-20 08:12:04,091][agents.ddpm_agent][INFO] - Epoch 8469: Mean test mse is 0.02114792726933956
[2026-07-20 08:12:07,368][agents.ddpm_agent][INFO] - Epoch 8479: Mean test mse is 0.0211472428802933
[2026-07-20 08:12:10,719][agents.ddpm_agent][INFO] - Epoch 8489: Mean test mse is 0.02044814532356603
[2026-07-20 08:12:14,036][agents.ddpm_agent][INFO] - Epoch 8499: Mean test mse is 0.01904113883418696
[2026-07-20 08:12:14,053][agents.ddpm_agent][INFO] - New best test loss. Stored weights have been updated!
[2026-07-20 08:12:17,360][agents.ddpm_agent][INFO] - Epoch 8509: Mean test mse is 0.02089506254664489
[2026-07-20 08:12:20,663][agents.ddpm_agent][INFO] - Epoch 8519: Mean test mse is 0.019673573385391916
[2026-07-20 08:12:24,051][agents.ddpm_agent][INFO] - Epoch 8529: Mean test mse is 0.02048263299678053
[2026-07-20 08:12:27,427][agents.ddpm_agent][INFO] - Epoch 8539: Mean test mse is 0.0212359931319952
[2026-07-20 08:12:30,861][agents.ddpm_agent][INFO] - Epoch 8549: Mean test mse is 0.020892520302108357
[2026-07-20 08:12:34,134][agents.ddpm_agent][INFO] - Epoch 8559: Mean test mse is 0.020217804770384516
[2026-07-20 08:12:37,427][agents.ddpm_agent][INFO] - Epoch 8569: Mean test mse is 0.020230690549526895
[2026-07-20 08:12:40,803][agents.ddpm_agent][INFO] - Epoch 8579: Mean test mse is 0.021306400320359638
[2026-07-20 08:12:44,068][agents.ddpm_agent][INFO] - Epoch 8589: Mean test mse is 0.022925146988459995
[2026-07-20 08:12:47,419][agents.ddpm_agent][INFO] - Epoch 8599: Mean test mse is 0.01913320246551718
[2026-07-20 08:12:50,781][agents.ddpm_agent][INFO] - Epoch 8609: Mean test mse is 0.019721131505710737
[2026-07-20 08:12:54,047][agents.ddpm_agent][INFO] - Epoch 8619: Mean test mse is 0.02037425898015499
[2026-07-20 08:12:57,362][agents.ddpm_agent][INFO] - Epoch 8629: Mean test mse is 0.020371765962668827
[2026-07-20 08:13:00,567][agents.ddpm_agent][INFO] - Epoch 8639: Mean test mse is 0.019786041229963303
[2026-07-20 08:13:03,825][agents.ddpm_agent][INFO] - Epoch 8649: Mean test mse is 0.01899521398757185
[2026-07-20 08:13:03,843][agents.ddpm_agent][INFO] - New best test loss. Stored weights have been updated!
[2026-07-20 08:13:07,249][agents.ddpm_agent][INFO] - Epoch 8659: Mean test mse is 0.021015280591590062
[2026-07-20 08:13:10,619][agents.ddpm_agent][INFO] - Epoch 8669: Mean test mse is 0.019270053931644986
[2026-07-20 08:13:14,007][agents.ddpm_agent][INFO] - Epoch 8679: Mean test mse is 0.0209476679031338
[2026-07-20 08:13:17,281][agents.ddpm_agent][INFO] - Epoch 8689: Mean test mse is 0.018917417419808253
[2026-07-20 08:13:17,298][agents.ddpm_agent][INFO] - New best test loss. Stored weights have been updated!
[2026-07-20 08:13:20,603][agents.ddpm_agent][INFO] - Epoch 8699: Mean test mse is 0.020805398002266884
[2026-07-20 08:13:23,945][agents.ddpm_agent][INFO] - Epoch 8709: Mean test mse is 0.021958075995956148
[2026-07-20 08:13:27,292][agents.ddpm_agent][INFO] - Epoch 8719: Mean test mse is 0.01998034944491727
[2026-07-20 08:13:30,558][agents.ddpm_agent][INFO] - Epoch 8729: Mean test mse is 0.020420790250812258
[2026-07-20 08:13:33,828][agents.ddpm_agent][INFO] - Epoch 8739: Mean test mse is 0.021508147407855307
[2026-07-20 08:13:37,214][agents.ddpm_agent][INFO] - Epoch 8749: Mean test mse is 0.01970080685402666
[2026-07-20 08:13:40,424][agents.ddpm_agent][INFO] - Epoch 8759: Mean test mse is 0.020371698907443454
[2026-07-20 08:13:43,733][agents.ddpm_agent][INFO] - Epoch 8769: Mean test mse is 0.02025431687278407
[2026-07-20 08:13:46,976][agents.ddpm_agent][INFO] - Epoch 8779: Mean test mse is 0.019547253447983946
[2026-07-20 08:13:50,326][agents.ddpm_agent][INFO] - Epoch 8789: Mean test mse is 0.021323012188076973
[2026-07-20 08:13:53,551][agents.ddpm_agent][INFO] - Epoch 8799: Mean test mse is 0.020511953958443234
[2026-07-20 08:13:56,827][agents.ddpm_agent][INFO] - Epoch 8809: Mean test mse is 0.019587158225476742
[2026-07-20 08:14:00,137][agents.ddpm_agent][INFO] - Epoch 8819: Mean test mse is 0.020622221753001213
[2026-07-20 08:14:03,406][agents.ddpm_agent][INFO] - Epoch 8829: Mean test mse is 0.020598663549338068
[2026-07-20 08:14:06,714][agents.ddpm_agent][INFO] - Epoch 8839: Mean test mse is 0.01949339998619897
[2026-07-20 08:14:10,078][agents.ddpm_agent][INFO] - Epoch 8849: Mean test mse is 0.020420942189438
[2026-07-20 08:14:13,466][agents.ddpm_agent][INFO] - Epoch 8859: Mean test mse is 0.019048027428133146
[2026-07-20 08:14:16,821][agents.ddpm_agent][INFO] - Epoch 8869: Mean test mse is 0.022421367200357572
[2026-07-20 08:14:20,173][agents.ddpm_agent][INFO] - Epoch 8879: Mean test mse is 0.019173808661954745
[2026-07-20 08:14:23,461][agents.ddpm_agent][INFO] - Epoch 8889: Mean test mse is 0.0202777697039502
[2026-07-20 08:14:26,749][agents.ddpm_agent][INFO] - Epoch 8899: Mean test mse is 0.020602590537496974
[2026-07-20 08:14:30,052][agents.ddpm_agent][INFO] - Epoch 8909: Mean test mse is 0.020784755370446613
[2026-07-20 08:14:33,383][agents.ddpm_agent][INFO] - Epoch 8919: Mean test mse is 0.020084303138511523
[2026-07-20 08:14:36,668][agents.ddpm_agent][INFO] - Epoch 8929: Mean test mse is 0.02040838822722435
[2026-07-20 08:14:39,959][agents.ddpm_agent][INFO] - Epoch 8939: Mean test mse is 0.020907403635127202
[2026-07-20 08:14:43,292][agents.ddpm_agent][INFO] - Epoch 8949: Mean test mse is 0.0200858883825796
[2026-07-20 08:14:46,569][agents.ddpm_agent][INFO] - Epoch 8959: Mean test mse is 0.020597319517816817
[2026-07-20 08:14:49,942][agents.ddpm_agent][INFO] - Epoch 8969: Mean test mse is 0.019269157999328206
[2026-07-20 08:14:53,286][agents.ddpm_agent][INFO] - Epoch 8979: Mean test mse is 0.02044170828802245
[2026-07-20 08:14:56,567][agents.ddpm_agent][INFO] - Epoch 8989: Mean test mse is 0.020638055567230498
[2026-07-20 08:14:59,881][agents.ddpm_agent][INFO] - Epoch 8999: Mean test mse is 0.019914936274290085
[2026-07-20 08:15:03,173][agents.ddpm_agent][INFO] - Epoch 9009: Mean test mse is 0.020712576540453092
[2026-07-20 08:15:06,462][agents.ddpm_agent][INFO] - Epoch 9019: Mean test mse is 0.01885258566055979
[2026-07-20 08:15:06,480][agents.ddpm_agent][INFO] - New best test loss. Stored weights have been updated!
[2026-07-20 08:15:09,775][agents.ddpm_agent][INFO] - Epoch 9029: Mean test mse is 0.02128701763493674
[2026-07-20 08:15:13,067][agents.ddpm_agent][INFO] - Epoch 9039: Mean test mse is 0.02060006745159626
[2026-07-20 08:15:16,478][agents.ddpm_agent][INFO] - Epoch 9049: Mean test mse is 0.02087849804333278
[2026-07-20 08:15:19,768][agents.ddpm_agent][INFO] - Epoch 9059: Mean test mse is 0.019487795819129263
[2026-07-20 08:15:23,050][agents.ddpm_agent][INFO] - Epoch 9069: Mean test mse is 0.019654829587255205
[2026-07-20 08:15:26,330][agents.ddpm_agent][INFO] - Epoch 9079: Mean test mse is 0.020555316603609493
[2026-07-20 08:15:29,598][agents.ddpm_agent][INFO] - Epoch 9089: Mean test mse is 0.019515190539615496
[2026-07-20 08:15:32,915][agents.ddpm_agent][INFO] - Epoch 9099: Mean test mse is 0.020261483266949654
[2026-07-20 08:15:36,338][agents.ddpm_agent][INFO] - Epoch 9109: Mean test mse is 0.019822667885039533
[2026-07-20 08:15:39,657][agents.ddpm_agent][INFO] - Epoch 9119: Mean test mse is 0.020928490108677318
[2026-07-20 08:15:42,953][agents.ddpm_agent][INFO] - Epoch 9129: Mean test mse is 0.019196788913437297
[2026-07-20 08:15:46,284][agents.ddpm_agent][INFO] - Epoch 9139: Mean test mse is 0.020285061427525113
[2026-07-20 08:15:49,598][agents.ddpm_agent][INFO] - Epoch 9149: Mean test mse is 0.020031962809818133
[2026-07-20 08:15:52,905][agents.ddpm_agent][INFO] - Epoch 9159: Mean test mse is 0.02018563076853752
[2026-07-20 08:15:56,231][agents.ddpm_agent][INFO] - Epoch 9169: Mean test mse is 0.020083926352007047
[2026-07-20 08:15:59,482][agents.ddpm_agent][INFO] - Epoch 9179: Mean test mse is 0.018539041546838626
[2026-07-20 08:15:59,501][agents.ddpm_agent][INFO] - New best test loss. Stored weights have been updated!
[2026-07-20 08:16:02,819][agents.ddpm_agent][INFO] - Epoch 9189: Mean test mse is 0.019671404202069556
[2026-07-20 08:16:06,121][agents.ddpm_agent][INFO] - Epoch 9199: Mean test mse is 0.02027735859155655
[2026-07-20 08:16:09,434][agents.ddpm_agent][INFO] - Epoch 9209: Mean test mse is 0.019844811409711838
[2026-07-20 08:16:12,793][agents.ddpm_agent][INFO] - Epoch 9219: Mean test mse is 0.020311277891908373
[2026-07-20 08:16:16,173][agents.ddpm_agent][INFO] - Epoch 9229: Mean test mse is 0.02035581400351865
[2026-07-20 08:16:19,398][agents.ddpm_agent][INFO] - Epoch 9239: Mean test mse is 0.019022200256586075
[2026-07-20 08:16:22,740][agents.ddpm_agent][INFO] - Epoch 9249: Mean test mse is 0.020073052229625837
[2026-07-20 08:16:26,052][agents.ddpm_agent][INFO] - Epoch 9259: Mean test mse is 0.019689882972410748
[2026-07-20 08:16:29,441][agents.ddpm_agent][INFO] - Epoch 9269: Mean test mse is 0.02020738593169621
[2026-07-20 08:16:32,740][agents.ddpm_agent][INFO] - Epoch 9279: Mean test mse is 0.019107434898614883
[2026-07-20 08:16:36,121][agents.ddpm_agent][INFO] - Epoch 9289: Mean test mse is 0.01960855403116771
[2026-07-20 08:16:39,430][agents.ddpm_agent][INFO] - Epoch 9299: Mean test mse is 0.020082045878682817
[2026-07-20 08:16:42,661][agents.ddpm_agent][INFO] - Epoch 9309: Mean test mse is 0.02059220602469785
[2026-07-20 08:16:45,988][agents.ddpm_agent][INFO] - Epoch 9319: Mean test mse is 0.01896370734487261
[2026-07-20 08:16:49,343][agents.ddpm_agent][INFO] - Epoch 9329: Mean test mse is 0.020067208845700537
[2026-07-20 08:16:52,673][agents.ddpm_agent][INFO] - Epoch 9339: Mean test mse is 0.02131806101117815
[2026-07-20 08:16:55,997][agents.ddpm_agent][INFO] - Epoch 9349: Mean test mse is 0.020393424800464084
[2026-07-20 08:16:59,273][agents.ddpm_agent][INFO] - Epoch 9359: Mean test mse is 0.019409768150321076
[2026-07-20 08:17:02,594][agents.ddpm_agent][INFO] - Epoch 9369: Mean test mse is 0.01945196384830134
[2026-07-20 08:17:05,944][agents.ddpm_agent][INFO] - Epoch 9379: Mean test mse is 0.020970957885895456
[2026-07-20 08:17:09,291][agents.ddpm_agent][INFO] - Epoch 9389: Mean test mse is 0.020233571795480593
[2026-07-20 08:17:12,635][agents.ddpm_agent][INFO] - Epoch 9399: Mean test mse is 0.020403193309903145
[2026-07-20 08:17:15,956][agents.ddpm_agent][INFO] - Epoch 9409: Mean test mse is 0.01948976144194603
[2026-07-20 08:17:19,267][agents.ddpm_agent][INFO] - Epoch 9419: Mean test mse is 0.02013900423688548
[2026-07-20 08:17:22,514][agents.ddpm_agent][INFO] - Epoch 9429: Mean test mse is 0.020494516140648296
[2026-07-20 08:17:25,811][agents.ddpm_agent][INFO] - Epoch 9439: Mean test mse is 0.0196197261767728
[2026-07-20 08:17:29,128][agents.ddpm_agent][INFO] - Epoch 9449: Mean test mse is 0.01944322431726115
[2026-07-20 08:17:32,461][agents.ddpm_agent][INFO] - Epoch 9459: Mean test mse is 0.019756324589252472
[2026-07-20 08:17:35,714][agents.ddpm_agent][INFO] - Epoch 9469: Mean test mse is 0.019116243613617762
[2026-07-20 08:17:39,021][agents.ddpm_agent][INFO] - Epoch 9479: Mean test mse is 0.01885006656604154
[2026-07-20 08:17:42,388][agents.ddpm_agent][INFO] - Epoch 9489: Mean test mse is 0.01832711191049644
[2026-07-20 08:17:42,405][agents.ddpm_agent][INFO] - New best test loss. Stored weights have been updated!
[2026-07-20 08:17:45,804][agents.ddpm_agent][INFO] - Epoch 9499: Mean test mse is 0.01934382026748998
[2026-07-20 08:17:49,159][agents.ddpm_agent][INFO] - Epoch 9509: Mean test mse is 0.018272276435579573
[2026-07-20 08:17:49,175][agents.ddpm_agent][INFO] - New best test loss. Stored weights have been updated!
[2026-07-20 08:17:52,470][agents.ddpm_agent][INFO] - Epoch 9519: Mean test mse is 0.01981726129140173
[2026-07-20 08:17:55,777][agents.ddpm_agent][INFO] - Epoch 9529: Mean test mse is 0.020381968734519824
[2026-07-20 08:17:59,162][agents.ddpm_agent][INFO] - Epoch 9539: Mean test mse is 0.02059039127613817
[2026-07-20 08:18:02,434][agents.ddpm_agent][INFO] - Epoch 9549: Mean test mse is 0.019800199727926935
[2026-07-20 08:18:05,796][agents.ddpm_agent][INFO] - Epoch 9559: Mean test mse is 0.01938022407037871
[2026-07-20 08:18:09,116][agents.ddpm_agent][INFO] - Epoch 9569: Mean test mse is 0.0197888971971614
[2026-07-20 08:18:12,435][agents.ddpm_agent][INFO] - Epoch 9579: Mean test mse is 0.019881954150540487
[2026-07-20 08:18:15,765][agents.ddpm_agent][INFO] - Epoch 9589: Mean test mse is 0.018605956807732582
[2026-07-20 08:18:19,010][agents.ddpm_agent][INFO] - Epoch 9599: Mean test mse is 0.018866442942193577
[2026-07-20 08:18:22,343][agents.ddpm_agent][INFO] - Epoch 9609: Mean test mse is 0.02058725564607552
[2026-07-20 08:18:25,682][agents.ddpm_agent][INFO] - Epoch 9619: Mean test mse is 0.01892196759581566
[2026-07-20 08:18:29,027][agents.ddpm_agent][INFO] - Epoch 9629: Mean test mse is 0.020257653003292426
[2026-07-20 08:18:32,396][agents.ddpm_agent][INFO] - Epoch 9639: Mean test mse is 0.019370666039841517
[2026-07-20 08:18:35,760][agents.ddpm_agent][INFO] - Epoch 9649: Mean test mse is 0.018986147163169726
[2026-07-20 08:18:39,010][agents.ddpm_agent][INFO] - Epoch 9659: Mean test mse is 0.019697727103318487
[2026-07-20 08:18:42,325][agents.ddpm_agent][INFO] - Epoch 9669: Mean test mse is 0.019879685448748723
[2026-07-20 08:18:45,628][agents.ddpm_agent][INFO] - Epoch 9679: Mean test mse is 0.0194991941430739
[2026-07-20 08:18:48,952][agents.ddpm_agent][INFO] - Epoch 9689: Mean test mse is 0.018969385751656125
[2026-07-20 08:18:52,234][agents.ddpm_agent][INFO] - Epoch 9699: Mean test mse is 0.02072707563638687
[2026-07-20 08:18:55,550][agents.ddpm_agent][INFO] - Epoch 9709: Mean test mse is 0.02019307389855385
[2026-07-20 08:18:58,939][agents.ddpm_agent][INFO] - Epoch 9719: Mean test mse is 0.019263331113117083
[2026-07-20 08:19:02,117][agents.ddpm_agent][INFO] - Epoch 9729: Mean test mse is 0.019027209175484523
[2026-07-20 08:19:05,442][agents.ddpm_agent][INFO] - Epoch 9739: Mean test mse is 0.020424147535647665
[2026-07-20 08:19:08,720][agents.ddpm_agent][INFO] - Epoch 9749: Mean test mse is 0.017784259681190764
[2026-07-20 08:19:08,737][agents.ddpm_agent][INFO] - New best test loss. Stored weights have been updated!
[2026-07-20 08:19:12,018][agents.ddpm_agent][INFO] - Epoch 9759: Mean test mse is 0.019758574132408415
[2026-07-20 08:19:15,295][agents.ddpm_agent][INFO] - Epoch 9769: Mean test mse is 0.01866812032780477
[2026-07-20 08:19:18,591][agents.ddpm_agent][INFO] - Epoch 9779: Mean test mse is 0.01856378119971071
[2026-07-20 08:19:21,921][agents.ddpm_agent][INFO] - Epoch 9789: Mean test mse is 0.01983380690217018
[2026-07-20 08:19:25,193][agents.ddpm_agent][INFO] - Epoch 9799: Mean test mse is 0.01978000359875815
[2026-07-20 08:19:28,505][agents.ddpm_agent][INFO] - Epoch 9809: Mean test mse is 0.01793873735836574
[2026-07-20 08:19:31,777][agents.ddpm_agent][INFO] - Epoch 9819: Mean test mse is 0.01800767279097012
[2026-07-20 08:19:35,072][agents.ddpm_agent][INFO] - Epoch 9829: Mean test mse is 0.019441159442067146
[2026-07-20 08:19:38,440][agents.ddpm_agent][INFO] - Epoch 9839: Mean test mse is 0.0181176984416587
[2026-07-20 08:19:41,774][agents.ddpm_agent][INFO] - Epoch 9849: Mean test mse is 0.019388172243322645
[2026-07-20 08:19:45,070][agents.ddpm_agent][INFO] - Epoch 9859: Mean test mse is 0.02088176299418722
[2026-07-20 08:19:48,435][agents.ddpm_agent][INFO] - Epoch 9869: Mean test mse is 0.018121855333447456
[2026-07-20 08:19:51,751][agents.ddpm_agent][INFO] - Epoch 9879: Mean test mse is 0.018969799391925335
[2026-07-20 08:19:55,123][agents.ddpm_agent][INFO] - Epoch 9889: Mean test mse is 0.01926352908568723
[2026-07-20 08:19:58,403][agents.ddpm_agent][INFO] - Epoch 9899: Mean test mse is 0.020628395091210092
[2026-07-20 08:20:01,724][agents.ddpm_agent][INFO] - Epoch 9909: Mean test mse is 0.018740732488887652
[2026-07-20 08:20:05,064][agents.ddpm_agent][INFO] - Epoch 9919: Mean test mse is 0.01978242290871484
[2026-07-20 08:20:08,420][agents.ddpm_agent][INFO] - Epoch 9929: Mean test mse is 0.019364627078175545
[2026-07-20 08:20:11,728][agents.ddpm_agent][INFO] - Epoch 9939: Mean test mse is 0.018490857311657498
[2026-07-20 08:20:15,031][agents.ddpm_agent][INFO] - Epoch 9949: Mean test mse is 0.01905092517180102
[2026-07-20 08:20:18,371][agents.ddpm_agent][INFO] - Epoch 9959: Mean test mse is 0.018062029566083635
[2026-07-20 08:20:21,752][agents.ddpm_agent][INFO] - Epoch 9969: Mean test mse is 0.019385019317269325
[2026-07-20 08:20:25,113][agents.ddpm_agent][INFO] - Epoch 9979: Mean test mse is 0.02044430933892727
[2026-07-20 08:20:28,396][agents.ddpm_agent][INFO] - Epoch 9989: Mean test mse is 0.019826240837574005
[2026-07-20 08:20:31,767][agents.ddpm_agent][INFO] - Epoch 9999: Mean test mse is 0.01919103946004595
[2026-07-20 08:20:34,973][agents.ddpm_agent][INFO] - Epoch 10009: Mean test mse is 0.017969313343720778
[2026-07-20 08:20:38,275][agents.ddpm_agent][INFO] - Epoch 10019: Mean test mse is 0.019044783232467517
[2026-07-20 08:20:41,567][agents.ddpm_agent][INFO] - Epoch 10029: Mean test mse is 0.019791333004832268
[2026-07-20 08:20:44,902][agents.ddpm_agent][INFO] - Epoch 10039: Mean test mse is 0.01854441807206188
[2026-07-20 08:20:48,232][agents.ddpm_agent][INFO] - Epoch 10049: Mean test mse is 0.019866836922509328
[2026-07-20 08:20:51,560][agents.ddpm_agent][INFO] - Epoch 10059: Mean test mse is 0.019686676561832428
[2026-07-20 08:20:54,855][agents.ddpm_agent][INFO] - Epoch 10069: Mean test mse is 0.019474768212863376
[2026-07-20 08:20:58,215][agents.ddpm_agent][INFO] - Epoch 10079: Mean test mse is 0.019216503149696758
[2026-07-20 08:21:01,539][agents.ddpm_agent][INFO] - Epoch 10089: Mean test mse is 0.018525648063846996
[2026-07-20 08:21:04,895][agents.ddpm_agent][INFO] - Epoch 10099: Mean test mse is 0.01979047499064888
[2026-07-20 08:21:08,217][agents.ddpm_agent][INFO] - Epoch 10109: Mean test mse is 0.01991776855928557
[2026-07-20 08:21:11,522][agents.ddpm_agent][INFO] - Epoch 10119: Mean test mse is 0.018685099003570422
[2026-07-20 08:21:14,839][agents.ddpm_agent][INFO] - Epoch 10129: Mean test mse is 0.018567002644496306
[2026-07-20 08:21:18,216][agents.ddpm_agent][INFO] - Epoch 10139: Mean test mse is 0.01769277187330382
[2026-07-20 08:21:18,233][agents.ddpm_agent][INFO] - New best test loss. Stored weights have been updated!
[2026-07-20 08:21:21,578][agents.ddpm_agent][INFO] - Epoch 10149: Mean test mse is 0.018343307610069002
[2026-07-20 08:21:24,943][agents.ddpm_agent][INFO] - Epoch 10159: Mean test mse is 0.018349695817700455
[2026-07-20 08:21:28,316][agents.ddpm_agent][INFO] - Epoch 10169: Mean test mse is 0.01844822575471231
[2026-07-20 08:21:31,654][agents.ddpm_agent][INFO] - Epoch 10179: Mean test mse is 0.018187954489673887
[2026-07-20 08:21:35,018][agents.ddpm_agent][INFO] - Epoch 10189: Mean test mse is 0.019280875766915933
[2026-07-20 08:21:38,206][agents.ddpm_agent][INFO] - Epoch 10199: Mean test mse is 0.020140594935842922
[2026-07-20 08:21:41,510][agents.ddpm_agent][INFO] - Epoch 10209: Mean test mse is 0.02078265164579664
[2026-07-20 08:21:44,816][agents.ddpm_agent][INFO] - Epoch 10219: Mean test mse is 0.020095330263887132
[2026-07-20 08:21:48,047][agents.ddpm_agent][INFO] - Epoch 10229: Mean test mse is 0.017986874362187728
[2026-07-20 08:21:51,346][agents.ddpm_agent][INFO] - Epoch 10239: Mean test mse is 0.019690388281430517
[2026-07-20 08:21:54,714][agents.ddpm_agent][INFO] - Epoch 10249: Mean test mse is 0.02007504366338253
[2026-07-20 08:21:58,002][agents.ddpm_agent][INFO] - Epoch 10259: Mean test mse is 0.020006797409483364
[2026-07-20 08:22:01,324][agents.ddpm_agent][INFO] - Epoch 10269: Mean test mse is 0.018304366219256605
[2026-07-20 08:22:04,608][agents.ddpm_agent][INFO] - Epoch 10279: Mean test mse is 0.019977614815746034
[2026-07-20 08:22:07,934][agents.ddpm_agent][INFO] - Epoch 10289: Mean test mse is 0.019036184464182173
[2026-07-20 08:22:11,269][agents.ddpm_agent][INFO] - Epoch 10299: Mean test mse is 0.018898934924176762
[2026-07-20 08:22:14,605][agents.ddpm_agent][INFO] - Epoch 10309: Mean test mse is 0.018637588513748988
[2026-07-20 08:22:17,959][agents.ddpm_agent][INFO] - Epoch 10319: Mean test mse is 0.018278425293309346
[2026-07-20 08:22:21,325][agents.ddpm_agent][INFO] - Epoch 10329: Mean test mse is 0.018667288922837803
[2026-07-20 08:22:24,698][agents.ddpm_agent][INFO] - Epoch 10339: Mean test mse is 0.01811517296092851
[2026-07-20 08:22:28,052][agents.ddpm_agent][INFO] - Epoch 10349: Mean test mse is 0.018385584067021097
[2026-07-20 08:22:31,408][agents.ddpm_agent][INFO] - Epoch 10359: Mean test mse is 0.01926587681685175
[2026-07-20 08:22:34,770][agents.ddpm_agent][INFO] - Epoch 10369: Mean test mse is 0.01999493275902101
[2026-07-20 08:22:38,073][agents.ddpm_agent][INFO] - Epoch 10379: Mean test mse is 0.020065162863050188
[2026-07-20 08:22:41,427][agents.ddpm_agent][INFO] - Epoch 10389: Mean test mse is 0.019311859671558653
[2026-07-20 08:22:44,787][agents.ddpm_agent][INFO] - Epoch 10399: Mean test mse is 0.019004629126616886
[2026-07-20 08:22:48,192][agents.ddpm_agent][INFO] - Epoch 10409: Mean test mse is 0.019921690890831605
[2026-07-20 08:22:51,527][agents.ddpm_agent][INFO] - Epoch 10419: Mean test mse is 0.01799846493772098
[2026-07-20 08:22:54,878][agents.ddpm_agent][INFO] - Epoch 10429: Mean test mse is 0.0186267298247133
[2026-07-20 08:22:58,190][agents.ddpm_agent][INFO] - Epoch 10439: Mean test mse is 0.017893626620726927
[2026-07-20 08:23:01,558][agents.ddpm_agent][INFO] - Epoch 10449: Mean test mse is 0.0200594389545066
[2026-07-20 08:23:04,883][agents.ddpm_agent][INFO] - Epoch 10459: Mean test mse is 0.0203467354710613
[2026-07-20 08:23:08,252][agents.ddpm_agent][INFO] - Epoch 10469: Mean test mse is 0.019184430528964316
[2026-07-20 08:23:11,522][agents.ddpm_agent][INFO] - Epoch 10479: Mean test mse is 0.020112786708133563
[2026-07-20 08:23:14,816][agents.ddpm_agent][INFO] - Epoch 10489: Mean test mse is 0.019976856719170297
[2026-07-20 08:23:18,126][agents.ddpm_agent][INFO] - Epoch 10499: Mean test mse is 0.019494108988770416
[2026-07-20 08:23:21,475][agents.ddpm_agent][INFO] - Epoch 10509: Mean test mse is 0.01891178890530552
[2026-07-20 08:23:24,798][agents.ddpm_agent][INFO] - Epoch 10519: Mean test mse is 0.018200712544577464
[2026-07-20 08:23:28,028][agents.ddpm_agent][INFO] - Epoch 10529: Mean test mse is 0.019517346152237484
[2026-07-20 08:23:31,348][agents.ddpm_agent][INFO] - Epoch 10539: Mean test mse is 0.01758077341531004
[2026-07-20 08:23:31,386][agents.ddpm_agent][INFO] - New best test loss. Stored weights have been updated!
[2026-07-20 08:23:34,720][agents.ddpm_agent][INFO] - Epoch 10549: Mean test mse is 0.018821613863110542
[2026-07-20 08:23:38,073][agents.ddpm_agent][INFO] - Epoch 10559: Mean test mse is 0.021578879494752203
[2026-07-20 08:23:41,371][agents.ddpm_agent][INFO] - Epoch 10569: Mean test mse is 0.01899636656578098
[2026-07-20 08:23:44,699][agents.ddpm_agent][INFO] - Epoch 10579: Mean test mse is 0.017856092990509102
[2026-07-20 08:23:48,021][agents.ddpm_agent][INFO] - Epoch 10589: Mean test mse is 0.019286203065088818
[2026-07-20 08:23:51,356][agents.ddpm_agent][INFO] - Epoch 10599: Mean test mse is 0.019550042892141
[2026-07-20 08:23:54,652][agents.ddpm_agent][INFO] - Epoch 10609: Mean test mse is 0.01934220695069858
[2026-07-20 08:23:57,903][agents.ddpm_agent][INFO] - Epoch 10619: Mean test mse is 0.01829943446708577
[2026-07-20 08:24:01,233][agents.ddpm_agent][INFO] - Epoch 10629: Mean test mse is 0.01881122589111328
[2026-07-20 08:24:04,534][agents.ddpm_agent][INFO] - Epoch 10639: Mean test mse is 0.020182514829295024
[2026-07-20 08:24:07,813][agents.ddpm_agent][INFO] - Epoch 10649: Mean test mse is 0.01960721505539758
[2026-07-20 08:24:11,153][agents.ddpm_agent][INFO] - Epoch 10659: Mean test mse is 0.01912649454815047
[2026-07-20 08:24:14,478][agents.ddpm_agent][INFO] - Epoch 10669: Mean test mse is 0.01942808952714716
[2026-07-20 08:24:17,876][agents.ddpm_agent][INFO] - Epoch 10679: Mean test mse is 0.0190599403743233
[2026-07-20 08:24:21,207][agents.ddpm_agent][INFO] - Epoch 10689: Mean test mse is 0.020090695736663684
[2026-07-20 08:24:24,522][agents.ddpm_agent][INFO] - Epoch 10699: Mean test mse is 0.018448843088533198
[2026-07-20 08:24:27,861][agents.ddpm_agent][INFO] - Epoch 10709: Mean test mse is 0.018228879065385888
[2026-07-20 08:24:31,166][agents.ddpm_agent][INFO] - Epoch 10719: Mean test mse is 0.01929303870669433
[2026-07-20 08:24:34,472][agents.ddpm_agent][INFO] - Epoch 10729: Mean test mse is 0.019890654299940382
[2026-07-20 08:24:37,775][agents.ddpm_agent][INFO] - Epoch 10739: Mean test mse is 0.017606001613395556
[2026-07-20 08:24:41,165][agents.ddpm_agent][INFO] - Epoch 10749: Mean test mse is 0.01909476252538817
[2026-07-20 08:24:44,430][agents.ddpm_agent][INFO] - Epoch 10759: Mean test mse is 0.018492375101361955
[2026-07-20 08:24:47,738][agents.ddpm_agent][INFO] - Epoch 10769: Mean test mse is 0.019417701555149897
[2026-07-20 08:24:50,963][agents.ddpm_agent][INFO] - Epoch 10779: Mean test mse is 0.019169080071151257
[2026-07-20 08:24:54,241][agents.ddpm_agent][INFO] - Epoch 10789: Mean test mse is 0.01861286535859108
[2026-07-20 08:24:57,506][agents.ddpm_agent][INFO] - Epoch 10799: Mean test mse is 0.018723252096346447
[2026-07-20 08:25:00,819][agents.ddpm_agent][INFO] - Epoch 10809: Mean test mse is 0.01958008749144418
[2026-07-20 08:25:04,107][agents.ddpm_agent][INFO] - Epoch 10819: Mean test mse is 0.019191795427884375
[2026-07-20 08:25:07,451][agents.ddpm_agent][INFO] - Epoch 10829: Mean test mse is 0.01944842535470213
[2026-07-20 08:25:10,827][agents.ddpm_agent][INFO] - Epoch 10839: Mean test mse is 0.019942856526800563
[2026-07-20 08:25:14,138][agents.ddpm_agent][INFO] - Epoch 10849: Mean test mse is 0.020130426489881108
[2026-07-20 08:25:17,482][agents.ddpm_agent][INFO] - Epoch 10859: Mean test mse is 0.018592384377760545
[2026-07-20 08:25:20,812][agents.ddpm_agent][INFO] - Epoch 10869: Mean test mse is 0.019097860902547836
[2026-07-20 08:25:24,233][agents.ddpm_agent][INFO] - Epoch 10879: Mean test mse is 0.01838921888598374
[2026-07-20 08:25:27,539][agents.ddpm_agent][INFO] - Epoch 10889: Mean test mse is 0.018713904278618947
[2026-07-20 08:25:30,810][agents.ddpm_agent][INFO] - Epoch 10899: Mean test mse is 0.01895437389612198
[2026-07-20 08:25:34,102][agents.ddpm_agent][INFO] - Epoch 10909: Mean test mse is 0.01830803576324667
[2026-07-20 08:25:37,401][agents.ddpm_agent][INFO] - Epoch 10919: Mean test mse is 0.018280849126832827
[2026-07-20 08:25:40,692][agents.ddpm_agent][INFO] - Epoch 10929: Mean test mse is 0.01878902143133538
[2026-07-20 08:25:44,050][agents.ddpm_agent][INFO] - Epoch 10939: Mean test mse is 0.01934633337493454
[2026-07-20 08:25:47,359][agents.ddpm_agent][INFO] - Epoch 10949: Mean test mse is 0.01866377717150109
[2026-07-20 08:25:50,733][agents.ddpm_agent][INFO] - Epoch 10959: Mean test mse is 0.018565725269062177
[2026-07-20 08:25:53,989][agents.ddpm_agent][INFO] - Epoch 10969: Mean test mse is 0.020289145676153048
[2026-07-20 08:25:57,225][agents.ddpm_agent][INFO] - Epoch 10979: Mean test mse is 0.01854702377957957
[2026-07-20 08:26:00,550][agents.ddpm_agent][INFO] - Epoch 10989: Mean test mse is 0.018735151205744063
[2026-07-20 08:26:03,942][agents.ddpm_agent][INFO] - Epoch 10999: Mean test mse is 0.018488339813692228
[2026-07-20 08:26:07,179][agents.ddpm_agent][INFO] - Epoch 11009: Mean test mse is 0.018620693257876804
[2026-07-20 08:26:10,506][agents.ddpm_agent][INFO] - Epoch 11019: Mean test mse is 0.018385916150041988
[2026-07-20 08:26:13,787][agents.ddpm_agent][INFO] - Epoch 11029: Mean test mse is 0.019502489561481134
[2026-07-20 08:26:17,069][agents.ddpm_agent][INFO] - Epoch 11039: Mean test mse is 0.019414874591997693
[2026-07-20 08:26:20,450][agents.ddpm_agent][INFO] - Epoch 11049: Mean test mse is 0.018714387635035173
[2026-07-20 08:26:23,802][agents.ddpm_agent][INFO] - Epoch 11059: Mean test mse is 0.018630075534539565
[2026-07-20 08:26:27,174][agents.ddpm_agent][INFO] - Epoch 11069: Mean test mse is 0.01977693901530334
[2026-07-20 08:26:30,471][agents.ddpm_agent][INFO] - Epoch 11079: Mean test mse is 0.01912584581545421
[2026-07-20 08:26:33,812][agents.ddpm_agent][INFO] - Epoch 11089: Mean test mse is 0.018753375858068466
[2026-07-20 08:26:37,117][agents.ddpm_agent][INFO] - Epoch 11099: Mean test mse is 0.018972366516079222
[2026-07-20 08:26:40,365][agents.ddpm_agent][INFO] - Epoch 11109: Mean test mse is 0.019575880308236395
[2026-07-20 08:26:43,632][agents.ddpm_agent][INFO] - Epoch 11119: Mean test mse is 0.018812717337693487
[2026-07-20 08:26:46,909][agents.ddpm_agent][INFO] - Epoch 11129: Mean test mse is 0.019193211570382118
[2026-07-20 08:26:50,244][agents.ddpm_agent][INFO] - Epoch 11139: Mean test mse is 0.018292987985270365
[2026-07-20 08:26:53,507][agents.ddpm_agent][INFO] - Epoch 11149: Mean test mse is 0.019320938736200333
[2026-07-20 08:26:56,898][agents.ddpm_agent][INFO] - Epoch 11159: Mean test mse is 0.0184955397354705
[2026-07-20 08:27:00,088][agents.ddpm_agent][INFO] - Epoch 11169: Mean test mse is 0.01915868584598814
[2026-07-20 08:27:03,397][agents.ddpm_agent][INFO] - Epoch 11179: Mean test mse is 0.018564480223826
[2026-07-20 08:27:06,681][agents.ddpm_agent][INFO] - Epoch 11189: Mean test mse is 0.018297291892979826
[2026-07-20 08:27:10,070][agents.ddpm_agent][INFO] - Epoch 11199: Mean test mse is 0.01926505778517042
[2026-07-20 08:27:13,461][agents.ddpm_agent][INFO] - Epoch 11209: Mean test mse is 0.018472045127834593
[2026-07-20 08:27:16,745][agents.ddpm_agent][INFO] - Epoch 11219: Mean test mse is 0.019905989723546163
[2026-07-20 08:27:20,026][agents.ddpm_agent][INFO] - Epoch 11229: Mean test mse is 0.018418386046375548
[2026-07-20 08:27:23,317][agents.ddpm_agent][INFO] - Epoch 11239: Mean test mse is 0.01881594423736845
[2026-07-20 08:27:26,712][agents.ddpm_agent][INFO] - Epoch 11249: Mean test mse is 0.017571333928831985
[2026-07-20 08:27:26,749][agents.ddpm_agent][INFO] - New best test loss. Stored weights have been updated!
[2026-07-20 08:27:31,508][agents.ddpm_agent][INFO] - Epoch 11259: Mean test mse is 0.01922453780259405
[2026-07-20 08:27:36,215][agents.ddpm_agent][INFO] - Epoch 11269: Mean test mse is 0.018542255674089705
[2026-07-20 08:27:40,702][agents.ddpm_agent][INFO] - Epoch 11279: Mean test mse is 0.019367398960249766
[2026-07-20 08:27:43,923][agents.ddpm_agent][INFO] - Epoch 11289: Mean test mse is 0.018407657742500305
[2026-07-20 08:27:47,226][agents.ddpm_agent][INFO] - Epoch 11299: Mean test mse is 0.018857435190251896
[2026-07-20 08:27:50,772][agents.ddpm_agent][INFO] - Epoch 11309: Mean test mse is 0.017395843884774616
[2026-07-20 08:27:50,791][agents.ddpm_agent][INFO] - New best test loss. Stored weights have been updated!
[2026-07-20 08:27:54,266][agents.ddpm_agent][INFO] - Epoch 11319: Mean test mse is 0.017768359343920435
[2026-07-20 08:27:57,563][agents.ddpm_agent][INFO] - Epoch 11329: Mean test mse is 0.017625267351312295
[2026-07-20 08:28:00,832][agents.ddpm_agent][INFO] - Epoch 11339: Mean test mse is 0.018765382202608243
[2026-07-20 08:28:04,053][agents.ddpm_agent][INFO] - Epoch 11349: Mean test mse is 0.018922956261251653
[2026-07-20 08:28:07,400][agents.ddpm_agent][INFO] - Epoch 11359: Mean test mse is 0.019597294607332776
[2026-07-20 08:28:10,712][agents.ddpm_agent][INFO] - Epoch 11369: Mean test mse is 0.0187663503789476
[2026-07-20 08:28:14,022][agents.ddpm_agent][INFO] - Epoch 11379: Mean test mse is 0.017835528988923346
[2026-07-20 08:28:17,487][agents.ddpm_agent][INFO] - Epoch 11389: Mean test mse is 0.018592407926917076
[2026-07-20 08:28:20,931][agents.ddpm_agent][INFO] - Epoch 11399: Mean test mse is 0.01818965987435409
[2026-07-20 08:28:24,219][agents.ddpm_agent][INFO] - Epoch 11409: Mean test mse is 0.019929180453930582
[2026-07-20 08:28:27,567][agents.ddpm_agent][INFO] - Epoch 11419: Mean test mse is 0.020349037434373583
[2026-07-20 08:28:30,820][agents.ddpm_agent][INFO] - Epoch 11429: Mean test mse is 0.01750644775373595
[2026-07-20 08:28:34,052][agents.ddpm_agent][INFO] - Epoch 11439: Mean test mse is 0.018896667419799736
[2026-07-20 08:28:37,315][agents.ddpm_agent][INFO] - Epoch 11449: Mean test mse is 0.01862410083413124
[2026-07-20 08:28:40,665][agents.ddpm_agent][INFO] - Epoch 11459: Mean test mse is 0.01828785573265382
[2026-07-20 08:28:43,932][agents.ddpm_agent][INFO] - Epoch 11469: Mean test mse is 0.01840475627354213
[2026-07-20 08:28:47,912][agents.ddpm_agent][INFO] - Epoch 11479: Mean test mse is 0.01913724360721452
[2026-07-20 08:28:51,484][agents.ddpm_agent][INFO] - Epoch 11489: Mean test mse is 0.018666136477674757
[2026-07-20 08:28:54,797][agents.ddpm_agent][INFO] - Epoch 11499: Mean test mse is 0.019868346729448864
[2026-07-20 08:28:58,149][agents.ddpm_agent][INFO] - Epoch 11509: Mean test mse is 0.01788256796342986
[2026-07-20 08:29:01,677][agents.ddpm_agent][INFO] - Epoch 11519: Mean test mse is 0.019065115866916522
[2026-07-20 08:29:05,606][agents.ddpm_agent][INFO] - Epoch 11529: Mean test mse is 0.018470103586358682
[2026-07-20 08:29:08,890][agents.ddpm_agent][INFO] - Epoch 11539: Mean test mse is 0.018926845996507576
[2026-07-20 08:29:13,451][agents.ddpm_agent][INFO] - Epoch 11549: Mean test mse is 0.018435047274189337
[2026-07-20 08:29:17,170][agents.ddpm_agent][INFO] - Epoch 11559: Mean test mse is 0.018333261034318378
[2026-07-20 08:29:20,433][agents.ddpm_agent][INFO] - Epoch 11569: Mean test mse is 0.01780184544622898
[2026-07-20 08:29:23,768][agents.ddpm_agent][INFO] - Epoch 11579: Mean test mse is 0.01870989373752049
[2026-07-20 08:29:31,219][agents.ddpm_agent][INFO] - Epoch 11589: Mean test mse is 0.01883170727108206
[2026-07-20 08:29:35,249][agents.ddpm_agent][INFO] - Epoch 11599: Mean test mse is 0.019175143646342412
[2026-07-20 08:29:38,985][agents.ddpm_agent][INFO] - Epoch 11609: Mean test mse is 0.017399667230035578
[2026-07-20 08:29:43,789][agents.ddpm_agent][INFO] - Epoch 11619: Mean test mse is 0.020400781450527056
[2026-07-20 08:29:47,892][agents.ddpm_agent][INFO] - Epoch 11629: Mean test mse is 0.019587336906364987
[2026-07-20 08:29:51,168][agents.ddpm_agent][INFO] - Epoch 11639: Mean test mse is 0.018365018335836276
[2026-07-20 08:29:54,444][agents.ddpm_agent][INFO] - Epoch 11649: Mean test mse is 0.018757478733147894
[2026-07-20 08:29:59,339][agents.ddpm_agent][INFO] - Epoch 11659: Mean test mse is 0.018906189927033017
[2026-07-20 08:30:03,633][agents.ddpm_agent][INFO] - Epoch 11669: Mean test mse is 0.018840530621153966
[2026-07-20 08:30:08,340][agents.ddpm_agent][INFO] - Epoch 11679: Mean test mse is 0.01842033171228
[2026-07-20 08:30:13,342][agents.ddpm_agent][INFO] - Epoch 11689: Mean test mse is 0.020519629386918887
[2026-07-20 08:30:18,700][agents.ddpm_agent][INFO] - Epoch 11699: Mean test mse is 0.01874968595802784
[2026-07-20 08:30:21,985][agents.ddpm_agent][INFO] - Epoch 11709: Mean test mse is 0.020156967586704662
[2026-07-20 08:30:25,983][agents.ddpm_agent][INFO] - Epoch 11719: Mean test mse is 0.018333222717046738
[2026-07-20 08:30:30,840][agents.ddpm_agent][INFO] - Epoch 11729: Mean test mse is 0.01836972949760301
[2026-07-20 08:30:35,450][agents.ddpm_agent][INFO] - Epoch 11739: Mean test mse is 0.017372599935957363
[2026-07-20 08:30:35,585][agents.ddpm_agent][INFO] - New best test loss. Stored weights have been updated!
[2026-07-20 08:30:40,378][agents.ddpm_agent][INFO] - Epoch 11749: Mean test mse is 0.01880462760371821
[2026-07-20 08:30:45,172][agents.ddpm_agent][INFO] - Epoch 11759: Mean test mse is 0.019063070682542666
[2026-07-20 08:30:50,085][agents.ddpm_agent][INFO] - Epoch 11769: Mean test mse is 0.01903067050235612
[2026-07-20 08:30:53,453][agents.ddpm_agent][INFO] - Epoch 11779: Mean test mse is 0.018704150138156756
[2026-07-20 08:30:58,061][agents.ddpm_agent][INFO] - Epoch 11789: Mean test mse is 0.017669076765222207
[2026-07-20 08:31:02,930][agents.ddpm_agent][INFO] - Epoch 11799: Mean test mse is 0.018251036426850727
[2026-07-20 08:31:07,820][agents.ddpm_agent][INFO] - Epoch 11809: Mean test mse is 0.017651071905025413
[2026-07-20 08:31:12,873][agents.ddpm_agent][INFO] - Epoch 11819: Mean test mse is 0.018743366269128665
[2026-07-20 08:31:17,764][agents.ddpm_agent][INFO] - Epoch 11829: Mean test mse is 0.01896166748234204
[2026-07-20 08:31:22,680][agents.ddpm_agent][INFO] - Epoch 11839: Mean test mse is 0.017997746488877704
[2026-07-20 08:31:27,352][agents.ddpm_agent][INFO] - Epoch 11849: Mean test mse is 0.018096110384379114
[2026-07-20 08:31:30,779][agents.ddpm_agent][INFO] - Epoch 11859: Mean test mse is 0.017410055601171086
[2026-07-20 08:31:34,161][agents.ddpm_agent][INFO] - Epoch 11869: Mean test mse is 0.018828999118081162
[2026-07-20 08:31:37,591][agents.ddpm_agent][INFO] - Epoch 11879: Mean test mse is 0.018594156950712204
[2026-07-20 08:31:40,942][agents.ddpm_agent][INFO] - Epoch 11889: Mean test mse is 0.019121385046413968
[2026-07-20 08:31:44,238][agents.ddpm_agent][INFO] - Epoch 11899: Mean test mse is 0.020089357825262204
[2026-07-20 08:31:47,657][agents.ddpm_agent][INFO] - Epoch 11909: Mean test mse is 0.019494894625885145
[2026-07-20 08:31:51,128][agents.ddpm_agent][INFO] - Epoch 11919: Mean test mse is 0.01933019661477634
[2026-07-20 08:31:54,483][agents.ddpm_agent][INFO] - Epoch 11929: Mean test mse is 0.01891168499631541
[2026-07-20 08:31:57,831][agents.ddpm_agent][INFO] - Epoch 11939: Mean test mse is 0.01953012895371233
[2026-07-20 08:32:01,284][agents.ddpm_agent][INFO] - Epoch 11949: Mean test mse is 0.01910929408456598
[2026-07-20 08:32:04,602][agents.ddpm_agent][INFO] - Epoch 11959: Mean test mse is 0.019657511530177935
[2026-07-20 08:32:07,913][agents.ddpm_agent][INFO] - Epoch 11969: Mean test mse is 0.0187555125781468
[2026-07-20 08:32:11,259][agents.ddpm_agent][INFO] - Epoch 11979: Mean test mse is 0.017686457772340094
[2026-07-20 08:32:14,629][agents.ddpm_agent][INFO] - Epoch 11989: Mean test mse is 0.018859799153038433
[2026-07-20 08:32:18,101][agents.ddpm_agent][INFO] - Epoch 11999: Mean test mse is 0.018801682628691196
[2026-07-20 08:32:18,459][agents.ddpm_agent][INFO] - Training done!
[2026-07-20 08:32:18,461][__main__][INFO] - Training-only mode enabled; skipping simulation.
