[2026-07-20 04:49:16,227][agents.models.diffusion.diffusion_models][INFO] - number of parameters: 2.748260e+05
[2026-07-20 04:49:22,368][root][INFO] - Loading Sorting Dataset
[2026-07-20 04:49:24,326][root][INFO] - Loading Sorting Dataset
[2026-07-20 04:49:24,566][agents.utils.scaler][INFO] - Datset Info: state min: [-2.3854534  -1.52318297 -2.5436591  -1.47282681] and max: [2.68851348 1.91139402 2.31634682 1.92205774], action min: [-1.83908446 -2.15521727] and max: [1.93458139 0.68739523]
[2026-07-20 04:49:24,567][agents.utils.scaler][INFO] - Training dataset size: input (7305, 4) target (7305, 2)
[2026-07-20 04:49:24,567][agents.base_agent][INFO] - The model has a total amount of 274826 parameters
[2026-07-20 04:49:48,653][agents.ddpm_agent][INFO] - Epoch 9: Mean test mse is 0.2758592026574271
[2026-07-20 04:49:48,862][agents.ddpm_agent][INFO] - New best test loss. Stored weights have been updated!
[2026-07-20 04:49:52,450][agents.ddpm_agent][INFO] - Epoch 19: Mean test mse is 0.20753201842308044
[2026-07-20 04:49:52,468][agents.ddpm_agent][INFO] - New best test loss. Stored weights have been updated!
[2026-07-20 04:49:55,987][agents.ddpm_agent][INFO] - Epoch 29: Mean test mse is 0.17376558908394404
[2026-07-20 04:49:56,004][agents.ddpm_agent][INFO] - New best test loss. Stored weights have been updated!
[2026-07-20 04:49:59,545][agents.ddpm_agent][INFO] - Epoch 39: Mean test mse is 0.1613211908510753
[2026-07-20 04:49:59,563][agents.ddpm_agent][INFO] - New best test loss. Stored weights have been updated!
[2026-07-20 04:50:03,104][agents.ddpm_agent][INFO] - Epoch 49: Mean test mse is 0.1464835043464388
[2026-07-20 04:50:03,122][agents.ddpm_agent][INFO] - New best test loss. Stored weights have been updated!
[2026-07-20 04:50:06,720][agents.ddpm_agent][INFO] - Epoch 59: Mean test mse is 0.13733909172671183
[2026-07-20 04:50:06,737][agents.ddpm_agent][INFO] - New best test loss. Stored weights have been updated!
[2026-07-20 04:50:10,315][agents.ddpm_agent][INFO] - Epoch 69: Mean test mse is 0.13244379524673736
[2026-07-20 04:50:10,332][agents.ddpm_agent][INFO] - New best test loss. Stored weights have been updated!
[2026-07-20 04:50:13,844][agents.ddpm_agent][INFO] - Epoch 79: Mean test mse is 0.12678618835551397
[2026-07-20 04:50:13,861][agents.ddpm_agent][INFO] - New best test loss. Stored weights have been updated!
[2026-07-20 04:50:17,415][agents.ddpm_agent][INFO] - Epoch 89: Mean test mse is 0.12428376823663712
[2026-07-20 04:50:17,432][agents.ddpm_agent][INFO] - New best test loss. Stored weights have been updated!
[2026-07-20 04:50:20,993][agents.ddpm_agent][INFO] - Epoch 99: Mean test mse is 0.11687560485942024
[2026-07-20 04:50:21,011][agents.ddpm_agent][INFO] - New best test loss. Stored weights have been updated!
[2026-07-20 04:50:24,646][agents.ddpm_agent][INFO] - Epoch 109: Mean test mse is 0.11153259660516467
[2026-07-20 04:50:24,664][agents.ddpm_agent][INFO] - New best test loss. Stored weights have been updated!
[2026-07-20 04:50:28,183][agents.ddpm_agent][INFO] - Epoch 119: Mean test mse is 0.11023527490241188
[2026-07-20 04:50:28,200][agents.ddpm_agent][INFO] - New best test loss. Stored weights have been updated!
[2026-07-20 04:50:31,732][agents.ddpm_agent][INFO] - Epoch 129: Mean test mse is 0.11199659641299929
[2026-07-20 04:50:35,318][agents.ddpm_agent][INFO] - Epoch 139: Mean test mse is 0.10978856363466807
[2026-07-20 04:50:35,336][agents.ddpm_agent][INFO] - New best test loss. Stored weights have been updated!
[2026-07-20 04:50:38,907][agents.ddpm_agent][INFO] - Epoch 149: Mean test mse is 0.10653876832553319
[2026-07-20 04:50:38,924][agents.ddpm_agent][INFO] - New best test loss. Stored weights have been updated!
[2026-07-20 04:50:42,492][agents.ddpm_agent][INFO] - Epoch 159: Mean test mse is 0.1024278774857521
[2026-07-20 04:50:42,509][agents.ddpm_agent][INFO] - New best test loss. Stored weights have been updated!
[2026-07-20 04:50:46,042][agents.ddpm_agent][INFO] - Epoch 169: Mean test mse is 0.10334637973989759
[2026-07-20 04:50:49,611][agents.ddpm_agent][INFO] - Epoch 179: Mean test mse is 0.0987376059804644
[2026-07-20 04:50:49,629][agents.ddpm_agent][INFO] - New best test loss. Stored weights have been updated!
[2026-07-20 04:50:53,187][agents.ddpm_agent][INFO] - Epoch 189: Mean test mse is 0.09999892115592957
[2026-07-20 04:50:56,739][agents.ddpm_agent][INFO] - Epoch 199: Mean test mse is 0.09670411688940865
[2026-07-20 04:50:56,757][agents.ddpm_agent][INFO] - New best test loss. Stored weights have been updated!
[2026-07-20 04:51:00,236][agents.ddpm_agent][INFO] - Epoch 209: Mean test mse is 0.09928394960505622
[2026-07-20 04:51:03,790][agents.ddpm_agent][INFO] - Epoch 219: Mean test mse is 0.1002182268670627
[2026-07-20 04:51:07,292][agents.ddpm_agent][INFO] - Epoch 229: Mean test mse is 0.09627389056341988
[2026-07-20 04:51:07,310][agents.ddpm_agent][INFO] - New best test loss. Stored weights have been updated!
[2026-07-20 04:51:10,863][agents.ddpm_agent][INFO] - Epoch 239: Mean test mse is 0.09383476844855718
[2026-07-20 04:51:10,880][agents.ddpm_agent][INFO] - New best test loss. Stored weights have been updated!
[2026-07-20 04:51:14,437][agents.ddpm_agent][INFO] - Epoch 249: Mean test mse is 0.09383745385067803
[2026-07-20 04:51:17,984][agents.ddpm_agent][INFO] - Epoch 259: Mean test mse is 0.08903591973440987
[2026-07-20 04:51:19,691][agents.ddpm_agent][INFO] - New best test loss. Stored weights have been updated!
[2026-07-20 04:51:23,257][agents.ddpm_agent][INFO] - Epoch 269: Mean test mse is 0.08648649177380971
[2026-07-20 04:51:23,292][agents.ddpm_agent][INFO] - New best test loss. Stored weights have been updated!
[2026-07-20 04:51:26,823][agents.ddpm_agent][INFO] - Epoch 279: Mean test mse is 0.09066699764558248
[2026-07-20 04:51:30,388][agents.ddpm_agent][INFO] - Epoch 289: Mean test mse is 0.08858131510870797
[2026-07-20 04:51:34,005][agents.ddpm_agent][INFO] - Epoch 299: Mean test mse is 0.08743491875273841
[2026-07-20 04:51:37,587][agents.ddpm_agent][INFO] - Epoch 309: Mean test mse is 0.08643068905387606
[2026-07-20 04:51:37,605][agents.ddpm_agent][INFO] - New best test loss. Stored weights have been updated!
[2026-07-20 04:51:41,141][agents.ddpm_agent][INFO] - Epoch 319: Mean test mse is 0.08471413595335824
[2026-07-20 04:51:41,158][agents.ddpm_agent][INFO] - New best test loss. Stored weights have been updated!
[2026-07-20 04:51:44,728][agents.ddpm_agent][INFO] - Epoch 329: Mean test mse is 0.08729957044124603
[2026-07-20 04:51:48,258][agents.ddpm_agent][INFO] - Epoch 339: Mean test mse is 0.08500790489571435
[2026-07-20 04:51:51,856][agents.ddpm_agent][INFO] - Epoch 349: Mean test mse is 0.08293094273124423
[2026-07-20 04:51:51,873][agents.ddpm_agent][INFO] - New best test loss. Stored weights have been updated!
[2026-07-20 04:51:55,421][agents.ddpm_agent][INFO] - Epoch 359: Mean test mse is 0.0812507335628782
[2026-07-20 04:51:55,438][agents.ddpm_agent][INFO] - New best test loss. Stored weights have been updated!
[2026-07-20 04:51:59,032][agents.ddpm_agent][INFO] - Epoch 369: Mean test mse is 0.08036479779652186
[2026-07-20 04:52:00,157][agents.ddpm_agent][INFO] - New best test loss. Stored weights have been updated!
[2026-07-20 04:52:03,699][agents.ddpm_agent][INFO] - Epoch 379: Mean test mse is 0.07977010203259331
[2026-07-20 04:52:03,716][agents.ddpm_agent][INFO] - New best test loss. Stored weights have been updated!
[2026-07-20 04:52:07,296][agents.ddpm_agent][INFO] - Epoch 389: Mean test mse is 0.07889616382973534
[2026-07-20 04:52:07,314][agents.ddpm_agent][INFO] - New best test loss. Stored weights have been updated!
[2026-07-20 04:52:10,887][agents.ddpm_agent][INFO] - Epoch 399: Mean test mse is 0.07947713562420436
[2026-07-20 04:52:14,488][agents.ddpm_agent][INFO] - Epoch 409: Mean test mse is 0.07900112973792213
[2026-07-20 04:52:18,056][agents.ddpm_agent][INFO] - Epoch 419: Mean test mse is 0.07997627662760871
[2026-07-20 04:52:21,611][agents.ddpm_agent][INFO] - Epoch 429: Mean test mse is 0.08253390554870878
[2026-07-20 04:52:25,159][agents.ddpm_agent][INFO] - Epoch 439: Mean test mse is 0.07825003670794624
[2026-07-20 04:52:25,176][agents.ddpm_agent][INFO] - New best test loss. Stored weights have been updated!
[2026-07-20 04:52:28,702][agents.ddpm_agent][INFO] - Epoch 449: Mean test mse is 0.07385489876781191
[2026-07-20 04:52:28,720][agents.ddpm_agent][INFO] - New best test loss. Stored weights have been updated!
[2026-07-20 04:52:32,298][agents.ddpm_agent][INFO] - Epoch 459: Mean test mse is 0.07486598193645477
[2026-07-20 04:52:35,885][agents.ddpm_agent][INFO] - Epoch 469: Mean test mse is 0.07406321274382728
[2026-07-20 04:52:39,481][agents.ddpm_agent][INFO] - Epoch 479: Mean test mse is 0.07580915572387832
[2026-07-20 04:52:43,105][agents.ddpm_agent][INFO] - Epoch 489: Mean test mse is 0.07777604460716248
[2026-07-20 04:52:46,625][agents.ddpm_agent][INFO] - Epoch 499: Mean test mse is 0.07638031670025416
[2026-07-20 04:52:50,154][agents.ddpm_agent][INFO] - Epoch 509: Mean test mse is 0.07637236267328262
[2026-07-20 04:52:53,771][agents.ddpm_agent][INFO] - Epoch 519: Mean test mse is 0.07317220738955907
[2026-07-20 04:52:53,789][agents.ddpm_agent][INFO] - New best test loss. Stored weights have been updated!
[2026-07-20 04:52:57,376][agents.ddpm_agent][INFO] - Epoch 529: Mean test mse is 0.0727694279381207
[2026-07-20 04:52:57,393][agents.ddpm_agent][INFO] - New best test loss. Stored weights have been updated!
[2026-07-20 04:53:01,013][agents.ddpm_agent][INFO] - Epoch 539: Mean test mse is 0.07131432209696088
[2026-07-20 04:53:01,030][agents.ddpm_agent][INFO] - New best test loss. Stored weights have been updated!
[2026-07-20 04:53:04,607][agents.ddpm_agent][INFO] - Epoch 549: Mean test mse is 0.07336093698229108
[2026-07-20 04:53:08,189][agents.ddpm_agent][INFO] - Epoch 559: Mean test mse is 0.07185601815581322
[2026-07-20 04:53:11,786][agents.ddpm_agent][INFO] - Epoch 569: Mean test mse is 0.07450743126017707
[2026-07-20 04:53:15,332][agents.ddpm_agent][INFO] - Epoch 579: Mean test mse is 0.07195515611342021
[2026-07-20 04:53:18,941][agents.ddpm_agent][INFO] - Epoch 589: Mean test mse is 0.07321274280548096
[2026-07-20 04:53:22,444][agents.ddpm_agent][INFO] - Epoch 599: Mean test mse is 0.07306379345910889
[2026-07-20 04:53:26,047][agents.ddpm_agent][INFO] - Epoch 609: Mean test mse is 0.07329779437610082
[2026-07-20 04:53:29,558][agents.ddpm_agent][INFO] - Epoch 619: Mean test mse is 0.0669458976813725
[2026-07-20 04:53:29,575][agents.ddpm_agent][INFO] - New best test loss. Stored weights have been updated!
[2026-07-20 04:53:33,113][agents.ddpm_agent][INFO] - Epoch 629: Mean test mse is 0.07040908187627792
[2026-07-20 04:53:36,688][agents.ddpm_agent][INFO] - Epoch 639: Mean test mse is 0.06433738821319171
[2026-07-20 04:53:36,705][agents.ddpm_agent][INFO] - New best test loss. Stored weights have been updated!
[2026-07-20 04:53:40,261][agents.ddpm_agent][INFO] - Epoch 649: Mean test mse is 0.06883840103234563
[2026-07-20 04:53:43,819][agents.ddpm_agent][INFO] - Epoch 659: Mean test mse is 0.07119594354714666
[2026-07-20 04:53:47,350][agents.ddpm_agent][INFO] - Epoch 669: Mean test mse is 0.06920175467218671
[2026-07-20 04:53:50,899][agents.ddpm_agent][INFO] - Epoch 679: Mean test mse is 0.07130500993558339
[2026-07-20 04:53:54,481][agents.ddpm_agent][INFO] - Epoch 689: Mean test mse is 0.0681515181703227
[2026-07-20 04:53:58,064][agents.ddpm_agent][INFO] - Epoch 699: Mean test mse is 0.06576477363705635
[2026-07-20 04:54:01,671][agents.ddpm_agent][INFO] - Epoch 709: Mean test mse is 0.06417004710861615
[2026-07-20 04:54:01,688][agents.ddpm_agent][INFO] - New best test loss. Stored weights have been updated!
[2026-07-20 04:54:05,228][agents.ddpm_agent][INFO] - Epoch 719: Mean test mse is 0.06788171029516629
[2026-07-20 04:54:08,765][agents.ddpm_agent][INFO] - Epoch 729: Mean test mse is 0.06431838870048523
[2026-07-20 04:54:12,307][agents.ddpm_agent][INFO] - Epoch 739: Mean test mse is 0.06402545103005
[2026-07-20 04:54:12,325][agents.ddpm_agent][INFO] - New best test loss. Stored weights have been updated!
[2026-07-20 04:54:15,826][agents.ddpm_agent][INFO] - Epoch 749: Mean test mse is 0.06566323872123446
[2026-07-20 04:54:19,367][agents.ddpm_agent][INFO] - Epoch 759: Mean test mse is 0.06584137412054199
[2026-07-20 04:54:22,831][agents.ddpm_agent][INFO] - Epoch 769: Mean test mse is 0.06656267760055405
[2026-07-20 04:54:26,334][agents.ddpm_agent][INFO] - Epoch 779: Mean test mse is 0.0646914898284844
[2026-07-20 04:54:29,844][agents.ddpm_agent][INFO] - Epoch 789: Mean test mse is 0.06179223848240716
[2026-07-20 04:54:29,862][agents.ddpm_agent][INFO] - New best test loss. Stored weights have been updated!
[2026-07-20 04:54:33,381][agents.ddpm_agent][INFO] - Epoch 799: Mean test mse is 0.06261090136000089
[2026-07-20 04:54:36,916][agents.ddpm_agent][INFO] - Epoch 809: Mean test mse is 0.0652471583868776
[2026-07-20 04:54:40,423][agents.ddpm_agent][INFO] - Epoch 819: Mean test mse is 0.06376877480319568
[2026-07-20 04:54:43,985][agents.ddpm_agent][INFO] - Epoch 829: Mean test mse is 0.060412327625921795
[2026-07-20 04:54:44,003][agents.ddpm_agent][INFO] - New best test loss. Stored weights have been updated!
[2026-07-20 04:54:47,565][agents.ddpm_agent][INFO] - Epoch 839: Mean test mse is 0.06322317836540085
[2026-07-20 04:54:51,090][agents.ddpm_agent][INFO] - Epoch 849: Mean test mse is 0.06274003429072243
[2026-07-20 04:54:54,625][agents.ddpm_agent][INFO] - Epoch 859: Mean test mse is 0.06252949365547725
[2026-07-20 04:54:58,174][agents.ddpm_agent][INFO] - Epoch 869: Mean test mse is 0.06082258213843618
[2026-07-20 04:55:01,685][agents.ddpm_agent][INFO] - Epoch 879: Mean test mse is 0.06396703209195818
[2026-07-20 04:55:05,203][agents.ddpm_agent][INFO] - Epoch 889: Mean test mse is 0.06167506266917501
[2026-07-20 04:55:08,683][agents.ddpm_agent][INFO] - Epoch 899: Mean test mse is 0.05862741491624287
[2026-07-20 04:55:08,700][agents.ddpm_agent][INFO] - New best test loss. Stored weights have been updated!
[2026-07-20 04:55:12,192][agents.ddpm_agent][INFO] - Epoch 909: Mean test mse is 0.06227848253079823
[2026-07-20 04:55:15,660][agents.ddpm_agent][INFO] - Epoch 919: Mean test mse is 0.057515992117779594
[2026-07-20 04:55:15,677][agents.ddpm_agent][INFO] - New best test loss. Stored weights have been updated!
[2026-07-20 04:55:19,188][agents.ddpm_agent][INFO] - Epoch 929: Mean test mse is 0.06269218027591705
[2026-07-20 04:55:22,720][agents.ddpm_agent][INFO] - Epoch 939: Mean test mse is 0.061981405530657084
[2026-07-20 04:55:26,212][agents.ddpm_agent][INFO] - Epoch 949: Mean test mse is 0.061675691711051125
[2026-07-20 04:55:29,640][agents.ddpm_agent][INFO] - Epoch 959: Mean test mse is 0.06115825633917536
[2026-07-20 04:55:33,088][agents.ddpm_agent][INFO] - Epoch 969: Mean test mse is 0.05838099281702723
[2026-07-20 04:55:36,583][agents.ddpm_agent][INFO] - Epoch 979: Mean test mse is 0.060674458742141724
[2026-07-20 04:55:40,121][agents.ddpm_agent][INFO] - Epoch 989: Mean test mse is 0.0588375377867903
[2026-07-20 04:55:43,649][agents.ddpm_agent][INFO] - Epoch 999: Mean test mse is 0.05967875197529793
[2026-07-20 04:55:47,164][agents.ddpm_agent][INFO] - Epoch 1009: Mean test mse is 0.059436101998601644
[2026-07-20 04:55:50,615][agents.ddpm_agent][INFO] - Epoch 1019: Mean test mse is 0.0578096540910857
[2026-07-20 04:55:54,193][agents.ddpm_agent][INFO] - Epoch 1029: Mean test mse is 0.060026554124695916
[2026-07-20 04:55:57,772][agents.ddpm_agent][INFO] - Epoch 1039: Mean test mse is 0.058763539152485986
[2026-07-20 04:56:01,287][agents.ddpm_agent][INFO] - Epoch 1049: Mean test mse is 0.058624208505664556
[2026-07-20 04:56:04,772][agents.ddpm_agent][INFO] - Epoch 1059: Mean test mse is 0.0588499696127006
[2026-07-20 04:56:08,689][agents.ddpm_agent][INFO] - Epoch 1069: Mean test mse is 0.057708745024033954
[2026-07-20 04:56:12,402][agents.ddpm_agent][INFO] - Epoch 1079: Mean test mse is 0.05792922366942678
[2026-07-20 04:56:16,013][agents.ddpm_agent][INFO] - Epoch 1089: Mean test mse is 0.05994877112763269
[2026-07-20 04:56:19,681][agents.ddpm_agent][INFO] - Epoch 1099: Mean test mse is 0.05641867167183331
[2026-07-20 04:56:19,699][agents.ddpm_agent][INFO] - New best test loss. Stored weights have been updated!
[2026-07-20 04:56:23,320][agents.ddpm_agent][INFO] - Epoch 1109: Mean test mse is 0.056612132383244376
[2026-07-20 04:56:26,939][agents.ddpm_agent][INFO] - Epoch 1119: Mean test mse is 0.05629761250955718
[2026-07-20 04:56:26,957][agents.ddpm_agent][INFO] - New best test loss. Stored weights have been updated!
[2026-07-20 04:56:30,524][agents.ddpm_agent][INFO] - Epoch 1129: Mean test mse is 0.05560196137854031
[2026-07-20 04:56:30,541][agents.ddpm_agent][INFO] - New best test loss. Stored weights have been updated!
[2026-07-20 04:56:34,072][agents.ddpm_agent][INFO] - Epoch 1139: Mean test mse is 0.05631966090628079
[2026-07-20 04:56:37,663][agents.ddpm_agent][INFO] - Epoch 1149: Mean test mse is 0.05930177920631
[2026-07-20 04:56:41,215][agents.ddpm_agent][INFO] - Epoch 1159: Mean test mse is 0.05702944791742733
[2026-07-20 04:56:44,864][agents.ddpm_agent][INFO] - Epoch 1169: Mean test mse is 0.058869445962565284
[2026-07-20 04:56:48,439][agents.ddpm_agent][INFO] - Epoch 1179: Mean test mse is 0.056064187948192866
[2026-07-20 04:56:52,017][agents.ddpm_agent][INFO] - Epoch 1189: Mean test mse is 0.05632885705147471
[2026-07-20 04:56:55,645][agents.ddpm_agent][INFO] - Epoch 1199: Mean test mse is 0.057133866740124564
[2026-07-20 04:56:59,276][agents.ddpm_agent][INFO] - Epoch 1209: Mean test mse is 0.05804559428777013
[2026-07-20 04:57:02,832][agents.ddpm_agent][INFO] - Epoch 1219: Mean test mse is 0.052521556083645136
[2026-07-20 04:57:02,849][agents.ddpm_agent][INFO] - New best test loss. Stored weights have been updated!
[2026-07-20 04:57:06,439][agents.ddpm_agent][INFO] - Epoch 1229: Mean test mse is 0.05514109134674072
[2026-07-20 04:57:09,990][agents.ddpm_agent][INFO] - Epoch 1239: Mean test mse is 0.0536684723837035
[2026-07-20 04:57:13,619][agents.ddpm_agent][INFO] - Epoch 1249: Mean test mse is 0.056405642735106606
[2026-07-20 04:57:17,235][agents.ddpm_agent][INFO] - Epoch 1259: Mean test mse is 0.054449385298149924
[2026-07-20 04:57:20,826][agents.ddpm_agent][INFO] - Epoch 1269: Mean test mse is 0.05500774830579758
[2026-07-20 04:57:24,388][agents.ddpm_agent][INFO] - Epoch 1279: Mean test mse is 0.05303784619484629
[2026-07-20 04:57:28,020][agents.ddpm_agent][INFO] - Epoch 1289: Mean test mse is 0.05569103892360415
[2026-07-20 04:57:31,571][agents.ddpm_agent][INFO] - Epoch 1299: Mean test mse is 0.05651889422110149
[2026-07-20 04:57:35,114][agents.ddpm_agent][INFO] - Epoch 1309: Mean test mse is 0.053562916815280914
[2026-07-20 04:57:38,735][agents.ddpm_agent][INFO] - Epoch 1319: Mean test mse is 0.05423212690012796
[2026-07-20 04:57:42,378][agents.ddpm_agent][INFO] - Epoch 1329: Mean test mse is 0.05281766716923032
[2026-07-20 04:57:45,980][agents.ddpm_agent][INFO] - Epoch 1339: Mean test mse is 0.054261415132454464
[2026-07-20 04:57:49,532][agents.ddpm_agent][INFO] - Epoch 1349: Mean test mse is 0.05478694981762341
[2026-07-20 04:57:53,039][agents.ddpm_agent][INFO] - Epoch 1359: Mean test mse is 0.05232358989971025
[2026-07-20 04:57:53,056][agents.ddpm_agent][INFO] - New best test loss. Stored weights have been updated!
[2026-07-20 04:57:56,615][agents.ddpm_agent][INFO] - Epoch 1369: Mean test mse is 0.054754867617573054
[2026-07-20 04:58:00,153][agents.ddpm_agent][INFO] - Epoch 1379: Mean test mse is 0.053528970905712674
[2026-07-20 04:58:03,691][agents.ddpm_agent][INFO] - Epoch 1389: Mean test mse is 0.05319554252283914
[2026-07-20 04:58:07,265][agents.ddpm_agent][INFO] - Epoch 1399: Mean test mse is 0.05492379995329039
[2026-07-20 04:58:10,827][agents.ddpm_agent][INFO] - Epoch 1409: Mean test mse is 0.05122659781149456
[2026-07-20 04:58:10,844][agents.ddpm_agent][INFO] - New best test loss. Stored weights have been updated!
[2026-07-20 04:58:14,360][agents.ddpm_agent][INFO] - Epoch 1419: Mean test mse is 0.05288545521242278
[2026-07-20 04:58:17,928][agents.ddpm_agent][INFO] - Epoch 1429: Mean test mse is 0.0521663028214659
[2026-07-20 04:58:21,413][agents.ddpm_agent][INFO] - Epoch 1439: Mean test mse is 0.05400311467903001
[2026-07-20 04:58:24,918][agents.ddpm_agent][INFO] - Epoch 1449: Mean test mse is 0.05166784567492349
[2026-07-20 04:58:28,430][agents.ddpm_agent][INFO] - Epoch 1459: Mean test mse is 0.0545691368835313
[2026-07-20 04:58:31,972][agents.ddpm_agent][INFO] - Epoch 1469: Mean test mse is 0.05446711076157434
[2026-07-20 04:58:35,545][agents.ddpm_agent][INFO] - Epoch 1479: Mean test mse is 0.052581830748489926
[2026-07-20 04:58:39,052][agents.ddpm_agent][INFO] - Epoch 1489: Mean test mse is 0.05318065147314753
[2026-07-20 04:58:42,548][agents.ddpm_agent][INFO] - Epoch 1499: Mean test mse is 0.053662857306855063
[2026-07-20 04:58:46,054][agents.ddpm_agent][INFO] - Epoch 1509: Mean test mse is 0.05319486345563616
[2026-07-20 04:58:49,579][agents.ddpm_agent][INFO] - Epoch 1519: Mean test mse is 0.053870508181197305
[2026-07-20 04:58:53,077][agents.ddpm_agent][INFO] - Epoch 1529: Mean test mse is 0.052167083003691266
[2026-07-20 04:58:56,553][agents.ddpm_agent][INFO] - Epoch 1539: Mean test mse is 0.05291601909058435
[2026-07-20 04:59:00,031][agents.ddpm_agent][INFO] - Epoch 1549: Mean test mse is 0.050180449549640925
[2026-07-20 04:59:00,048][agents.ddpm_agent][INFO] - New best test loss. Stored weights have been updated!
[2026-07-20 04:59:03,519][agents.ddpm_agent][INFO] - Epoch 1559: Mean test mse is 0.0480282407786165
[2026-07-20 04:59:03,535][agents.ddpm_agent][INFO] - New best test loss. Stored weights have been updated!
[2026-07-20 04:59:06,947][agents.ddpm_agent][INFO] - Epoch 1569: Mean test mse is 0.050149011824812205
[2026-07-20 04:59:10,423][agents.ddpm_agent][INFO] - Epoch 1579: Mean test mse is 0.04983895750982421
[2026-07-20 04:59:13,965][agents.ddpm_agent][INFO] - Epoch 1589: Mean test mse is 0.050588738173246384
[2026-07-20 04:59:17,452][agents.ddpm_agent][INFO] - Epoch 1599: Mean test mse is 0.05156082021338599
[2026-07-20 04:59:20,920][agents.ddpm_agent][INFO] - Epoch 1609: Mean test mse is 0.05075511495981898
[2026-07-20 04:59:24,326][agents.ddpm_agent][INFO] - Epoch 1619: Mean test mse is 0.05096649272101266
[2026-07-20 04:59:27,792][agents.ddpm_agent][INFO] - Epoch 1629: Mean test mse is 0.0511116518505982
[2026-07-20 04:59:31,317][agents.ddpm_agent][INFO] - Epoch 1639: Mean test mse is 0.05159702630979674
[2026-07-20 04:59:34,771][agents.ddpm_agent][INFO] - Epoch 1649: Mean test mse is 0.05072906240820885
[2026-07-20 04:59:38,246][agents.ddpm_agent][INFO] - Epoch 1659: Mean test mse is 0.0519021674990654
[2026-07-20 04:59:41,652][agents.ddpm_agent][INFO] - Epoch 1669: Mean test mse is 0.04871459571378572
[2026-07-20 04:59:45,127][agents.ddpm_agent][INFO] - Epoch 1679: Mean test mse is 0.049223367656980245
[2026-07-20 04:59:48,569][agents.ddpm_agent][INFO] - Epoch 1689: Mean test mse is 0.048912121781281064
[2026-07-20 04:59:52,040][agents.ddpm_agent][INFO] - Epoch 1699: Mean test mse is 0.04952680851731982
[2026-07-20 04:59:55,479][agents.ddpm_agent][INFO] - Epoch 1709: Mean test mse is 0.04908237659505436
[2026-07-20 04:59:58,915][agents.ddpm_agent][INFO] - Epoch 1719: Mean test mse is 0.048149224370718
[2026-07-20 05:00:02,343][agents.ddpm_agent][INFO] - Epoch 1729: Mean test mse is 0.04898359360439437
[2026-07-20 05:00:05,817][agents.ddpm_agent][INFO] - Epoch 1739: Mean test mse is 0.048876414873770306
[2026-07-20 05:00:09,262][agents.ddpm_agent][INFO] - Epoch 1749: Mean test mse is 0.05030360658253942
[2026-07-20 05:00:12,757][agents.ddpm_agent][INFO] - Epoch 1759: Mean test mse is 0.049287284059183936
[2026-07-20 05:00:16,184][agents.ddpm_agent][INFO] - Epoch 1769: Mean test mse is 0.04856290774685996
[2026-07-20 05:00:19,570][agents.ddpm_agent][INFO] - Epoch 1779: Mean test mse is 0.047181960727487295
[2026-07-20 05:00:19,586][agents.ddpm_agent][INFO] - New best test loss. Stored weights have been updated!
[2026-07-20 05:00:23,200][agents.ddpm_agent][INFO] - Epoch 1789: Mean test mse is 0.04760907164641789
[2026-07-20 05:00:27,455][agents.ddpm_agent][INFO] - Epoch 1799: Mean test mse is 0.048651273761476786
[2026-07-20 05:00:30,899][agents.ddpm_agent][INFO] - Epoch 1809: Mean test mse is 0.04909061640501022
[2026-07-20 05:00:34,271][agents.ddpm_agent][INFO] - Epoch 1819: Mean test mse is 0.04870168438979557
[2026-07-20 05:00:37,683][agents.ddpm_agent][INFO] - Epoch 1829: Mean test mse is 0.04951755755714008
[2026-07-20 05:00:42,015][agents.ddpm_agent][INFO] - Epoch 1839: Mean test mse is 0.048479098826646805
[2026-07-20 05:00:45,427][agents.ddpm_agent][INFO] - Epoch 1849: Mean test mse is 0.04763126586164747
[2026-07-20 05:00:49,614][agents.ddpm_agent][INFO] - Epoch 1859: Mean test mse is 0.04739243005003248
[2026-07-20 05:00:54,252][agents.ddpm_agent][INFO] - Epoch 1869: Mean test mse is 0.047318100929260254
[2026-07-20 05:00:57,647][agents.ddpm_agent][INFO] - Epoch 1879: Mean test mse is 0.04636865055986813
[2026-07-20 05:00:57,663][agents.ddpm_agent][INFO] - New best test loss. Stored weights have been updated!
[2026-07-20 05:01:01,090][agents.ddpm_agent][INFO] - Epoch 1889: Mean test mse is 0.04696328033293996
[2026-07-20 05:01:04,850][agents.ddpm_agent][INFO] - Epoch 1899: Mean test mse is 0.04636143094726971
[2026-07-20 05:01:04,868][agents.ddpm_agent][INFO] - New best test loss. Stored weights have been updated!
[2026-07-20 05:01:09,638][agents.ddpm_agent][INFO] - Epoch 1909: Mean test mse is 0.04843950963446072
[2026-07-20 05:01:13,030][agents.ddpm_agent][INFO] - Epoch 1919: Mean test mse is 0.0466619926903929
[2026-07-20 05:01:18,042][agents.ddpm_agent][INFO] - Epoch 1929: Mean test mse is 0.04639366801295962
[2026-07-20 05:01:23,476][agents.ddpm_agent][INFO] - Epoch 1939: Mean test mse is 0.04813112637826374
[2026-07-20 05:01:27,634][agents.ddpm_agent][INFO] - Epoch 1949: Mean test mse is 0.04859756412250655
[2026-07-20 05:01:33,008][agents.ddpm_agent][INFO] - Epoch 1959: Mean test mse is 0.046082699937479835
[2026-07-20 05:01:33,025][agents.ddpm_agent][INFO] - New best test loss. Stored weights have been updated!
[2026-07-20 05:01:38,117][agents.ddpm_agent][INFO] - Epoch 1969: Mean test mse is 0.04814211172716958
[2026-07-20 05:01:43,085][agents.ddpm_agent][INFO] - Epoch 1979: Mean test mse is 0.04983911982604435
[2026-07-20 05:01:47,482][agents.ddpm_agent][INFO] - Epoch 1989: Mean test mse is 0.04620852055294173
[2026-07-20 05:01:52,374][agents.ddpm_agent][INFO] - Epoch 1999: Mean test mse is 0.0465746953019074
[2026-07-20 05:01:58,263][agents.ddpm_agent][INFO] - Epoch 2009: Mean test mse is 0.04745377493756158
[2026-07-20 05:02:01,640][agents.ddpm_agent][INFO] - Epoch 2019: Mean test mse is 0.04510902985930443
[2026-07-20 05:02:01,657][agents.ddpm_agent][INFO] - New best test loss. Stored weights have been updated!
[2026-07-20 05:02:04,677][agents.ddpm_agent][INFO] - Epoch 2029: Mean test mse is 0.04656835272908211
[2026-07-20 05:02:09,023][agents.ddpm_agent][INFO] - Epoch 2039: Mean test mse is 0.04550916329026222
[2026-07-20 05:02:13,429][agents.ddpm_agent][INFO] - Epoch 2049: Mean test mse is 0.04740601884467261
[2026-07-20 05:02:17,825][agents.ddpm_agent][INFO] - Epoch 2059: Mean test mse is 0.04602776946766036
[2026-07-20 05:02:22,292][agents.ddpm_agent][INFO] - Epoch 2069: Mean test mse is 0.04433500074914524
[2026-07-20 05:02:22,309][agents.ddpm_agent][INFO] - New best test loss. Stored weights have been updated!
[2026-07-20 05:02:26,754][agents.ddpm_agent][INFO] - Epoch 2079: Mean test mse is 0.044643602200916836
[2026-07-20 05:02:30,499][agents.ddpm_agent][INFO] - Epoch 2089: Mean test mse is 0.04405658106718745
[2026-07-20 05:02:30,516][agents.ddpm_agent][INFO] - New best test loss. Stored weights have been updated!
[2026-07-20 05:02:34,156][agents.ddpm_agent][INFO] - Epoch 2099: Mean test mse is 0.04465844588620322
[2026-07-20 05:02:38,508][agents.ddpm_agent][INFO] - Epoch 2109: Mean test mse is 0.046152643859386444
[2026-07-20 05:02:42,880][agents.ddpm_agent][INFO] - Epoch 2119: Mean test mse is 0.04414421319961548
[2026-07-20 05:02:47,316][agents.ddpm_agent][INFO] - Epoch 2129: Mean test mse is 0.04521196814520018
[2026-07-20 05:02:51,757][agents.ddpm_agent][INFO] - Epoch 2139: Mean test mse is 0.045838755688497
[2026-07-20 05:02:56,195][agents.ddpm_agent][INFO] - Epoch 2149: Mean test mse is 0.046473375388554165
[2026-07-20 05:03:00,726][agents.ddpm_agent][INFO] - Epoch 2159: Mean test mse is 0.04446948638984135
[2026-07-20 05:03:03,606][agents.ddpm_agent][INFO] - Epoch 2169: Mean test mse is 0.04585546787296023
[2026-07-20 05:03:06,453][agents.ddpm_agent][INFO] - Epoch 2179: Mean test mse is 0.04502493409173829
[2026-07-20 05:03:09,428][agents.ddpm_agent][INFO] - Epoch 2189: Mean test mse is 0.04445416373865945
[2026-07-20 05:03:12,533][agents.ddpm_agent][INFO] - Epoch 2199: Mean test mse is 0.045108288526535034
[2026-07-20 05:03:15,576][agents.ddpm_agent][INFO] - Epoch 2209: Mean test mse is 0.04376055992075375
[2026-07-20 05:03:15,593][agents.ddpm_agent][INFO] - New best test loss. Stored weights have been updated!
[2026-07-20 05:03:18,580][agents.ddpm_agent][INFO] - Epoch 2219: Mean test mse is 0.04735974914261273
[2026-07-20 05:03:21,514][agents.ddpm_agent][INFO] - Epoch 2229: Mean test mse is 0.043975732156208584
[2026-07-20 05:03:24,427][agents.ddpm_agent][INFO] - Epoch 2239: Mean test mse is 0.04594947770237923
[2026-07-20 05:03:27,475][agents.ddpm_agent][INFO] - Epoch 2249: Mean test mse is 0.04478994331189564
[2026-07-20 05:03:30,449][agents.ddpm_agent][INFO] - Epoch 2259: Mean test mse is 0.04455776991588729
[2026-07-20 05:03:33,632][agents.ddpm_agent][INFO] - Epoch 2269: Mean test mse is 0.04296936520508358
[2026-07-20 05:03:33,648][agents.ddpm_agent][INFO] - New best test loss. Stored weights have been updated!
[2026-07-20 05:03:36,975][agents.ddpm_agent][INFO] - Epoch 2279: Mean test mse is 0.04361577012709209
[2026-07-20 05:03:40,323][agents.ddpm_agent][INFO] - Epoch 2289: Mean test mse is 0.04756967031529972
[2026-07-20 05:03:43,759][agents.ddpm_agent][INFO] - Epoch 2299: Mean test mse is 0.04256565177014896
[2026-07-20 05:03:43,781][agents.ddpm_agent][INFO] - New best test loss. Stored weights have been updated!
[2026-07-20 05:03:47,544][agents.ddpm_agent][INFO] - Epoch 2309: Mean test mse is 0.042881478156362264
[2026-07-20 05:03:51,043][agents.ddpm_agent][INFO] - Epoch 2319: Mean test mse is 0.04596116925988879
[2026-07-20 05:03:54,226][agents.ddpm_agent][INFO] - Epoch 2329: Mean test mse is 0.04353545286825725
[2026-07-20 05:03:57,182][agents.ddpm_agent][INFO] - Epoch 2339: Mean test mse is 0.04439806778516088
[2026-07-20 05:04:00,085][agents.ddpm_agent][INFO] - Epoch 2349: Mean test mse is 0.041417125080313
[2026-07-20 05:04:00,102][agents.ddpm_agent][INFO] - New best test loss. Stored weights have been updated!
[2026-07-20 05:04:03,068][agents.ddpm_agent][INFO] - Epoch 2359: Mean test mse is 0.04312623664736748
[2026-07-20 05:04:06,112][agents.ddpm_agent][INFO] - Epoch 2369: Mean test mse is 0.044886868979249685
[2026-07-20 05:04:09,449][agents.ddpm_agent][INFO] - Epoch 2379: Mean test mse is 0.0445002056658268
[2026-07-20 05:04:12,822][agents.ddpm_agent][INFO] - Epoch 2389: Mean test mse is 0.04390167923910277
[2026-07-20 05:04:16,209][agents.ddpm_agent][INFO] - Epoch 2399: Mean test mse is 0.042496797761746814
[2026-07-20 05:04:19,559][agents.ddpm_agent][INFO] - Epoch 2409: Mean test mse is 0.04558992172990527
[2026-07-20 05:04:22,911][agents.ddpm_agent][INFO] - Epoch 2419: Mean test mse is 0.04303550347685814
[2026-07-20 05:04:26,295][agents.ddpm_agent][INFO] - Epoch 2429: Mean test mse is 0.043880274785416465
[2026-07-20 05:04:29,730][agents.ddpm_agent][INFO] - Epoch 2439: Mean test mse is 0.04478040763310024
[2026-07-20 05:04:33,139][agents.ddpm_agent][INFO] - Epoch 2449: Mean test mse is 0.0414279539670263
[2026-07-20 05:04:36,471][agents.ddpm_agent][INFO] - Epoch 2459: Mean test mse is 0.0443011431821755
[2026-07-20 05:04:39,853][agents.ddpm_agent][INFO] - Epoch 2469: Mean test mse is 0.044728733599185944
[2026-07-20 05:04:43,242][agents.ddpm_agent][INFO] - Epoch 2479: Mean test mse is 0.043782119772263935
[2026-07-20 05:04:46,708][agents.ddpm_agent][INFO] - Epoch 2489: Mean test mse is 0.042296726788793294
[2026-07-20 05:04:50,074][agents.ddpm_agent][INFO] - Epoch 2499: Mean test mse is 0.04422798433474132
[2026-07-20 05:04:53,455][agents.ddpm_agent][INFO] - Epoch 2509: Mean test mse is 0.041136473949466436
[2026-07-20 05:04:53,473][agents.ddpm_agent][INFO] - New best test loss. Stored weights have been updated!
[2026-07-20 05:04:56,957][agents.ddpm_agent][INFO] - Epoch 2519: Mean test mse is 0.04204125915254865
[2026-07-20 05:05:00,314][agents.ddpm_agent][INFO] - Epoch 2529: Mean test mse is 0.04177974962762424
[2026-07-20 05:05:03,745][agents.ddpm_agent][INFO] - Epoch 2539: Mean test mse is 0.04544522879379136
[2026-07-20 05:05:07,222][agents.ddpm_agent][INFO] - Epoch 2549: Mean test mse is 0.041227079927921295
[2026-07-20 05:05:10,767][agents.ddpm_agent][INFO] - Epoch 2559: Mean test mse is 0.04334609476583345
[2026-07-20 05:05:14,260][agents.ddpm_agent][INFO] - Epoch 2569: Mean test mse is 0.04304507268326623
[2026-07-20 05:05:17,740][agents.ddpm_agent][INFO] - Epoch 2579: Mean test mse is 0.04165771497147424
[2026-07-20 05:05:21,219][agents.ddpm_agent][INFO] - Epoch 2589: Mean test mse is 0.040982922805207114
[2026-07-20 05:05:21,237][agents.ddpm_agent][INFO] - New best test loss. Stored weights have been updated!
[2026-07-20 05:05:24,653][agents.ddpm_agent][INFO] - Epoch 2599: Mean test mse is 0.04164415278605053
[2026-07-20 05:05:28,183][agents.ddpm_agent][INFO] - Epoch 2609: Mean test mse is 0.043962600507906506
[2026-07-20 05:05:31,696][agents.ddpm_agent][INFO] - Epoch 2619: Mean test mse is 0.040914779262883325
[2026-07-20 05:05:31,713][agents.ddpm_agent][INFO] - New best test loss. Stored weights have been updated!
[2026-07-20 05:05:35,155][agents.ddpm_agent][INFO] - Epoch 2629: Mean test mse is 0.04091269576123783
[2026-07-20 05:05:35,173][agents.ddpm_agent][INFO] - New best test loss. Stored weights have been updated!
[2026-07-20 05:05:38,704][agents.ddpm_agent][INFO] - Epoch 2639: Mean test mse is 0.04385525946106229
[2026-07-20 05:05:42,301][agents.ddpm_agent][INFO] - Epoch 2649: Mean test mse is 0.041529477174792974
[2026-07-20 05:05:45,819][agents.ddpm_agent][INFO] - Epoch 2659: Mean test mse is 0.04085439230714526
[2026-07-20 05:05:45,836][agents.ddpm_agent][INFO] - New best test loss. Stored weights have been updated!
[2026-07-20 05:05:49,354][agents.ddpm_agent][INFO] - Epoch 2669: Mean test mse is 0.04256775176950863
[2026-07-20 05:05:52,856][agents.ddpm_agent][INFO] - Epoch 2679: Mean test mse is 0.04215519928506443
[2026-07-20 05:05:56,347][agents.ddpm_agent][INFO] - Epoch 2689: Mean test mse is 0.04059955637369837
[2026-07-20 05:05:56,365][agents.ddpm_agent][INFO] - New best test loss. Stored weights have been updated!
[2026-07-20 05:05:59,885][agents.ddpm_agent][INFO] - Epoch 2699: Mean test mse is 0.039456670837742944
[2026-07-20 05:05:59,903][agents.ddpm_agent][INFO] - New best test loss. Stored weights have been updated!
[2026-07-20 05:06:03,360][agents.ddpm_agent][INFO] - Epoch 2709: Mean test mse is 0.04238853284290859
[2026-07-20 05:06:06,856][agents.ddpm_agent][INFO] - Epoch 2719: Mean test mse is 0.04089880734682083
[2026-07-20 05:06:10,388][agents.ddpm_agent][INFO] - Epoch 2729: Mean test mse is 0.03965659173471587
[2026-07-20 05:06:13,929][agents.ddpm_agent][INFO] - Epoch 2739: Mean test mse is 0.04105793046099799
[2026-07-20 05:06:17,397][agents.ddpm_agent][INFO] - Epoch 2749: Mean test mse is 0.03946776209133012
[2026-07-20 05:06:20,810][agents.ddpm_agent][INFO] - Epoch 2759: Mean test mse is 0.04120188099997384
[2026-07-20 05:06:24,286][agents.ddpm_agent][INFO] - Epoch 2769: Mean test mse is 0.04119538622243064
[2026-07-20 05:06:27,788][agents.ddpm_agent][INFO] - Epoch 2779: Mean test mse is 0.041618128440209796
[2026-07-20 05:06:31,257][agents.ddpm_agent][INFO] - Epoch 2789: Mean test mse is 0.03983850244964872
[2026-07-20 05:06:34,625][agents.ddpm_agent][INFO] - Epoch 2799: Mean test mse is 0.039948079735040665
[2026-07-20 05:06:38,008][agents.ddpm_agent][INFO] - Epoch 2809: Mean test mse is 0.040270854852029254
[2026-07-20 05:06:41,461][agents.ddpm_agent][INFO] - Epoch 2819: Mean test mse is 0.041182863393000195
[2026-07-20 05:06:44,940][agents.ddpm_agent][INFO] - Epoch 2829: Mean test mse is 0.03763143319104399
[2026-07-20 05:06:44,958][agents.ddpm_agent][INFO] - New best test loss. Stored weights have been updated!
[2026-07-20 05:06:48,409][agents.ddpm_agent][INFO] - Epoch 2839: Mean test mse is 0.03971052808420999
[2026-07-20 05:06:51,818][agents.ddpm_agent][INFO] - Epoch 2849: Mean test mse is 0.04092613554426602
[2026-07-20 05:06:55,155][agents.ddpm_agent][INFO] - Epoch 2859: Mean test mse is 0.03854656804885183
[2026-07-20 05:06:58,644][agents.ddpm_agent][INFO] - Epoch 2869: Mean test mse is 0.03715972229838371
[2026-07-20 05:06:58,662][agents.ddpm_agent][INFO] - New best test loss. Stored weights have been updated!
[2026-07-20 05:07:02,139][agents.ddpm_agent][INFO] - Epoch 2879: Mean test mse is 0.039744174906185696
[2026-07-20 05:07:05,543][agents.ddpm_agent][INFO] - Epoch 2889: Mean test mse is 0.03757818415760994
[2026-07-20 05:07:08,981][agents.ddpm_agent][INFO] - Epoch 2899: Mean test mse is 0.03776171697037561
[2026-07-20 05:07:12,348][agents.ddpm_agent][INFO] - Epoch 2909: Mean test mse is 0.03850635566881725
[2026-07-20 05:07:15,680][agents.ddpm_agent][INFO] - Epoch 2919: Mean test mse is 0.038881921874625344
[2026-07-20 05:07:19,036][agents.ddpm_agent][INFO] - Epoch 2929: Mean test mse is 0.03863307727234704
[2026-07-20 05:07:22,439][agents.ddpm_agent][INFO] - Epoch 2939: Mean test mse is 0.039397974631616046
[2026-07-20 05:07:25,835][agents.ddpm_agent][INFO] - Epoch 2949: Mean test mse is 0.04013192281126976
[2026-07-20 05:07:29,232][agents.ddpm_agent][INFO] - Epoch 2959: Mean test mse is 0.037677109241485596
[2026-07-20 05:07:32,556][agents.ddpm_agent][INFO] - Epoch 2969: Mean test mse is 0.03958183739866529
[2026-07-20 05:07:35,846][agents.ddpm_agent][INFO] - Epoch 2979: Mean test mse is 0.03943888523748943
[2026-07-20 05:07:39,324][agents.ddpm_agent][INFO] - Epoch 2989: Mean test mse is 0.037682414054870605
[2026-07-20 05:07:42,729][agents.ddpm_agent][INFO] - Epoch 2999: Mean test mse is 0.03864227341754096
[2026-07-20 05:07:46,136][agents.ddpm_agent][INFO] - Epoch 3009: Mean test mse is 0.03754761815071106
[2026-07-20 05:07:49,518][agents.ddpm_agent][INFO] - Epoch 3019: Mean test mse is 0.03958669038755553
[2026-07-20 05:07:52,846][agents.ddpm_agent][INFO] - Epoch 3029: Mean test mse is 0.03943438455462456
[2026-07-20 05:07:56,227][agents.ddpm_agent][INFO] - Epoch 3039: Mean test mse is 0.03889224412185805
[2026-07-20 05:07:59,643][agents.ddpm_agent][INFO] - Epoch 3049: Mean test mse is 0.03902384692004749
[2026-07-20 05:08:03,096][agents.ddpm_agent][INFO] - Epoch 3059: Mean test mse is 0.037837739501680644
[2026-07-20 05:08:06,509][agents.ddpm_agent][INFO] - Epoch 3069: Mean test mse is 0.03987004927226475
[2026-07-20 05:08:09,923][agents.ddpm_agent][INFO] - Epoch 3079: Mean test mse is 0.03981586652142661
[2026-07-20 05:08:13,298][agents.ddpm_agent][INFO] - Epoch 3089: Mean test mse is 0.03691951345120158
[2026-07-20 05:08:13,315][agents.ddpm_agent][INFO] - New best test loss. Stored weights have been updated!
[2026-07-20 05:08:16,786][agents.ddpm_agent][INFO] - Epoch 3099: Mean test mse is 0.03914252721837589
[2026-07-20 05:08:20,228][agents.ddpm_agent][INFO] - Epoch 3109: Mean test mse is 0.03740278658057962
[2026-07-20 05:08:23,702][agents.ddpm_agent][INFO] - Epoch 3119: Mean test mse is 0.03932484398995127
[2026-07-20 05:08:27,168][agents.ddpm_agent][INFO] - Epoch 3129: Mean test mse is 0.03804820030927658
[2026-07-20 05:08:30,601][agents.ddpm_agent][INFO] - Epoch 3139: Mean test mse is 0.03767284591283117
[2026-07-20 05:08:34,041][agents.ddpm_agent][INFO] - Epoch 3149: Mean test mse is 0.03856519237160683
[2026-07-20 05:08:37,501][agents.ddpm_agent][INFO] - Epoch 3159: Mean test mse is 0.03875394059079034
[2026-07-20 05:08:41,025][agents.ddpm_agent][INFO] - Epoch 3169: Mean test mse is 0.03854957755122866
[2026-07-20 05:08:44,501][agents.ddpm_agent][INFO] - Epoch 3179: Mean test mse is 0.038501644773142676
[2026-07-20 05:08:47,952][agents.ddpm_agent][INFO] - Epoch 3189: Mean test mse is 0.038141866879803796
[2026-07-20 05:08:51,452][agents.ddpm_agent][INFO] - Epoch 3199: Mean test mse is 0.037426892668008804
[2026-07-20 05:08:54,950][agents.ddpm_agent][INFO] - Epoch 3209: Mean test mse is 0.03736524762851851
[2026-07-20 05:08:58,448][agents.ddpm_agent][INFO] - Epoch 3219: Mean test mse is 0.03857988864183426
[2026-07-20 05:09:01,937][agents.ddpm_agent][INFO] - Epoch 3229: Mean test mse is 0.03945330796497209
[2026-07-20 05:09:05,518][agents.ddpm_agent][INFO] - Epoch 3239: Mean test mse is 0.039709588778870444
[2026-07-20 05:09:09,065][agents.ddpm_agent][INFO] - Epoch 3249: Mean test mse is 0.03623245656490326
[2026-07-20 05:09:09,082][agents.ddpm_agent][INFO] - New best test loss. Stored weights have been updated!
[2026-07-20 05:09:12,615][agents.ddpm_agent][INFO] - Epoch 3259: Mean test mse is 0.03807745261916092
[2026-07-20 05:09:16,135][agents.ddpm_agent][INFO] - Epoch 3269: Mean test mse is 0.03687665558287075
[2026-07-20 05:09:19,665][agents.ddpm_agent][INFO] - Epoch 3279: Mean test mse is 0.037430169859102795
[2026-07-20 05:09:23,159][agents.ddpm_agent][INFO] - Epoch 3289: Mean test mse is 0.03698088601231575
[2026-07-20 05:09:26,689][agents.ddpm_agent][INFO] - Epoch 3299: Mean test mse is 0.035392013511487415
[2026-07-20 05:09:26,707][agents.ddpm_agent][INFO] - New best test loss. Stored weights have been updated!
[2026-07-20 05:09:30,132][agents.ddpm_agent][INFO] - Epoch 3309: Mean test mse is 0.03927002155355045
[2026-07-20 05:09:33,650][agents.ddpm_agent][INFO] - Epoch 3319: Mean test mse is 0.037567274644970894
[2026-07-20 05:09:37,164][agents.ddpm_agent][INFO] - Epoch 3329: Mean test mse is 0.03772707975336483
[2026-07-20 05:09:40,643][agents.ddpm_agent][INFO] - Epoch 3339: Mean test mse is 0.03780764474400452
[2026-07-20 05:09:44,086][agents.ddpm_agent][INFO] - Epoch 3349: Mean test mse is 0.03607632964849472
[2026-07-20 05:09:47,480][agents.ddpm_agent][INFO] - Epoch 3359: Mean test mse is 0.03551205966089453
[2026-07-20 05:09:50,890][agents.ddpm_agent][INFO] - Epoch 3369: Mean test mse is 0.0348064588116748
[2026-07-20 05:09:50,907][agents.ddpm_agent][INFO] - New best test loss. Stored weights have been updated!
[2026-07-20 05:09:54,425][agents.ddpm_agent][INFO] - Epoch 3379: Mean test mse is 0.0367117023893765
[2026-07-20 05:09:57,870][agents.ddpm_agent][INFO] - Epoch 3389: Mean test mse is 0.03739039972424507
[2026-07-20 05:10:01,350][agents.ddpm_agent][INFO] - Epoch 3399: Mean test mse is 0.03588619189602988
[2026-07-20 05:10:04,773][agents.ddpm_agent][INFO] - Epoch 3409: Mean test mse is 0.036127086728811264
[2026-07-20 05:10:08,181][agents.ddpm_agent][INFO] - Epoch 3419: Mean test mse is 0.03690763882228306
[2026-07-20 05:10:11,606][agents.ddpm_agent][INFO] - Epoch 3429: Mean test mse is 0.03658968103783471
[2026-07-20 05:10:15,112][agents.ddpm_agent][INFO] - Epoch 3439: Mean test mse is 0.03431551557566438
[2026-07-20 05:10:15,130][agents.ddpm_agent][INFO] - New best test loss. Stored weights have been updated!
[2026-07-20 05:10:18,545][agents.ddpm_agent][INFO] - Epoch 3449: Mean test mse is 0.036544853023120334
[2026-07-20 05:10:21,962][agents.ddpm_agent][INFO] - Epoch 3459: Mean test mse is 0.039053374635321755
[2026-07-20 05:10:25,358][agents.ddpm_agent][INFO] - Epoch 3469: Mean test mse is 0.03365965001285076
[2026-07-20 05:10:25,374][agents.ddpm_agent][INFO] - New best test loss. Stored weights have been updated!
[2026-07-20 05:10:28,812][agents.ddpm_agent][INFO] - Epoch 3479: Mean test mse is 0.0364385795380388
[2026-07-20 05:10:32,291][agents.ddpm_agent][INFO] - Epoch 3489: Mean test mse is 0.036197779434067864
[2026-07-20 05:10:35,700][agents.ddpm_agent][INFO] - Epoch 3499: Mean test mse is 0.036549054086208344
[2026-07-20 05:10:39,105][agents.ddpm_agent][INFO] - Epoch 3509: Mean test mse is 0.036374911932008605
[2026-07-20 05:10:42,447][agents.ddpm_agent][INFO] - Epoch 3519: Mean test mse is 0.035780287480780056
[2026-07-20 05:10:45,808][agents.ddpm_agent][INFO] - Epoch 3529: Mean test mse is 0.03583206396017756
[2026-07-20 05:10:49,200][agents.ddpm_agent][INFO] - Epoch 3539: Mean test mse is 0.033910500683954785
[2026-07-20 05:10:52,590][agents.ddpm_agent][INFO] - Epoch 3549: Mean test mse is 0.03534322178789547
[2026-07-20 05:10:55,977][agents.ddpm_agent][INFO] - Epoch 3559: Mean test mse is 0.03456980096442359
[2026-07-20 05:10:59,368][agents.ddpm_agent][INFO] - Epoch 3569: Mean test mse is 0.03387128109378474
[2026-07-20 05:11:02,722][agents.ddpm_agent][INFO] - Epoch 3579: Mean test mse is 0.0336857871817691
[2026-07-20 05:11:06,078][agents.ddpm_agent][INFO] - Epoch 3589: Mean test mse is 0.03662975105856146
[2026-07-20 05:11:09,433][agents.ddpm_agent][INFO] - Epoch 3599: Mean test mse is 0.03549760340579918
[2026-07-20 05:11:12,777][agents.ddpm_agent][INFO] - Epoch 3609: Mean test mse is 0.03379240392574242
[2026-07-20 05:11:16,177][agents.ddpm_agent][INFO] - Epoch 3619: Mean test mse is 0.035300500957029204
[2026-07-20 05:11:19,561][agents.ddpm_agent][INFO] - Epoch 3629: Mean test mse is 0.034319495516163964
[2026-07-20 05:11:22,878][agents.ddpm_agent][INFO] - Epoch 3639: Mean test mse is 0.03416793420910835
[2026-07-20 05:11:26,175][agents.ddpm_agent][INFO] - Epoch 3649: Mean test mse is 0.03540892153978348
[2026-07-20 05:11:29,477][agents.ddpm_agent][INFO] - Epoch 3659: Mean test mse is 0.03585028435502734
[2026-07-20 05:11:32,821][agents.ddpm_agent][INFO] - Epoch 3669: Mean test mse is 0.035691700875759125
[2026-07-20 05:11:36,207][agents.ddpm_agent][INFO] - Epoch 3679: Mean test mse is 0.033759513071605136
[2026-07-20 05:11:39,551][agents.ddpm_agent][INFO] - Epoch 3689: Mean test mse is 0.035921359700816016
[2026-07-20 05:11:42,913][agents.ddpm_agent][INFO] - Epoch 3699: Mean test mse is 0.03468845598399639
[2026-07-20 05:11:46,256][agents.ddpm_agent][INFO] - Epoch 3709: Mean test mse is 0.034119476697274616
[2026-07-20 05:11:49,597][agents.ddpm_agent][INFO] - Epoch 3719: Mean test mse is 0.03450771979987621
[2026-07-20 05:11:52,971][agents.ddpm_agent][INFO] - Epoch 3729: Mean test mse is 0.034482077828475406
[2026-07-20 05:11:56,404][agents.ddpm_agent][INFO] - Epoch 3739: Mean test mse is 0.033975505137017796
[2026-07-20 05:11:59,775][agents.ddpm_agent][INFO] - Epoch 3749: Mean test mse is 0.034546861691134315
[2026-07-20 05:12:03,148][agents.ddpm_agent][INFO] - Epoch 3759: Mean test mse is 0.033712729279484065
[2026-07-20 05:12:06,546][agents.ddpm_agent][INFO] - Epoch 3769: Mean test mse is 0.03274147691471236
[2026-07-20 05:12:06,582][agents.ddpm_agent][INFO] - New best test loss. Stored weights have been updated!
[2026-07-20 05:12:09,901][agents.ddpm_agent][INFO] - Epoch 3779: Mean test mse is 0.0342318806797266
[2026-07-20 05:12:13,322][agents.ddpm_agent][INFO] - Epoch 3789: Mean test mse is 0.035262971584286006
[2026-07-20 05:12:16,735][agents.ddpm_agent][INFO] - Epoch 3799: Mean test mse is 0.033725655770727565
[2026-07-20 05:12:20,176][agents.ddpm_agent][INFO] - Epoch 3809: Mean test mse is 0.032615055197051594
[2026-07-20 05:12:20,193][agents.ddpm_agent][INFO] - New best test loss. Stored weights have been updated!
[2026-07-20 05:12:23,598][agents.ddpm_agent][INFO] - Epoch 3819: Mean test mse is 0.03416433398212705
[2026-07-20 05:12:27,038][agents.ddpm_agent][INFO] - Epoch 3829: Mean test mse is 0.034210024933729856
[2026-07-20 05:12:30,531][agents.ddpm_agent][INFO] - Epoch 3839: Mean test mse is 0.03548703928078924
[2026-07-20 05:12:34,013][agents.ddpm_agent][INFO] - Epoch 3849: Mean test mse is 0.034422158396669796
[2026-07-20 05:12:37,489][agents.ddpm_agent][INFO] - Epoch 3859: Mean test mse is 0.03489953226276806
[2026-07-20 05:12:40,933][agents.ddpm_agent][INFO] - Epoch 3869: Mean test mse is 0.03437833567815168
[2026-07-20 05:12:44,388][agents.ddpm_agent][INFO] - Epoch 3879: Mean test mse is 0.034054583470736234
[2026-07-20 05:12:47,931][agents.ddpm_agent][INFO] - Epoch 3889: Mean test mse is 0.03370605196271624
[2026-07-20 05:12:51,483][agents.ddpm_agent][INFO] - Epoch 3899: Mean test mse is 0.033349868176238875
[2026-07-20 05:12:54,956][agents.ddpm_agent][INFO] - Epoch 3909: Mean test mse is 0.032241856147136004
[2026-07-20 05:12:54,973][agents.ddpm_agent][INFO] - New best test loss. Stored weights have been updated!
[2026-07-20 05:12:58,469][agents.ddpm_agent][INFO] - Epoch 3919: Mean test mse is 0.0322864835283586
[2026-07-20 05:13:01,980][agents.ddpm_agent][INFO] - Epoch 3929: Mean test mse is 0.0336014200001955
[2026-07-20 05:13:05,433][agents.ddpm_agent][INFO] - Epoch 3939: Mean test mse is 0.03339648060500622
[2026-07-20 05:13:08,970][agents.ddpm_agent][INFO] - Epoch 3949: Mean test mse is 0.03345422925693648
[2026-07-20 05:13:12,405][agents.ddpm_agent][INFO] - Epoch 3959: Mean test mse is 0.032276208379438946
[2026-07-20 05:13:15,855][agents.ddpm_agent][INFO] - Epoch 3969: Mean test mse is 0.03310583984213216
[2026-07-20 05:13:19,340][agents.ddpm_agent][INFO] - Epoch 3979: Mean test mse is 0.03588579781353474
[2026-07-20 05:13:22,795][agents.ddpm_agent][INFO] - Epoch 3989: Mean test mse is 0.03351237092699323
[2026-07-20 05:13:26,279][agents.ddpm_agent][INFO] - Epoch 3999: Mean test mse is 0.03228256558733327
[2026-07-20 05:13:29,754][agents.ddpm_agent][INFO] - Epoch 4009: Mean test mse is 0.03456695191562176
[2026-07-20 05:13:33,213][agents.ddpm_agent][INFO] - Epoch 4019: Mean test mse is 0.03316904843917915
[2026-07-20 05:13:36,661][agents.ddpm_agent][INFO] - Epoch 4029: Mean test mse is 0.032934735129986493
[2026-07-20 05:13:40,151][agents.ddpm_agent][INFO] - Epoch 4039: Mean test mse is 0.034158962645701
[2026-07-20 05:13:43,571][agents.ddpm_agent][INFO] - Epoch 4049: Mean test mse is 0.032507214695215225
[2026-07-20 05:13:47,022][agents.ddpm_agent][INFO] - Epoch 4059: Mean test mse is 0.03254263262663569
[2026-07-20 05:13:50,517][agents.ddpm_agent][INFO] - Epoch 4069: Mean test mse is 0.0314398958746876
[2026-07-20 05:13:50,534][agents.ddpm_agent][INFO] - New best test loss. Stored weights have been updated!
[2026-07-20 05:13:54,013][agents.ddpm_agent][INFO] - Epoch 4079: Mean test mse is 0.03243831837815898
[2026-07-20 05:13:57,411][agents.ddpm_agent][INFO] - Epoch 4089: Mean test mse is 0.03319433730627809
[2026-07-20 05:14:00,836][agents.ddpm_agent][INFO] - Epoch 4099: Mean test mse is 0.030318130073802813
[2026-07-20 05:14:00,853][agents.ddpm_agent][INFO] - New best test loss. Stored weights have been updated!
[2026-07-20 05:14:04,247][agents.ddpm_agent][INFO] - Epoch 4109: Mean test mse is 0.030791892803141048
[2026-07-20 05:14:07,672][agents.ddpm_agent][INFO] - Epoch 4119: Mean test mse is 0.030708365674529756
[2026-07-20 05:14:11,125][agents.ddpm_agent][INFO] - Epoch 4129: Mean test mse is 0.035203219790543826
[2026-07-20 05:14:14,567][agents.ddpm_agent][INFO] - Epoch 4139: Mean test mse is 0.03298491372593811
[2026-07-20 05:14:18,009][agents.ddpm_agent][INFO] - Epoch 4149: Mean test mse is 0.031832105080996244
[2026-07-20 05:14:21,351][agents.ddpm_agent][INFO] - Epoch 4159: Mean test mse is 0.032020114628332
[2026-07-20 05:14:24,799][agents.ddpm_agent][INFO] - Epoch 4169: Mean test mse is 0.031157627967851504
[2026-07-20 05:14:28,273][agents.ddpm_agent][INFO] - Epoch 4179: Mean test mse is 0.03170617749648435
[2026-07-20 05:14:31,779][agents.ddpm_agent][INFO] - Epoch 4189: Mean test mse is 0.034145302538360865
[2026-07-20 05:14:35,189][agents.ddpm_agent][INFO] - Epoch 4199: Mean test mse is 0.031351399208818166
[2026-07-20 05:14:38,520][agents.ddpm_agent][INFO] - Epoch 4209: Mean test mse is 0.031425581712807925
[2026-07-20 05:14:41,952][agents.ddpm_agent][INFO] - Epoch 4219: Mean test mse is 0.03216635834957872
[2026-07-20 05:14:45,374][agents.ddpm_agent][INFO] - Epoch 4229: Mean test mse is 0.03242016743336405
[2026-07-20 05:14:48,819][agents.ddpm_agent][INFO] - Epoch 4239: Mean test mse is 0.030911622835057124
[2026-07-20 05:14:52,179][agents.ddpm_agent][INFO] - Epoch 4249: Mean test mse is 0.030770665300743922
[2026-07-20 05:14:55,534][agents.ddpm_agent][INFO] - Epoch 4259: Mean test mse is 0.031300829723477364
[2026-07-20 05:14:58,863][agents.ddpm_agent][INFO] - Epoch 4269: Mean test mse is 0.03134081539298807
[2026-07-20 05:15:02,215][agents.ddpm_agent][INFO] - Epoch 4279: Mean test mse is 0.03146210179797241
[2026-07-20 05:15:05,615][agents.ddpm_agent][INFO] - Epoch 4289: Mean test mse is 0.030167347618511746
[2026-07-20 05:15:05,633][agents.ddpm_agent][INFO] - New best test loss. Stored weights have been updated!
[2026-07-20 05:15:09,027][agents.ddpm_agent][INFO] - Epoch 4299: Mean test mse is 0.030874916219285557
[2026-07-20 05:15:12,386][agents.ddpm_agent][INFO] - Epoch 4309: Mean test mse is 0.031245086608188494
[2026-07-20 05:15:15,745][agents.ddpm_agent][INFO] - Epoch 4319: Mean test mse is 0.030446155528937067
[2026-07-20 05:15:19,021][agents.ddpm_agent][INFO] - Epoch 4329: Mean test mse is 0.03177420821573053
[2026-07-20 05:15:22,306][agents.ddpm_agent][INFO] - Epoch 4339: Mean test mse is 0.03079229699713843
[2026-07-20 05:15:25,676][agents.ddpm_agent][INFO] - Epoch 4349: Mean test mse is 0.03089191285627229
[2026-07-20 05:15:29,079][agents.ddpm_agent][INFO] - Epoch 4359: Mean test mse is 0.033465211146644185
[2026-07-20 05:15:32,511][agents.ddpm_agent][INFO] - Epoch 4369: Mean test mse is 0.032583629712462425
[2026-07-20 05:15:35,865][agents.ddpm_agent][INFO] - Epoch 4379: Mean test mse is 0.03044121526181698
[2026-07-20 05:15:39,212][agents.ddpm_agent][INFO] - Epoch 4389: Mean test mse is 0.029464715559567724
[2026-07-20 05:15:39,228][agents.ddpm_agent][INFO] - New best test loss. Stored weights have been updated!
[2026-07-20 05:15:42,496][agents.ddpm_agent][INFO] - Epoch 4399: Mean test mse is 0.030618750357202122
[2026-07-20 05:15:45,847][agents.ddpm_agent][INFO] - Epoch 4409: Mean test mse is 0.02934370961572443
[2026-07-20 05:15:45,865][agents.ddpm_agent][INFO] - New best test loss. Stored weights have been updated!
[2026-07-20 05:15:49,250][agents.ddpm_agent][INFO] - Epoch 4419: Mean test mse is 0.03136124328843185
[2026-07-20 05:15:52,650][agents.ddpm_agent][INFO] - Epoch 4429: Mean test mse is 0.03205126178051744
[2026-07-20 05:15:56,048][agents.ddpm_agent][INFO] - Epoch 4439: Mean test mse is 0.030272337208901132
[2026-07-20 05:15:59,423][agents.ddpm_agent][INFO] - Epoch 4449: Mean test mse is 0.031843447259494236
[2026-07-20 05:16:02,755][agents.ddpm_agent][INFO] - Epoch 4459: Mean test mse is 0.028065790821399008
[2026-07-20 05:16:02,771][agents.ddpm_agent][INFO] - New best test loss. Stored weights have been updated!
[2026-07-20 05:16:06,190][agents.ddpm_agent][INFO] - Epoch 4469: Mean test mse is 0.030691220025931085
[2026-07-20 05:16:09,632][agents.ddpm_agent][INFO] - Epoch 4479: Mean test mse is 0.031400169911129136
[2026-07-20 05:16:13,049][agents.ddpm_agent][INFO] - Epoch 4489: Mean test mse is 0.030618100027952875
[2026-07-20 05:16:16,495][agents.ddpm_agent][INFO] - Epoch 4499: Mean test mse is 0.030516866328460828
[2026-07-20 05:16:19,875][agents.ddpm_agent][INFO] - Epoch 4509: Mean test mse is 0.030042911746672223
[2026-07-20 05:16:23,284][agents.ddpm_agent][INFO] - Epoch 4519: Mean test mse is 0.030125301597373828
[2026-07-20 05:16:26,646][agents.ddpm_agent][INFO] - Epoch 4529: Mean test mse is 0.03283548328493323
[2026-07-20 05:16:30,143][agents.ddpm_agent][INFO] - Epoch 4539: Mean test mse is 0.03197835439017841
[2026-07-20 05:16:33,560][agents.ddpm_agent][INFO] - Epoch 4549: Mean test mse is 0.031103242986968586
[2026-07-20 05:16:37,012][agents.ddpm_agent][INFO] - Epoch 4559: Mean test mse is 0.02981567515858582
[2026-07-20 05:16:40,389][agents.ddpm_agent][INFO] - Epoch 4569: Mean test mse is 0.030464026278683116
[2026-07-20 05:16:43,860][agents.ddpm_agent][INFO] - Epoch 4579: Mean test mse is 0.02912220704768385
[2026-07-20 05:16:47,306][agents.ddpm_agent][INFO] - Epoch 4589: Mean test mse is 0.029713261606437818
[2026-07-20 05:16:50,791][agents.ddpm_agent][INFO] - Epoch 4599: Mean test mse is 0.030524968302675655
[2026-07-20 05:16:54,290][agents.ddpm_agent][INFO] - Epoch 4609: Mean test mse is 0.030334292777947018
[2026-07-20 05:16:57,712][agents.ddpm_agent][INFO] - Epoch 4619: Mean test mse is 0.028325224295258522
[2026-07-20 05:17:01,235][agents.ddpm_agent][INFO] - Epoch 4629: Mean test mse is 0.029323911560433253
[2026-07-20 05:17:04,722][agents.ddpm_agent][INFO] - Epoch 4639: Mean test mse is 0.031956614926457405
[2026-07-20 05:17:08,214][agents.ddpm_agent][INFO] - Epoch 4649: Mean test mse is 0.03005912554051195
[2026-07-20 05:17:11,726][agents.ddpm_agent][INFO] - Epoch 4659: Mean test mse is 0.02930589339562825
[2026-07-20 05:17:15,153][agents.ddpm_agent][INFO] - Epoch 4669: Mean test mse is 0.03217768083725657
[2026-07-20 05:17:18,676][agents.ddpm_agent][INFO] - Epoch 4679: Mean test mse is 0.028323138930967877
[2026-07-20 05:17:22,123][agents.ddpm_agent][INFO] - Epoch 4689: Mean test mse is 0.029616656047957286
[2026-07-20 05:17:25,585][agents.ddpm_agent][INFO] - Epoch 4699: Mean test mse is 0.029817381873726845
[2026-07-20 05:17:29,081][agents.ddpm_agent][INFO] - Epoch 4709: Mean test mse is 0.029346410717282976
[2026-07-20 05:17:32,586][agents.ddpm_agent][INFO] - Epoch 4719: Mean test mse is 0.029086744678871974
[2026-07-20 05:17:36,022][agents.ddpm_agent][INFO] - Epoch 4729: Mean test mse is 0.02811320498585701
[2026-07-20 05:17:39,428][agents.ddpm_agent][INFO] - Epoch 4739: Mean test mse is 0.027847829407879283
[2026-07-20 05:17:39,446][agents.ddpm_agent][INFO] - New best test loss. Stored weights have been updated!
[2026-07-20 05:17:42,937][agents.ddpm_agent][INFO] - Epoch 4749: Mean test mse is 0.028895789491278783
[2026-07-20 05:17:46,374][agents.ddpm_agent][INFO] - Epoch 4759: Mean test mse is 0.029900348878332546
[2026-07-20 05:17:49,872][agents.ddpm_agent][INFO] - Epoch 4769: Mean test mse is 0.03005040011235646
[2026-07-20 05:17:53,337][agents.ddpm_agent][INFO] - Epoch 4779: Mean test mse is 0.028205524065664837
[2026-07-20 05:17:56,738][agents.ddpm_agent][INFO] - Epoch 4789: Mean test mse is 0.03025561065546104
[2026-07-20 05:18:00,221][agents.ddpm_agent][INFO] - Epoch 4799: Mean test mse is 0.0293646047690085
[2026-07-20 05:18:03,666][agents.ddpm_agent][INFO] - Epoch 4809: Mean test mse is 0.030807721029434885
[2026-07-20 05:18:07,078][agents.ddpm_agent][INFO] - Epoch 4819: Mean test mse is 0.028381837265832082
[2026-07-20 05:18:10,537][agents.ddpm_agent][INFO] - Epoch 4829: Mean test mse is 0.029053059007440294
[2026-07-20 05:18:14,022][agents.ddpm_agent][INFO] - Epoch 4839: Mean test mse is 0.029011858627200127
[2026-07-20 05:18:17,454][agents.ddpm_agent][INFO] - Epoch 4849: Mean test mse is 0.030245629272290638
[2026-07-20 05:18:20,825][agents.ddpm_agent][INFO] - Epoch 4859: Mean test mse is 0.030915620337639536
[2026-07-20 05:18:24,310][agents.ddpm_agent][INFO] - Epoch 4869: Mean test mse is 0.029563742024557933
[2026-07-20 05:18:27,755][agents.ddpm_agent][INFO] - Epoch 4879: Mean test mse is 0.029742077525172914
[2026-07-20 05:18:31,186][agents.ddpm_agent][INFO] - Epoch 4889: Mean test mse is 0.030945948724235808
[2026-07-20 05:18:34,575][agents.ddpm_agent][INFO] - Epoch 4899: Mean test mse is 0.02797818529818739
[2026-07-20 05:18:37,907][agents.ddpm_agent][INFO] - Epoch 4909: Mean test mse is 0.029020329671246663
[2026-07-20 05:18:41,327][agents.ddpm_agent][INFO] - Epoch 4919: Mean test mse is 0.031212826392480304
[2026-07-20 05:18:44,769][agents.ddpm_agent][INFO] - Epoch 4929: Mean test mse is 0.030092258006334305
[2026-07-20 05:18:48,249][agents.ddpm_agent][INFO] - Epoch 4939: Mean test mse is 0.030330288356968334
[2026-07-20 05:18:51,690][agents.ddpm_agent][INFO] - Epoch 4949: Mean test mse is 0.027877309758748327
[2026-07-20 05:18:54,972][agents.ddpm_agent][INFO] - Epoch 4959: Mean test mse is 0.02850113489798137
[2026-07-20 05:18:58,268][agents.ddpm_agent][INFO] - Epoch 4969: Mean test mse is 0.027917560456054553
[2026-07-20 05:19:01,646][agents.ddpm_agent][INFO] - Epoch 4979: Mean test mse is 0.028879830613732338
[2026-07-20 05:19:05,036][agents.ddpm_agent][INFO] - Epoch 4989: Mean test mse is 0.028645085436957225
[2026-07-20 05:19:08,433][agents.ddpm_agent][INFO] - Epoch 4999: Mean test mse is 0.030146538945181028
[2026-07-20 05:19:12,290][agents.ddpm_agent][INFO] - Epoch 5009: Mean test mse is 0.0276682334286826
[2026-07-20 05:19:12,307][agents.ddpm_agent][INFO] - New best test loss. Stored weights have been updated!
[2026-07-20 05:19:15,918][agents.ddpm_agent][INFO] - Epoch 5019: Mean test mse is 0.027883891282337054
[2026-07-20 05:19:19,329][agents.ddpm_agent][INFO] - Epoch 5029: Mean test mse is 0.02887951529451779
[2026-07-20 05:19:23,119][agents.ddpm_agent][INFO] - Epoch 5039: Mean test mse is 0.02681682870856353
[2026-07-20 05:19:23,137][agents.ddpm_agent][INFO] - New best test loss. Stored weights have been updated!
[2026-07-20 05:19:26,641][agents.ddpm_agent][INFO] - Epoch 5049: Mean test mse is 0.027695627616984502
[2026-07-20 05:19:30,005][agents.ddpm_agent][INFO] - Epoch 5059: Mean test mse is 0.029706002612199103
[2026-07-20 05:19:33,305][agents.ddpm_agent][INFO] - Epoch 5069: Mean test mse is 0.028407271153160503
[2026-07-20 05:19:36,600][agents.ddpm_agent][INFO] - Epoch 5079: Mean test mse is 0.026490365021995137
[2026-07-20 05:19:36,616][agents.ddpm_agent][INFO] - New best test loss. Stored weights have been updated!
[2026-07-20 05:19:40,035][agents.ddpm_agent][INFO] - Epoch 5089: Mean test mse is 0.029739087713616236
[2026-07-20 05:19:43,458][agents.ddpm_agent][INFO] - Epoch 5099: Mean test mse is 0.028103320992418697
[2026-07-20 05:19:46,838][agents.ddpm_agent][INFO] - Epoch 5109: Mean test mse is 0.028354079063449587
[2026-07-20 05:19:50,222][agents.ddpm_agent][INFO] - Epoch 5119: Mean test mse is 0.028315625552620207
[2026-07-20 05:19:53,555][agents.ddpm_agent][INFO] - Epoch 5129: Mean test mse is 0.02818188869527408
[2026-07-20 05:19:56,837][agents.ddpm_agent][INFO] - Epoch 5139: Mean test mse is 0.0284010898321867
[2026-07-20 05:20:00,221][agents.ddpm_agent][INFO] - Epoch 5149: Mean test mse is 0.02813852684838431
[2026-07-20 05:20:03,637][agents.ddpm_agent][INFO] - Epoch 5159: Mean test mse is 0.027518693889890398
[2026-07-20 05:20:07,043][agents.ddpm_agent][INFO] - Epoch 5169: Mean test mse is 0.029999333832945143
[2026-07-20 05:20:10,426][agents.ddpm_agent][INFO] - Epoch 5179: Mean test mse is 0.027449174651077816
[2026-07-20 05:20:13,775][agents.ddpm_agent][INFO] - Epoch 5189: Mean test mse is 0.029159135318228176
[2026-07-20 05:20:17,080][agents.ddpm_agent][INFO] - Epoch 5199: Mean test mse is 0.02759577227490289
[2026-07-20 05:20:20,503][agents.ddpm_agent][INFO] - Epoch 5209: Mean test mse is 0.02889578470161983
[2026-07-20 05:20:23,906][agents.ddpm_agent][INFO] - Epoch 5219: Mean test mse is 0.02743693654026304
[2026-07-20 05:20:27,275][agents.ddpm_agent][INFO] - Epoch 5229: Mean test mse is 0.02813414005296571
[2026-07-20 05:20:30,713][agents.ddpm_agent][INFO] - Epoch 5239: Mean test mse is 0.03012177294918469
[2026-07-20 05:20:34,123][agents.ddpm_agent][INFO] - Epoch 5249: Mean test mse is 0.02765101833002908
[2026-07-20 05:20:37,490][agents.ddpm_agent][INFO] - Epoch 5259: Mean test mse is 0.02791781776717731
[2026-07-20 05:20:40,921][agents.ddpm_agent][INFO] - Epoch 5269: Mean test mse is 0.02842828312090465
[2026-07-20 05:20:44,285][agents.ddpm_agent][INFO] - Epoch 5279: Mean test mse is 0.027371729324970926
[2026-07-20 05:20:47,757][agents.ddpm_agent][INFO] - Epoch 5289: Mean test mse is 0.028436018686209406
[2026-07-20 05:20:51,222][agents.ddpm_agent][INFO] - Epoch 5299: Mean test mse is 0.026380971872380803
[2026-07-20 05:20:51,239][agents.ddpm_agent][INFO] - New best test loss. Stored weights have been updated!
[2026-07-20 05:20:54,653][agents.ddpm_agent][INFO] - Epoch 5309: Mean test mse is 0.028235188818403652
[2026-07-20 05:20:58,173][agents.ddpm_agent][INFO] - Epoch 5319: Mean test mse is 0.027166311496070454
[2026-07-20 05:21:01,590][agents.ddpm_agent][INFO] - Epoch 5329: Mean test mse is 0.027542827650904655
[2026-07-20 05:21:05,110][agents.ddpm_agent][INFO] - Epoch 5339: Mean test mse is 0.026325592505080358
[2026-07-20 05:21:05,128][agents.ddpm_agent][INFO] - New best test loss. Stored weights have been updated!
[2026-07-20 05:21:08,620][agents.ddpm_agent][INFO] - Epoch 5349: Mean test mse is 0.028154113995177404
[2026-07-20 05:21:12,148][agents.ddpm_agent][INFO] - Epoch 5359: Mean test mse is 0.026191588757293566
[2026-07-20 05:21:12,164][agents.ddpm_agent][INFO] - New best test loss. Stored weights have been updated!
[2026-07-20 05:21:15,523][agents.ddpm_agent][INFO] - Epoch 5369: Mean test mse is 0.028752618602343967
[2026-07-20 05:21:18,986][agents.ddpm_agent][INFO] - Epoch 5379: Mean test mse is 0.027972266610179628
[2026-07-20 05:21:22,398][agents.ddpm_agent][INFO] - Epoch 5389: Mean test mse is 0.023987170841012682
[2026-07-20 05:21:22,416][agents.ddpm_agent][INFO] - New best test loss. Stored weights have been updated!
[2026-07-20 05:21:25,867][agents.ddpm_agent][INFO] - Epoch 5399: Mean test mse is 0.0272407771221229
[2026-07-20 05:21:29,290][agents.ddpm_agent][INFO] - Epoch 5409: Mean test mse is 0.027497238080416406
[2026-07-20 05:21:32,669][agents.ddpm_agent][INFO] - Epoch 5419: Mean test mse is 0.027135570400527546
[2026-07-20 05:21:36,146][agents.ddpm_agent][INFO] - Epoch 5429: Mean test mse is 0.026468515928302492
[2026-07-20 05:21:39,655][agents.ddpm_agent][INFO] - Epoch 5439: Mean test mse is 0.028538722278816358
[2026-07-20 05:21:43,194][agents.ddpm_agent][INFO] - Epoch 5449: Mean test mse is 0.026402850236211504
[2026-07-20 05:21:46,689][agents.ddpm_agent][INFO] - Epoch 5459: Mean test mse is 0.02818354671554906
[2026-07-20 05:21:50,226][agents.ddpm_agent][INFO] - Epoch 5469: Mean test mse is 0.027081985026597977
[2026-07-20 05:21:53,786][agents.ddpm_agent][INFO] - Epoch 5479: Mean test mse is 0.026322062792522565
[2026-07-20 05:21:57,269][agents.ddpm_agent][INFO] - Epoch 5489: Mean test mse is 0.026648828759789467
[2026-07-20 05:22:00,740][agents.ddpm_agent][INFO] - Epoch 5499: Mean test mse is 0.027550256145851954
[2026-07-20 05:22:04,257][agents.ddpm_agent][INFO] - Epoch 5509: Mean test mse is 0.02731550218803542
[2026-07-20 05:22:07,713][agents.ddpm_agent][INFO] - Epoch 5519: Mean test mse is 0.025749461725354195
[2026-07-20 05:22:11,235][agents.ddpm_agent][INFO] - Epoch 5529: Mean test mse is 0.027178345514195307
[2026-07-20 05:22:14,693][agents.ddpm_agent][INFO] - Epoch 5539: Mean test mse is 0.02790805883705616
[2026-07-20 05:22:18,207][agents.ddpm_agent][INFO] - Epoch 5549: Mean test mse is 0.02676414299224104
[2026-07-20 05:22:21,706][agents.ddpm_agent][INFO] - Epoch 5559: Mean test mse is 0.026520470157265663
[2026-07-20 05:22:25,155][agents.ddpm_agent][INFO] - Epoch 5569: Mean test mse is 0.027924441865512302
[2026-07-20 05:22:28,652][agents.ddpm_agent][INFO] - Epoch 5579: Mean test mse is 0.028182636946439743
[2026-07-20 05:22:32,067][agents.ddpm_agent][INFO] - Epoch 5589: Mean test mse is 0.02632263781768935
[2026-07-20 05:22:35,488][agents.ddpm_agent][INFO] - Epoch 5599: Mean test mse is 0.027327939601881162
[2026-07-20 05:22:38,985][agents.ddpm_agent][INFO] - Epoch 5609: Mean test mse is 0.026225554357681955
[2026-07-20 05:22:42,525][agents.ddpm_agent][INFO] - Epoch 5619: Mean test mse is 0.025140406297785894
[2026-07-20 05:22:45,973][agents.ddpm_agent][INFO] - Epoch 5629: Mean test mse is 0.02593976285840784
[2026-07-20 05:22:49,405][agents.ddpm_agent][INFO] - Epoch 5639: Mean test mse is 0.02631095557340554
[2026-07-20 05:22:52,830][agents.ddpm_agent][INFO] - Epoch 5649: Mean test mse is 0.026920373418501446
[2026-07-20 05:22:56,223][agents.ddpm_agent][INFO] - Epoch 5659: Mean test mse is 0.02569989301264286
[2026-07-20 05:22:59,694][agents.ddpm_agent][INFO] - Epoch 5669: Mean test mse is 0.026957082961286818
[2026-07-20 05:23:03,183][agents.ddpm_agent][INFO] - Epoch 5679: Mean test mse is 0.026557274428861483
[2026-07-20 05:23:06,654][agents.ddpm_agent][INFO] - Epoch 5689: Mean test mse is 0.026975760236382484
[2026-07-20 05:23:10,098][agents.ddpm_agent][INFO] - Epoch 5699: Mean test mse is 0.027048415637442043
[2026-07-20 05:23:13,483][agents.ddpm_agent][INFO] - Epoch 5709: Mean test mse is 0.026270037250859395
[2026-07-20 05:23:16,930][agents.ddpm_agent][INFO] - Epoch 5719: Mean test mse is 0.025851744626249586
[2026-07-20 05:23:20,374][agents.ddpm_agent][INFO] - Epoch 5729: Mean test mse is 0.02670742092388017
[2026-07-20 05:23:23,805][agents.ddpm_agent][INFO] - Epoch 5739: Mean test mse is 0.024254518694111278
[2026-07-20 05:23:27,202][agents.ddpm_agent][INFO] - Epoch 5749: Mean test mse is 0.025887112266251018
[2026-07-20 05:23:30,604][agents.ddpm_agent][INFO] - Epoch 5759: Mean test mse is 0.026066132954188755
[2026-07-20 05:23:33,980][agents.ddpm_agent][INFO] - Epoch 5769: Mean test mse is 0.025570575147867203
[2026-07-20 05:23:37,433][agents.ddpm_agent][INFO] - Epoch 5779: Mean test mse is 0.025425870237605914
[2026-07-20 05:23:40,856][agents.ddpm_agent][INFO] - Epoch 5789: Mean test mse is 0.025325991213321686
[2026-07-20 05:23:44,277][agents.ddpm_agent][INFO] - Epoch 5799: Mean test mse is 0.026836610000048364
[2026-07-20 05:23:47,712][agents.ddpm_agent][INFO] - Epoch 5809: Mean test mse is 0.025578864717057774
[2026-07-20 05:23:51,121][agents.ddpm_agent][INFO] - Epoch 5819: Mean test mse is 0.026769147653664862
[2026-07-20 05:23:54,545][agents.ddpm_agent][INFO] - Epoch 5829: Mean test mse is 0.02650762987988336
[2026-07-20 05:23:57,947][agents.ddpm_agent][INFO] - Epoch 5839: Mean test mse is 0.026702062892062322
[2026-07-20 05:24:01,377][agents.ddpm_agent][INFO] - Epoch 5849: Mean test mse is 0.02564802153834275
[2026-07-20 05:24:04,750][agents.ddpm_agent][INFO] - Epoch 5859: Mean test mse is 0.02690434136560985
[2026-07-20 05:24:08,106][agents.ddpm_agent][INFO] - Epoch 5869: Mean test mse is 0.024704528972506523
[2026-07-20 05:24:11,434][agents.ddpm_agent][INFO] - Epoch 5879: Mean test mse is 0.02607845328748226
[2026-07-20 05:24:14,817][agents.ddpm_agent][INFO] - Epoch 5889: Mean test mse is 0.02613751563642706
[2026-07-20 05:24:18,188][agents.ddpm_agent][INFO] - Epoch 5899: Mean test mse is 0.025528745193566595
[2026-07-20 05:24:21,624][agents.ddpm_agent][INFO] - Epoch 5909: Mean test mse is 0.02703889539199216
[2026-07-20 05:24:24,980][agents.ddpm_agent][INFO] - Epoch 5919: Mean test mse is 0.025810679154736654
[2026-07-20 05:24:28,365][agents.ddpm_agent][INFO] - Epoch 5929: Mean test mse is 0.02588621393910476
[2026-07-20 05:24:31,722][agents.ddpm_agent][INFO] - Epoch 5939: Mean test mse is 0.024714040703007152
[2026-07-20 05:24:35,166][agents.ddpm_agent][INFO] - Epoch 5949: Mean test mse is 0.024766926786729267
[2026-07-20 05:24:38,549][agents.ddpm_agent][INFO] - Epoch 5959: Mean test mse is 0.024939730497343198
[2026-07-20 05:24:41,986][agents.ddpm_agent][INFO] - Epoch 5969: Mean test mse is 0.02598323646400656
[2026-07-20 05:24:45,391][agents.ddpm_agent][INFO] - Epoch 5979: Mean test mse is 0.0257295234394925
[2026-07-20 05:24:48,774][agents.ddpm_agent][INFO] - Epoch 5989: Mean test mse is 0.02439690407897745
[2026-07-20 05:24:52,104][agents.ddpm_agent][INFO] - Epoch 5999: Mean test mse is 0.025582963334662572
[2026-07-20 05:24:55,468][agents.ddpm_agent][INFO] - Epoch 6009: Mean test mse is 0.02527483845395701
[2026-07-20 05:24:58,828][agents.ddpm_agent][INFO] - Epoch 6019: Mean test mse is 0.026016479091984884
[2026-07-20 05:25:02,190][agents.ddpm_agent][INFO] - Epoch 6029: Mean test mse is 0.02508942543395928
[2026-07-20 05:25:05,542][agents.ddpm_agent][INFO] - Epoch 6039: Mean test mse is 0.026196354467953955
[2026-07-20 05:25:08,868][agents.ddpm_agent][INFO] - Epoch 6049: Mean test mse is 0.024743941479495594
[2026-07-20 05:25:12,207][agents.ddpm_agent][INFO] - Epoch 6059: Mean test mse is 0.025408300704189708
[2026-07-20 05:25:15,476][agents.ddpm_agent][INFO] - Epoch 6069: Mean test mse is 0.024582282773086002
[2026-07-20 05:25:18,826][agents.ddpm_agent][INFO] - Epoch 6079: Mean test mse is 0.026126551840986525
[2026-07-20 05:25:22,268][agents.ddpm_agent][INFO] - Epoch 6089: Mean test mse is 0.026447114135537828
[2026-07-20 05:25:25,608][agents.ddpm_agent][INFO] - Epoch 6099: Mean test mse is 0.024472522416285107
[2026-07-20 05:25:28,953][agents.ddpm_agent][INFO] - Epoch 6109: Mean test mse is 0.025945445788758143
[2026-07-20 05:25:32,266][agents.ddpm_agent][INFO] - Epoch 6119: Mean test mse is 0.024917241451995715
[2026-07-20 05:25:35,601][agents.ddpm_agent][INFO] - Epoch 6129: Mean test mse is 0.02485905135316508
[2026-07-20 05:25:38,978][agents.ddpm_agent][INFO] - Epoch 6139: Mean test mse is 0.02535591460764408
[2026-07-20 05:25:42,343][agents.ddpm_agent][INFO] - Epoch 6149: Mean test mse is 0.0245224873402289
[2026-07-20 05:25:45,769][agents.ddpm_agent][INFO] - Epoch 6159: Mean test mse is 0.026688434715781893
[2026-07-20 05:25:49,155][agents.ddpm_agent][INFO] - Epoch 6169: Mean test mse is 0.025254999420472553
[2026-07-20 05:25:52,532][agents.ddpm_agent][INFO] - Epoch 6179: Mean test mse is 0.02450755052268505
[2026-07-20 05:25:55,879][agents.ddpm_agent][INFO] - Epoch 6189: Mean test mse is 0.02543454058468342
[2026-07-20 05:25:59,238][agents.ddpm_agent][INFO] - Epoch 6199: Mean test mse is 0.026438310210193907
[2026-07-20 05:26:02,666][agents.ddpm_agent][INFO] - Epoch 6209: Mean test mse is 0.024015321529337337
[2026-07-20 05:26:06,071][agents.ddpm_agent][INFO] - Epoch 6219: Mean test mse is 0.02448637065078531
[2026-07-20 05:26:09,531][agents.ddpm_agent][INFO] - Epoch 6229: Mean test mse is 0.024969234796507016
[2026-07-20 05:26:12,896][agents.ddpm_agent][INFO] - Epoch 6239: Mean test mse is 0.024395449087023735
[2026-07-20 05:26:16,322][agents.ddpm_agent][INFO] - Epoch 6249: Mean test mse is 0.024592331211481775
[2026-07-20 05:26:19,692][agents.ddpm_agent][INFO] - Epoch 6259: Mean test mse is 0.022712700068950653
[2026-07-20 05:26:19,709][agents.ddpm_agent][INFO] - New best test loss. Stored weights have been updated!
[2026-07-20 05:26:22,966][agents.ddpm_agent][INFO] - Epoch 6269: Mean test mse is 0.02695607952773571
[2026-07-20 05:26:26,207][agents.ddpm_agent][INFO] - Epoch 6279: Mean test mse is 0.025553773290344646
[2026-07-20 05:26:29,528][agents.ddpm_agent][INFO] - Epoch 6289: Mean test mse is 0.02508548540728433
[2026-07-20 05:26:32,868][agents.ddpm_agent][INFO] - Epoch 6299: Mean test mse is 0.025620946128453528
[2026-07-20 05:26:38,162][agents.ddpm_agent][INFO] - Epoch 6309: Mean test mse is 0.024346745972122465
[2026-07-20 05:26:42,469][agents.ddpm_agent][INFO] - Epoch 6319: Mean test mse is 0.024552115904433385
[2026-07-20 05:26:46,617][agents.ddpm_agent][INFO] - Epoch 6329: Mean test mse is 0.024328278111560003
[2026-07-20 05:26:50,876][agents.ddpm_agent][INFO] - Epoch 6339: Mean test mse is 0.0240110917282956
[2026-07-20 05:26:54,460][agents.ddpm_agent][INFO] - Epoch 6349: Mean test mse is 0.02514087887746947
[2026-07-20 05:26:59,233][agents.ddpm_agent][INFO] - Epoch 6359: Mean test mse is 0.02399881822722299
[2026-07-20 05:27:02,806][agents.ddpm_agent][INFO] - Epoch 6369: Mean test mse is 0.02388731576502323
[2026-07-20 05:27:06,419][agents.ddpm_agent][INFO] - Epoch 6379: Mean test mse is 0.02406415529549122
[2026-07-20 05:27:09,918][agents.ddpm_agent][INFO] - Epoch 6389: Mean test mse is 0.02572231207575117
[2026-07-20 05:27:13,449][agents.ddpm_agent][INFO] - Epoch 6399: Mean test mse is 0.025549526725496565
[2026-07-20 05:27:17,052][agents.ddpm_agent][INFO] - Epoch 6409: Mean test mse is 0.024551826662250927
[2026-07-20 05:27:20,597][agents.ddpm_agent][INFO] - Epoch 6419: Mean test mse is 0.02506919950246811
[2026-07-20 05:27:24,043][agents.ddpm_agent][INFO] - Epoch 6429: Mean test mse is 0.023423054122499058
[2026-07-20 05:27:27,453][agents.ddpm_agent][INFO] - Epoch 6439: Mean test mse is 0.024001608469656537
[2026-07-20 05:27:31,003][agents.ddpm_agent][INFO] - Epoch 6449: Mean test mse is 0.024397170703325952
[2026-07-20 05:27:34,478][agents.ddpm_agent][INFO] - Epoch 6459: Mean test mse is 0.024038951311792647
[2026-07-20 05:27:37,913][agents.ddpm_agent][INFO] - Epoch 6469: Mean test mse is 0.026115935295820236
[2026-07-20 05:27:41,328][agents.ddpm_agent][INFO] - Epoch 6479: Mean test mse is 0.02594018860587052
[2026-07-20 05:27:44,775][agents.ddpm_agent][INFO] - Epoch 6489: Mean test mse is 0.024797342451555387
[2026-07-20 05:27:48,175][agents.ddpm_agent][INFO] - Epoch 6499: Mean test mse is 0.024107067712715695
[2026-07-20 05:27:51,627][agents.ddpm_agent][INFO] - Epoch 6509: Mean test mse is 0.024977620158876692
[2026-07-20 05:27:55,133][agents.ddpm_agent][INFO] - Epoch 6519: Mean test mse is 0.024086823420865194
[2026-07-20 05:27:58,680][agents.ddpm_agent][INFO] - Epoch 6529: Mean test mse is 0.024922011952315058
[2026-07-20 05:28:02,183][agents.ddpm_agent][INFO] - Epoch 6539: Mean test mse is 0.024911442239369665
[2026-07-20 05:28:05,681][agents.ddpm_agent][INFO] - Epoch 6549: Mean test mse is 0.024520471692085266
[2026-07-20 05:28:09,185][agents.ddpm_agent][INFO] - Epoch 6559: Mean test mse is 0.023781911336949894
[2026-07-20 05:28:12,744][agents.ddpm_agent][INFO] - Epoch 6569: Mean test mse is 0.02360334407005991
[2026-07-20 05:28:16,246][agents.ddpm_agent][INFO] - Epoch 6579: Mean test mse is 0.02400367973106248
[2026-07-20 05:28:19,814][agents.ddpm_agent][INFO] - Epoch 6589: Mean test mse is 0.02521402096109731
[2026-07-20 05:28:23,324][agents.ddpm_agent][INFO] - Epoch 6599: Mean test mse is 0.023857638239860535
[2026-07-20 05:28:26,797][agents.ddpm_agent][INFO] - Epoch 6609: Mean test mse is 0.02286494416849954
[2026-07-20 05:28:30,322][agents.ddpm_agent][INFO] - Epoch 6619: Mean test mse is 0.02499868055539472
[2026-07-20 05:28:33,876][agents.ddpm_agent][INFO] - Epoch 6629: Mean test mse is 0.023861137884003774
[2026-07-20 05:28:38,189][agents.ddpm_agent][INFO] - Epoch 6639: Mean test mse is 0.024242979873503958
[2026-07-20 05:28:41,665][agents.ddpm_agent][INFO] - Epoch 6649: Mean test mse is 0.02513488515147141
[2026-07-20 05:28:45,258][agents.ddpm_agent][INFO] - Epoch 6659: Mean test mse is 0.022620769483702525
[2026-07-20 05:28:45,276][agents.ddpm_agent][INFO] - New best test loss. Stored weights have been updated!
[2026-07-20 05:28:48,862][agents.ddpm_agent][INFO] - Epoch 6669: Mean test mse is 0.02515079001230853
[2026-07-20 05:28:52,703][agents.ddpm_agent][INFO] - Epoch 6679: Mean test mse is 0.023474615067243576
[2026-07-20 05:28:56,489][agents.ddpm_agent][INFO] - Epoch 6689: Mean test mse is 0.024556968095047132
[2026-07-20 05:29:00,349][agents.ddpm_agent][INFO] - Epoch 6699: Mean test mse is 0.024476597351687297
[2026-07-20 05:29:05,245][agents.ddpm_agent][INFO] - Epoch 6709: Mean test mse is 0.025715391284653118
[2026-07-20 05:29:08,829][agents.ddpm_agent][INFO] - Epoch 6719: Mean test mse is 0.023315443524292538
[2026-07-20 05:29:12,329][agents.ddpm_agent][INFO] - Epoch 6729: Mean test mse is 0.025164914982659475
[2026-07-20 05:29:16,110][agents.ddpm_agent][INFO] - Epoch 6739: Mean test mse is 0.023688759122576033
[2026-07-20 05:29:20,793][agents.ddpm_agent][INFO] - Epoch 6749: Mean test mse is 0.024361417229686464
[2026-07-20 05:29:24,645][agents.ddpm_agent][INFO] - Epoch 6759: Mean test mse is 0.024478481018117497
[2026-07-20 05:29:29,119][agents.ddpm_agent][INFO] - Epoch 6769: Mean test mse is 0.024477350392511914
[2026-07-20 05:29:34,135][agents.ddpm_agent][INFO] - Epoch 6779: Mean test mse is 0.02479808564696993
[2026-07-20 05:29:37,960][agents.ddpm_agent][INFO] - Epoch 6789: Mean test mse is 0.02388029918074608
[2026-07-20 05:29:41,478][agents.ddpm_agent][INFO] - Epoch 6799: Mean test mse is 0.024353264165776118
[2026-07-20 05:29:45,418][agents.ddpm_agent][INFO] - Epoch 6809: Mean test mse is 0.02350249434156077
[2026-07-20 05:29:50,432][agents.ddpm_agent][INFO] - Epoch 6819: Mean test mse is 0.02366019253219877
[2026-07-20 05:29:54,548][agents.ddpm_agent][INFO] - Epoch 6829: Mean test mse is 0.022925342300108502
[2026-07-20 05:29:59,654][agents.ddpm_agent][INFO] - Epoch 6839: Mean test mse is 0.023669380960719928
[2026-07-20 05:30:04,754][agents.ddpm_agent][INFO] - Epoch 6849: Mean test mse is 0.024138555995055606
[2026-07-20 05:30:09,266][agents.ddpm_agent][INFO] - Epoch 6859: Mean test mse is 0.02397968008049897
[2026-07-20 05:30:12,837][agents.ddpm_agent][INFO] - Epoch 6869: Mean test mse is 0.02334845837737833
[2026-07-20 05:30:17,413][agents.ddpm_agent][INFO] - Epoch 6879: Mean test mse is 0.022582522460392544
[2026-07-20 05:30:17,431][agents.ddpm_agent][INFO] - New best test loss. Stored weights have been updated!
[2026-07-20 05:30:22,426][agents.ddpm_agent][INFO] - Epoch 6889: Mean test mse is 0.02306427221213068
[2026-07-20 05:30:27,396][agents.ddpm_agent][INFO] - Epoch 6899: Mean test mse is 0.022701659372874668
[2026-07-20 05:30:32,451][agents.ddpm_agent][INFO] - Epoch 6909: Mean test mse is 0.024996129529816762
[2026-07-20 05:30:37,574][agents.ddpm_agent][INFO] - Epoch 6919: Mean test mse is 0.02223301332976137
[2026-07-20 05:30:37,591][agents.ddpm_agent][INFO] - New best test loss. Stored weights have been updated!
[2026-07-20 05:30:42,302][agents.ddpm_agent][INFO] - Epoch 6929: Mean test mse is 0.023998026603034565
[2026-07-20 05:30:46,110][agents.ddpm_agent][INFO] - Epoch 6939: Mean test mse is 0.022021380120090077
[2026-07-20 05:30:46,128][agents.ddpm_agent][INFO] - New best test loss. Stored weights have been updated!
[2026-07-20 05:30:51,101][agents.ddpm_agent][INFO] - Epoch 6949: Mean test mse is 0.022869445649640902
[2026-07-20 05:30:56,142][agents.ddpm_agent][INFO] - Epoch 6959: Mean test mse is 0.023552732542157173
[2026-07-20 05:31:01,149][agents.ddpm_agent][INFO] - Epoch 6969: Mean test mse is 0.022988657067928995
[2026-07-20 05:31:06,249][agents.ddpm_agent][INFO] - Epoch 6979: Mean test mse is 0.022373286741120473
[2026-07-20 05:31:11,332][agents.ddpm_agent][INFO] - Epoch 6989: Mean test mse is 0.02303092953349863
[2026-07-20 05:31:16,447][agents.ddpm_agent][INFO] - Epoch 6999: Mean test mse is 0.021882868504949977
[2026-07-20 05:31:16,465][agents.ddpm_agent][INFO] - New best test loss. Stored weights have been updated!
[2026-07-20 05:31:20,707][agents.ddpm_agent][INFO] - Epoch 7009: Mean test mse is 0.022316977913890566
[2026-07-20 05:31:24,267][agents.ddpm_agent][INFO] - Epoch 7019: Mean test mse is 0.023343773824828013
[2026-07-20 05:31:27,762][agents.ddpm_agent][INFO] - Epoch 7029: Mean test mse is 0.021952241925256594
[2026-07-20 05:31:31,311][agents.ddpm_agent][INFO] - Epoch 7039: Mean test mse is 0.02384155137198312
[2026-07-20 05:31:34,820][agents.ddpm_agent][INFO] - Epoch 7049: Mean test mse is 0.02276246781860079
[2026-07-20 05:31:38,345][agents.ddpm_agent][INFO] - Epoch 7059: Mean test mse is 0.02300498155610902
[2026-07-20 05:31:41,891][agents.ddpm_agent][INFO] - Epoch 7069: Mean test mse is 0.02276764251291752
[2026-07-20 05:31:45,493][agents.ddpm_agent][INFO] - Epoch 7079: Mean test mse is 0.022902116445558413
[2026-07-20 05:31:49,019][agents.ddpm_agent][INFO] - Epoch 7089: Mean test mse is 0.023074342736176083
[2026-07-20 05:31:52,527][agents.ddpm_agent][INFO] - Epoch 7099: Mean test mse is 0.022551410964557102
[2026-07-20 05:31:56,026][agents.ddpm_agent][INFO] - Epoch 7109: Mean test mse is 0.0227205292986972
[2026-07-20 05:31:59,599][agents.ddpm_agent][INFO] - Epoch 7119: Mean test mse is 0.021967709064483643
[2026-07-20 05:32:03,125][agents.ddpm_agent][INFO] - Epoch 7129: Mean test mse is 0.022308416664600372
[2026-07-20 05:32:06,672][agents.ddpm_agent][INFO] - Epoch 7139: Mean test mse is 0.024485860552106584
[2026-07-20 05:32:10,152][agents.ddpm_agent][INFO] - Epoch 7149: Mean test mse is 0.022310770515884672
[2026-07-20 05:32:13,724][agents.ddpm_agent][INFO] - Epoch 7159: Mean test mse is 0.02356196939945221
[2026-07-20 05:32:17,286][agents.ddpm_agent][INFO] - Epoch 7169: Mean test mse is 0.022433250610317503
[2026-07-20 05:32:20,842][agents.ddpm_agent][INFO] - Epoch 7179: Mean test mse is 0.024782048804419383
[2026-07-20 05:32:24,287][agents.ddpm_agent][INFO] - Epoch 7189: Mean test mse is 0.026150551225457872
[2026-07-20 05:32:27,765][agents.ddpm_agent][INFO] - Epoch 7199: Mean test mse is 0.021940959617495537
[2026-07-20 05:32:31,337][agents.ddpm_agent][INFO] - Epoch 7209: Mean test mse is 0.022711208888462613
[2026-07-20 05:32:34,858][agents.ddpm_agent][INFO] - Epoch 7219: Mean test mse is 0.02376787124999932
[2026-07-20 05:32:38,405][agents.ddpm_agent][INFO] - Epoch 7229: Mean test mse is 0.02178542156304632
[2026-07-20 05:32:38,423][agents.ddpm_agent][INFO] - New best test loss. Stored weights have been updated!
[2026-07-20 05:32:41,953][agents.ddpm_agent][INFO] - Epoch 7239: Mean test mse is 0.02227269991167954
[2026-07-20 05:32:45,511][agents.ddpm_agent][INFO] - Epoch 7249: Mean test mse is 0.022666141922984804
[2026-07-20 05:32:49,002][agents.ddpm_agent][INFO] - Epoch 7259: Mean test mse is 0.02242840001625674
[2026-07-20 05:32:52,491][agents.ddpm_agent][INFO] - Epoch 7269: Mean test mse is 0.022328823804855347
[2026-07-20 05:32:55,958][agents.ddpm_agent][INFO] - Epoch 7279: Mean test mse is 0.022797758557966778
[2026-07-20 05:32:59,413][agents.ddpm_agent][INFO] - Epoch 7289: Mean test mse is 0.02254774873810155
[2026-07-20 05:33:02,940][agents.ddpm_agent][INFO] - Epoch 7299: Mean test mse is 0.022269034226025854
[2026-07-20 05:33:06,529][agents.ddpm_agent][INFO] - Epoch 7309: Mean test mse is 0.02321163777794157
[2026-07-20 05:33:10,054][agents.ddpm_agent][INFO] - Epoch 7319: Mean test mse is 0.02222542784043721
[2026-07-20 05:33:13,520][agents.ddpm_agent][INFO] - Epoch 7329: Mean test mse is 0.02159313751118524
[2026-07-20 05:33:13,538][agents.ddpm_agent][INFO] - New best test loss. Stored weights have been updated!
[2026-07-20 05:33:17,054][agents.ddpm_agent][INFO] - Epoch 7339: Mean test mse is 0.02233948452132089
[2026-07-20 05:33:20,613][agents.ddpm_agent][INFO] - Epoch 7349: Mean test mse is 0.022010846861771176
[2026-07-20 05:33:24,130][agents.ddpm_agent][INFO] - Epoch 7359: Mean test mse is 0.021896533401949064
[2026-07-20 05:33:27,687][agents.ddpm_agent][INFO] - Epoch 7369: Mean test mse is 0.021831569128802845
[2026-07-20 05:33:31,187][agents.ddpm_agent][INFO] - Epoch 7379: Mean test mse is 0.020878287298338755
[2026-07-20 05:33:31,204][agents.ddpm_agent][INFO] - New best test loss. Stored weights have been updated!
[2026-07-20 05:33:34,661][agents.ddpm_agent][INFO] - Epoch 7389: Mean test mse is 0.022596124559640884
[2026-07-20 05:33:38,208][agents.ddpm_agent][INFO] - Epoch 7399: Mean test mse is 0.022185809644205228
[2026-07-20 05:33:41,807][agents.ddpm_agent][INFO] - Epoch 7409: Mean test mse is 0.020810406388981
[2026-07-20 05:33:41,825][agents.ddpm_agent][INFO] - New best test loss. Stored weights have been updated!
[2026-07-20 05:33:45,314][agents.ddpm_agent][INFO] - Epoch 7419: Mean test mse is 0.021913848285164152
[2026-07-20 05:33:48,836][agents.ddpm_agent][INFO] - Epoch 7429: Mean test mse is 0.021805548508252417
[2026-07-20 05:33:52,325][agents.ddpm_agent][INFO] - Epoch 7439: Mean test mse is 0.02126609454197543
[2026-07-20 05:33:55,844][agents.ddpm_agent][INFO] - Epoch 7449: Mean test mse is 0.02206692418881825
[2026-07-20 05:33:59,355][agents.ddpm_agent][INFO] - Epoch 7459: Mean test mse is 0.022984204281653677
[2026-07-20 05:34:02,890][agents.ddpm_agent][INFO] - Epoch 7469: Mean test mse is 0.022588033229112625
[2026-07-20 05:34:06,352][agents.ddpm_agent][INFO] - Epoch 7479: Mean test mse is 0.021538874666605676
[2026-07-20 05:34:09,865][agents.ddpm_agent][INFO] - Epoch 7489: Mean test mse is 0.021903556904622486
[2026-07-20 05:34:13,370][agents.ddpm_agent][INFO] - Epoch 7499: Mean test mse is 0.023345013282128742
[2026-07-20 05:34:16,898][agents.ddpm_agent][INFO] - Epoch 7509: Mean test mse is 0.020819893372910365
[2026-07-20 05:34:20,402][agents.ddpm_agent][INFO] - Epoch 7519: Mean test mse is 0.021697946691087315
[2026-07-20 05:34:23,878][agents.ddpm_agent][INFO] - Epoch 7529: Mean test mse is 0.022398063646895543
[2026-07-20 05:34:27,365][agents.ddpm_agent][INFO] - Epoch 7539: Mean test mse is 0.021264227107167244
[2026-07-20 05:34:30,938][agents.ddpm_agent][INFO] - Epoch 7549: Mean test mse is 0.022044146433472633
[2026-07-20 05:34:34,497][agents.ddpm_agent][INFO] - Epoch 7559: Mean test mse is 0.022127853706479073
[2026-07-20 05:34:38,053][agents.ddpm_agent][INFO] - Epoch 7569: Mean test mse is 0.02179878524371556
[2026-07-20 05:34:41,717][agents.ddpm_agent][INFO] - Epoch 7579: Mean test mse is 0.023304796112435206
[2026-07-20 05:34:45,243][agents.ddpm_agent][INFO] - Epoch 7589: Mean test mse is 0.021378033927508762
[2026-07-20 05:34:48,798][agents.ddpm_agent][INFO] - Epoch 7599: Mean test mse is 0.02043606766632625
[2026-07-20 05:34:48,816][agents.ddpm_agent][INFO] - New best test loss. Stored weights have been updated!
[2026-07-20 05:34:52,365][agents.ddpm_agent][INFO] - Epoch 7609: Mean test mse is 0.021298058863197054
[2026-07-20 05:34:55,905][agents.ddpm_agent][INFO] - Epoch 7619: Mean test mse is 0.02163810735302312
[2026-07-20 05:34:59,429][agents.ddpm_agent][INFO] - Epoch 7629: Mean test mse is 0.02026960998773575
[2026-07-20 05:34:59,447][agents.ddpm_agent][INFO] - New best test loss. Stored weights have been updated!
[2026-07-20 05:35:03,030][agents.ddpm_agent][INFO] - Epoch 7639: Mean test mse is 0.024847200406449183
[2026-07-20 05:35:06,597][agents.ddpm_agent][INFO] - Epoch 7649: Mean test mse is 0.020625384524464607
[2026-07-20 05:35:10,137][agents.ddpm_agent][INFO] - Epoch 7659: Mean test mse is 0.022303030160920962
[2026-07-20 05:35:13,639][agents.ddpm_agent][INFO] - Epoch 7669: Mean test mse is 0.02115374058485031
[2026-07-20 05:35:17,198][agents.ddpm_agent][INFO] - Epoch 7679: Mean test mse is 0.021027752065232823
[2026-07-20 05:35:20,773][agents.ddpm_agent][INFO] - Epoch 7689: Mean test mse is 0.020137736041631018
[2026-07-20 05:35:20,791][agents.ddpm_agent][INFO] - New best test loss. Stored weights have been updated!
[2026-07-20 05:35:24,274][agents.ddpm_agent][INFO] - Epoch 7699: Mean test mse is 0.021953230191554342
[2026-07-20 05:35:27,747][agents.ddpm_agent][INFO] - Epoch 7709: Mean test mse is 0.02207157893904618
[2026-07-20 05:35:31,266][agents.ddpm_agent][INFO] - Epoch 7719: Mean test mse is 0.021196401811071804
[2026-07-20 05:35:34,816][agents.ddpm_agent][INFO] - Epoch 7729: Mean test mse is 0.022193089393632754
[2026-07-20 05:35:38,389][agents.ddpm_agent][INFO] - Epoch 7739: Mean test mse is 0.020939946174621582
[2026-07-20 05:35:42,054][agents.ddpm_agent][INFO] - Epoch 7749: Mean test mse is 0.02237326784857682
[2026-07-20 05:35:45,594][agents.ddpm_agent][INFO] - Epoch 7759: Mean test mse is 0.020934563662324632
[2026-07-20 05:35:49,160][agents.ddpm_agent][INFO] - Epoch 7769: Mean test mse is 0.021162995802504674
[2026-07-20 05:35:52,802][agents.ddpm_agent][INFO] - Epoch 7779: Mean test mse is 0.022060572036675045
[2026-07-20 05:35:56,429][agents.ddpm_agent][INFO] - Epoch 7789: Mean test mse is 0.02232914524418967
[2026-07-20 05:35:59,969][agents.ddpm_agent][INFO] - Epoch 7799: Mean test mse is 0.02135335361318929
[2026-07-20 05:36:03,527][agents.ddpm_agent][INFO] - Epoch 7809: Mean test mse is 0.02118295431137085
[2026-07-20 05:36:07,151][agents.ddpm_agent][INFO] - Epoch 7819: Mean test mse is 0.02111209130712918
[2026-07-20 05:36:10,775][agents.ddpm_agent][INFO] - Epoch 7829: Mean test mse is 0.020865552393453463
[2026-07-20 05:36:14,309][agents.ddpm_agent][INFO] - Epoch 7839: Mean test mse is 0.02053877099284104
[2026-07-20 05:36:17,833][agents.ddpm_agent][INFO] - Epoch 7849: Mean test mse is 0.022030754014849663
[2026-07-20 05:36:21,362][agents.ddpm_agent][INFO] - Epoch 7859: Mean test mse is 0.021688506539378847
[2026-07-20 05:36:25,512][agents.ddpm_agent][INFO] - Epoch 7869: Mean test mse is 0.021318793828998293
[2026-07-20 05:36:29,081][agents.ddpm_agent][INFO] - Epoch 7879: Mean test mse is 0.021199209615588188
[2026-07-20 05:36:32,638][agents.ddpm_agent][INFO] - Epoch 7889: Mean test mse is 0.021694016243730272
[2026-07-20 05:36:36,249][agents.ddpm_agent][INFO] - Epoch 7899: Mean test mse is 0.023749410041740963
[2026-07-20 05:36:39,823][agents.ddpm_agent][INFO] - Epoch 7909: Mean test mse is 0.019859567816768373
[2026-07-20 05:36:39,850][agents.ddpm_agent][INFO] - New best test loss. Stored weights have been updated!
[2026-07-20 05:36:43,382][agents.ddpm_agent][INFO] - Epoch 7919: Mean test mse is 0.021006081785474504
[2026-07-20 05:36:46,934][agents.ddpm_agent][INFO] - Epoch 7929: Mean test mse is 0.02064298838376999
[2026-07-20 05:36:50,486][agents.ddpm_agent][INFO] - Epoch 7939: Mean test mse is 0.021474822025213922
[2026-07-20 05:36:54,097][agents.ddpm_agent][INFO] - Epoch 7949: Mean test mse is 0.021734476355569705
[2026-07-20 05:36:57,616][agents.ddpm_agent][INFO] - Epoch 7959: Mean test mse is 0.02095500299973147
[2026-07-20 05:37:01,160][agents.ddpm_agent][INFO] - Epoch 7969: Mean test mse is 0.021063009010893956
[2026-07-20 05:37:04,670][agents.ddpm_agent][INFO] - Epoch 7979: Mean test mse is 0.02110761616911207
[2026-07-20 05:37:08,197][agents.ddpm_agent][INFO] - Epoch 7989: Mean test mse is 0.01964806579053402
[2026-07-20 05:37:08,215][agents.ddpm_agent][INFO] - New best test loss. Stored weights have been updated!
[2026-07-20 05:37:11,801][agents.ddpm_agent][INFO] - Epoch 7999: Mean test mse is 0.021097812269415175
[2026-07-20 05:37:15,335][agents.ddpm_agent][INFO] - Epoch 8009: Mean test mse is 0.020657497059021677
[2026-07-20 05:37:18,861][agents.ddpm_agent][INFO] - Epoch 8019: Mean test mse is 0.0209316150950534
[2026-07-20 05:37:22,397][agents.ddpm_agent][INFO] - Epoch 8029: Mean test mse is 0.022118084664855684
[2026-07-20 05:37:25,930][agents.ddpm_agent][INFO] - Epoch 8039: Mean test mse is 0.021971790120005608
[2026-07-20 05:37:29,503][agents.ddpm_agent][INFO] - Epoch 8049: Mean test mse is 0.020428868542824472
[2026-07-20 05:37:32,980][agents.ddpm_agent][INFO] - Epoch 8059: Mean test mse is 0.021005787487540926
[2026-07-20 05:37:36,548][agents.ddpm_agent][INFO] - Epoch 8069: Mean test mse is 0.02230007653789861
[2026-07-20 05:37:40,066][agents.ddpm_agent][INFO] - Epoch 8079: Mean test mse is 0.022450053798300878
[2026-07-20 05:37:43,615][agents.ddpm_agent][INFO] - Epoch 8089: Mean test mse is 0.019753830241305486
[2026-07-20 05:37:47,157][agents.ddpm_agent][INFO] - Epoch 8099: Mean test mse is 0.021116203761526516
[2026-07-20 05:37:50,636][agents.ddpm_agent][INFO] - Epoch 8109: Mean test mse is 0.021518598443695476
[2026-07-20 05:37:54,155][agents.ddpm_agent][INFO] - Epoch 8119: Mean test mse is 0.02154471884880747
[2026-07-20 05:37:57,744][agents.ddpm_agent][INFO] - Epoch 8129: Mean test mse is 0.02017526195517608
[2026-07-20 05:38:01,332][agents.ddpm_agent][INFO] - Epoch 8139: Mean test mse is 0.020995805306094035
[2026-07-20 05:38:04,859][agents.ddpm_agent][INFO] - Epoch 8149: Mean test mse is 0.021655820310115814
[2026-07-20 05:38:08,348][agents.ddpm_agent][INFO] - Epoch 8159: Mean test mse is 0.022243278101086617
[2026-07-20 05:38:11,895][agents.ddpm_agent][INFO] - Epoch 8169: Mean test mse is 0.021628913868750845
[2026-07-20 05:38:15,423][agents.ddpm_agent][INFO] - Epoch 8179: Mean test mse is 0.020315165498426983
[2026-07-20 05:38:18,961][agents.ddpm_agent][INFO] - Epoch 8189: Mean test mse is 0.02138734981417656
[2026-07-20 05:38:22,532][agents.ddpm_agent][INFO] - Epoch 8199: Mean test mse is 0.020790842228702137
[2026-07-20 05:38:26,044][agents.ddpm_agent][INFO] - Epoch 8209: Mean test mse is 0.018924660315471038
[2026-07-20 05:38:26,061][agents.ddpm_agent][INFO] - New best test loss. Stored weights have been updated!
[2026-07-20 05:38:29,555][agents.ddpm_agent][INFO] - Epoch 8219: Mean test mse is 0.020783386592354094
[2026-07-20 05:38:33,157][agents.ddpm_agent][INFO] - Epoch 8229: Mean test mse is 0.021417178745780672
[2026-07-20 05:38:36,725][agents.ddpm_agent][INFO] - Epoch 8239: Mean test mse is 0.020410938587571894
[2026-07-20 05:38:40,243][agents.ddpm_agent][INFO] - Epoch 8249: Mean test mse is 0.020813753562314168
[2026-07-20 05:38:43,805][agents.ddpm_agent][INFO] - Epoch 8259: Mean test mse is 0.01991752827806132
[2026-07-20 05:38:47,393][agents.ddpm_agent][INFO] - Epoch 8269: Mean test mse is 0.021316847630909512
[2026-07-20 05:38:50,941][agents.ddpm_agent][INFO] - Epoch 8279: Mean test mse is 0.019541785919240544
[2026-07-20 05:38:54,649][agents.ddpm_agent][INFO] - Epoch 8289: Mean test mse is 0.021437743412596837
[2026-07-20 05:38:58,218][agents.ddpm_agent][INFO] - Epoch 8299: Mean test mse is 0.02194563645337309
[2026-07-20 05:39:01,734][agents.ddpm_agent][INFO] - Epoch 8309: Mean test mse is 0.020619835704565048
[2026-07-20 05:39:05,304][agents.ddpm_agent][INFO] - Epoch 8319: Mean test mse is 0.021236678585410118
[2026-07-20 05:39:08,867][agents.ddpm_agent][INFO] - Epoch 8329: Mean test mse is 0.02163903308766229
[2026-07-20 05:39:12,371][agents.ddpm_agent][INFO] - Epoch 8339: Mean test mse is 0.021107697061129978
[2026-07-20 05:39:15,921][agents.ddpm_agent][INFO] - Epoch 8349: Mean test mse is 0.020994570904544423
[2026-07-20 05:39:19,452][agents.ddpm_agent][INFO] - Epoch 8359: Mean test mse is 0.021326341001050814
[2026-07-20 05:39:23,026][agents.ddpm_agent][INFO] - Epoch 8369: Mean test mse is 0.019668938059891974
[2026-07-20 05:39:26,648][agents.ddpm_agent][INFO] - Epoch 8379: Mean test mse is 0.019324830334101404
[2026-07-20 05:39:30,200][agents.ddpm_agent][INFO] - Epoch 8389: Mean test mse is 0.02027286429490362
[2026-07-20 05:39:33,767][agents.ddpm_agent][INFO] - Epoch 8399: Mean test mse is 0.01929177636546748
[2026-07-20 05:39:37,316][agents.ddpm_agent][INFO] - Epoch 8409: Mean test mse is 0.021356948784419467
[2026-07-20 05:39:40,854][agents.ddpm_agent][INFO] - Epoch 8419: Mean test mse is 0.01970974089843886
[2026-07-20 05:39:44,378][agents.ddpm_agent][INFO] - Epoch 8429: Mean test mse is 0.020487974530884197
[2026-07-20 05:39:47,936][agents.ddpm_agent][INFO] - Epoch 8439: Mean test mse is 0.02053696023566382
[2026-07-20 05:39:51,475][agents.ddpm_agent][INFO] - Epoch 8449: Mean test mse is 0.019442223278539523
[2026-07-20 05:39:55,026][agents.ddpm_agent][INFO] - Epoch 8459: Mean test mse is 0.01947470275419099
[2026-07-20 05:39:58,580][agents.ddpm_agent][INFO] - Epoch 8469: Mean test mse is 0.020782632487160817
[2026-07-20 05:40:02,124][agents.ddpm_agent][INFO] - Epoch 8479: Mean test mse is 0.020712745242885182
[2026-07-20 05:40:05,689][agents.ddpm_agent][INFO] - Epoch 8489: Mean test mse is 0.02006996582661356
[2026-07-20 05:40:09,301][agents.ddpm_agent][INFO] - Epoch 8499: Mean test mse is 0.01862973773053714
[2026-07-20 05:40:09,319][agents.ddpm_agent][INFO] - New best test loss. Stored weights have been updated!
[2026-07-20 05:40:12,913][agents.ddpm_agent][INFO] - Epoch 8509: Mean test mse is 0.020546873499240195
[2026-07-20 05:40:16,488][agents.ddpm_agent][INFO] - Epoch 8519: Mean test mse is 0.019428520862545286
[2026-07-20 05:40:20,043][agents.ddpm_agent][INFO] - Epoch 8529: Mean test mse is 0.01986438381884779
[2026-07-20 05:40:23,599][agents.ddpm_agent][INFO] - Epoch 8539: Mean test mse is 0.020849305604185377
[2026-07-20 05:40:27,159][agents.ddpm_agent][INFO] - Epoch 8549: Mean test mse is 0.0205417022641216
[2026-07-20 05:40:30,751][agents.ddpm_agent][INFO] - Epoch 8559: Mean test mse is 0.019835765872682844
[2026-07-20 05:40:34,328][agents.ddpm_agent][INFO] - Epoch 8569: Mean test mse is 0.019751134727682387
[2026-07-20 05:40:37,810][agents.ddpm_agent][INFO] - Epoch 8579: Mean test mse is 0.020933774699057852
[2026-07-20 05:40:41,345][agents.ddpm_agent][INFO] - Epoch 8589: Mean test mse is 0.022609264190707887
[2026-07-20 05:40:44,864][agents.ddpm_agent][INFO] - Epoch 8599: Mean test mse is 0.018856106592076167
[2026-07-20 05:40:48,452][agents.ddpm_agent][INFO] - Epoch 8609: Mean test mse is 0.019483313762715886
[2026-07-20 05:40:51,957][agents.ddpm_agent][INFO] - Epoch 8619: Mean test mse is 0.020022409036755562
[2026-07-20 05:40:55,490][agents.ddpm_agent][INFO] - Epoch 8629: Mean test mse is 0.019939611798950603
[2026-07-20 05:40:59,096][agents.ddpm_agent][INFO] - Epoch 8639: Mean test mse is 0.019361404169883047
[2026-07-20 05:41:02,690][agents.ddpm_agent][INFO] - Epoch 8649: Mean test mse is 0.018621877501053468
[2026-07-20 05:41:02,708][agents.ddpm_agent][INFO] - New best test loss. Stored weights have been updated!
[2026-07-20 05:41:06,276][agents.ddpm_agent][INFO] - Epoch 8659: Mean test mse is 0.020608357286878994
[2026-07-20 05:41:09,794][agents.ddpm_agent][INFO] - Epoch 8669: Mean test mse is 0.018929847915257727
[2026-07-20 05:41:13,296][agents.ddpm_agent][INFO] - Epoch 8679: Mean test mse is 0.020449936922107424
[2026-07-20 05:41:16,908][agents.ddpm_agent][INFO] - Epoch 8689: Mean test mse is 0.018484856667263166
[2026-07-20 05:41:16,926][agents.ddpm_agent][INFO] - New best test loss. Stored weights have been updated!
[2026-07-20 05:41:20,445][agents.ddpm_agent][INFO] - Epoch 8699: Mean test mse is 0.020410253001110896
[2026-07-20 05:41:23,914][agents.ddpm_agent][INFO] - Epoch 8709: Mean test mse is 0.02144321666232177
[2026-07-20 05:41:27,436][agents.ddpm_agent][INFO] - Epoch 8719: Mean test mse is 0.01973073450582368
[2026-07-20 05:41:30,978][agents.ddpm_agent][INFO] - Epoch 8729: Mean test mse is 0.020099455756800517
[2026-07-20 05:41:34,462][agents.ddpm_agent][INFO] - Epoch 8739: Mean test mse is 0.020991162530013492
[2026-07-20 05:41:37,950][agents.ddpm_agent][INFO] - Epoch 8749: Mean test mse is 0.019311118870973587
[2026-07-20 05:41:41,665][agents.ddpm_agent][INFO] - Epoch 8759: Mean test mse is 0.019895286166242192
[2026-07-20 05:41:45,284][agents.ddpm_agent][INFO] - Epoch 8769: Mean test mse is 0.019958420523575375
[2026-07-20 05:41:48,919][agents.ddpm_agent][INFO] - Epoch 8779: Mean test mse is 0.018989117150860175
[2026-07-20 05:41:52,510][agents.ddpm_agent][INFO] - Epoch 8789: Mean test mse is 0.020904397858040675
[2026-07-20 05:41:56,153][agents.ddpm_agent][INFO] - Epoch 8799: Mean test mse is 0.020105295149343356
[2026-07-20 05:41:59,713][agents.ddpm_agent][INFO] - Epoch 8809: Mean test mse is 0.019252906686493328
[2026-07-20 05:42:03,251][agents.ddpm_agent][INFO] - Epoch 8819: Mean test mse is 0.020387699029275348
[2026-07-20 05:42:07,159][agents.ddpm_agent][INFO] - Epoch 8829: Mean test mse is 0.01994320484144347
[2026-07-20 05:42:11,575][agents.ddpm_agent][INFO] - Epoch 8839: Mean test mse is 0.01910374140633004
[2026-07-20 05:42:15,558][agents.ddpm_agent][INFO] - Epoch 8849: Mean test mse is 0.01998623859669481
[2026-07-20 05:42:19,045][agents.ddpm_agent][INFO] - Epoch 8859: Mean test mse is 0.018591849266418388
[2026-07-20 05:42:22,533][agents.ddpm_agent][INFO] - Epoch 8869: Mean test mse is 0.021992555686405728
[2026-07-20 05:42:26,410][agents.ddpm_agent][INFO] - Epoch 8879: Mean test mse is 0.018719211486833438
[2026-07-20 05:42:30,103][agents.ddpm_agent][INFO] - Epoch 8889: Mean test mse is 0.01975941445146288
[2026-07-20 05:42:33,769][agents.ddpm_agent][INFO] - Epoch 8899: Mean test mse is 0.020138515691672052
[2026-07-20 05:42:37,402][agents.ddpm_agent][INFO] - Epoch 8909: Mean test mse is 0.020433515842471803
[2026-07-20 05:42:40,950][agents.ddpm_agent][INFO] - Epoch 8919: Mean test mse is 0.01973872764834336
[2026-07-20 05:42:44,619][agents.ddpm_agent][INFO] - Epoch 8929: Mean test mse is 0.02000182547739574
[2026-07-20 05:42:48,279][agents.ddpm_agent][INFO] - Epoch 8939: Mean test mse is 0.020478262033845698
[2026-07-20 05:42:51,881][agents.ddpm_agent][INFO] - Epoch 8949: Mean test mse is 0.019676301362259046
[2026-07-20 05:42:55,463][agents.ddpm_agent][INFO] - Epoch 8959: Mean test mse is 0.020233943792326108
[2026-07-20 05:42:59,116][agents.ddpm_agent][INFO] - Epoch 8969: Mean test mse is 0.018906160656894957
[2026-07-20 05:43:02,713][agents.ddpm_agent][INFO] - Epoch 8979: Mean test mse is 0.019896389916539192
[2026-07-20 05:43:06,707][agents.ddpm_agent][INFO] - Epoch 8989: Mean test mse is 0.02007719927600452
[2026-07-20 05:43:10,308][agents.ddpm_agent][INFO] - Epoch 8999: Mean test mse is 0.01943454279431275
[2026-07-20 05:43:13,950][agents.ddpm_agent][INFO] - Epoch 9009: Mean test mse is 0.020283959273781096
[2026-07-20 05:43:17,641][agents.ddpm_agent][INFO] - Epoch 9019: Mean test mse is 0.01836915566985096
[2026-07-20 05:43:17,659][agents.ddpm_agent][INFO] - New best test loss. Stored weights have been updated!
[2026-07-20 05:43:21,364][agents.ddpm_agent][INFO] - Epoch 9029: Mean test mse is 0.020715093107095787
[2026-07-20 05:43:24,991][agents.ddpm_agent][INFO] - Epoch 9039: Mean test mse is 0.020052398688026836
[2026-07-20 05:43:28,570][agents.ddpm_agent][INFO] - Epoch 9049: Mean test mse is 0.020281430067760602
[2026-07-20 05:43:32,165][agents.ddpm_agent][INFO] - Epoch 9059: Mean test mse is 0.018860433250665665
[2026-07-20 05:43:35,793][agents.ddpm_agent][INFO] - Epoch 9069: Mean test mse is 0.019139953489814485
[2026-07-20 05:43:39,398][agents.ddpm_agent][INFO] - Epoch 9079: Mean test mse is 0.020134482266647474
[2026-07-20 05:43:42,994][agents.ddpm_agent][INFO] - Epoch 9089: Mean test mse is 0.01912345896874155
[2026-07-20 05:43:46,667][agents.ddpm_agent][INFO] - Epoch 9099: Mean test mse is 0.019740935415029526
[2026-07-20 05:43:50,292][agents.ddpm_agent][INFO] - Epoch 9109: Mean test mse is 0.01946339649813516
[2026-07-20 05:43:53,869][agents.ddpm_agent][INFO] - Epoch 9119: Mean test mse is 0.020608023341212953
[2026-07-20 05:43:57,668][agents.ddpm_agent][INFO] - Epoch 9129: Mean test mse is 0.01880056650510856
[2026-07-20 05:44:01,418][agents.ddpm_agent][INFO] - Epoch 9139: Mean test mse is 0.019874288301382746
[2026-07-20 05:44:05,430][agents.ddpm_agent][INFO] - Epoch 9149: Mean test mse is 0.019495189988187382
[2026-07-20 05:44:09,069][agents.ddpm_agent][INFO] - Epoch 9159: Mean test mse is 0.019640673750213215
[2026-07-20 05:44:12,767][agents.ddpm_agent][INFO] - Epoch 9169: Mean test mse is 0.0194946357182094
[2026-07-20 05:44:16,469][agents.ddpm_agent][INFO] - Epoch 9179: Mean test mse is 0.018119804028953825
[2026-07-20 05:44:16,487][agents.ddpm_agent][INFO] - New best test loss. Stored weights have been updated!
[2026-07-20 05:44:20,138][agents.ddpm_agent][INFO] - Epoch 9189: Mean test mse is 0.019148255565336773
[2026-07-20 05:44:23,713][agents.ddpm_agent][INFO] - Epoch 9199: Mean test mse is 0.019657065825802938
[2026-07-20 05:44:27,347][agents.ddpm_agent][INFO] - Epoch 9209: Mean test mse is 0.01945651721741472
[2026-07-20 05:44:30,988][agents.ddpm_agent][INFO] - Epoch 9219: Mean test mse is 0.019825845690710203
[2026-07-20 05:44:34,587][agents.ddpm_agent][INFO] - Epoch 9229: Mean test mse is 0.019682921735303744
[2026-07-20 05:44:38,240][agents.ddpm_agent][INFO] - Epoch 9239: Mean test mse is 0.018530324367540225
[2026-07-20 05:44:41,845][agents.ddpm_agent][INFO] - Epoch 9249: Mean test mse is 0.01951352121042354
[2026-07-20 05:44:45,511][agents.ddpm_agent][INFO] - Epoch 9259: Mean test mse is 0.019140057797942842
[2026-07-20 05:44:49,088][agents.ddpm_agent][INFO] - Epoch 9269: Mean test mse is 0.019470285358173505
[2026-07-20 05:44:52,682][agents.ddpm_agent][INFO] - Epoch 9279: Mean test mse is 0.018615078713212694
[2026-07-20 05:44:56,305][agents.ddpm_agent][INFO] - Epoch 9289: Mean test mse is 0.01895304556403841
[2026-07-20 05:44:59,887][agents.ddpm_agent][INFO] - Epoch 9299: Mean test mse is 0.01940847613981792
[2026-07-20 05:45:03,523][agents.ddpm_agent][INFO] - Epoch 9309: Mean test mse is 0.020050716453364918
[2026-07-20 05:45:07,169][agents.ddpm_agent][INFO] - Epoch 9319: Mean test mse is 0.01854870468378067
[2026-07-20 05:45:10,773][agents.ddpm_agent][INFO] - Epoch 9329: Mean test mse is 0.019656802394560406
[2026-07-20 05:45:14,291][agents.ddpm_agent][INFO] - Epoch 9339: Mean test mse is 0.02055593047823225
[2026-07-20 05:45:17,910][agents.ddpm_agent][INFO] - Epoch 9349: Mean test mse is 0.019809034120823656
[2026-07-20 05:45:21,457][agents.ddpm_agent][INFO] - Epoch 9359: Mean test mse is 0.018768339018736566
[2026-07-20 05:45:25,033][agents.ddpm_agent][INFO] - Epoch 9369: Mean test mse is 0.018701541503625258
[2026-07-20 05:45:28,594][agents.ddpm_agent][INFO] - Epoch 9379: Mean test mse is 0.02050106945846762
[2026-07-20 05:45:32,160][agents.ddpm_agent][INFO] - Epoch 9389: Mean test mse is 0.019570164116365567
[2026-07-20 05:45:35,745][agents.ddpm_agent][INFO] - Epoch 9399: Mean test mse is 0.019925100462777273
[2026-07-20 05:45:39,322][agents.ddpm_agent][INFO] - Epoch 9409: Mean test mse is 0.019135090256375924
[2026-07-20 05:45:42,877][agents.ddpm_agent][INFO] - Epoch 9419: Mean test mse is 0.01943178554730756
[2026-07-20 05:45:46,462][agents.ddpm_agent][INFO] - Epoch 9429: Mean test mse is 0.019931976284299577
[2026-07-20 05:45:49,977][agents.ddpm_agent][INFO] - Epoch 9439: Mean test mse is 0.019139268302491734
[2026-07-20 05:45:53,496][agents.ddpm_agent][INFO] - Epoch 9449: Mean test mse is 0.018886044887559756
[2026-07-20 05:45:57,048][agents.ddpm_agent][INFO] - Epoch 9459: Mean test mse is 0.019100031283284937
[2026-07-20 05:46:00,604][agents.ddpm_agent][INFO] - Epoch 9469: Mean test mse is 0.018574018563543047
[2026-07-20 05:46:04,111][agents.ddpm_agent][INFO] - Epoch 9479: Mean test mse is 0.01831052957900933
[2026-07-20 05:46:07,610][agents.ddpm_agent][INFO] - Epoch 9489: Mean test mse is 0.01780562488628285
[2026-07-20 05:46:07,627][agents.ddpm_agent][INFO] - New best test loss. Stored weights have been updated!
[2026-07-20 05:46:11,239][agents.ddpm_agent][INFO] - Epoch 9499: Mean test mse is 0.018810379185846875
[2026-07-20 05:46:14,892][agents.ddpm_agent][INFO] - Epoch 9509: Mean test mse is 0.017661796749702523
[2026-07-20 05:46:14,910][agents.ddpm_agent][INFO] - New best test loss. Stored weights have been updated!
[2026-07-20 05:46:18,467][agents.ddpm_agent][INFO] - Epoch 9519: Mean test mse is 0.019260373764804432
[2026-07-20 05:46:22,005][agents.ddpm_agent][INFO] - Epoch 9529: Mean test mse is 0.019765904439347132
[2026-07-20 05:46:25,532][agents.ddpm_agent][INFO] - Epoch 9539: Mean test mse is 0.020099114360553876
[2026-07-20 05:46:29,141][agents.ddpm_agent][INFO] - Epoch 9549: Mean test mse is 0.019200423998492106
[2026-07-20 05:46:32,687][agents.ddpm_agent][INFO] - Epoch 9559: Mean test mse is 0.01856773971979107
[2026-07-20 05:46:36,259][agents.ddpm_agent][INFO] - Epoch 9569: Mean test mse is 0.019199433337364877
[2026-07-20 05:46:39,815][agents.ddpm_agent][INFO] - Epoch 9579: Mean test mse is 0.019060962301279818
[2026-07-20 05:46:43,385][agents.ddpm_agent][INFO] - Epoch 9589: Mean test mse is 0.018048406977738653
[2026-07-20 05:46:46,935][agents.ddpm_agent][INFO] - Epoch 9599: Mean test mse is 0.0183012881981475
[2026-07-20 05:46:50,395][agents.ddpm_agent][INFO] - Epoch 9609: Mean test mse is 0.019921135689531053
[2026-07-20 05:46:53,896][agents.ddpm_agent][INFO] - Epoch 9619: Mean test mse is 0.01822606846690178
[2026-07-20 05:46:57,394][agents.ddpm_agent][INFO] - Epoch 9629: Mean test mse is 0.019677546540541307
[2026-07-20 05:47:00,981][agents.ddpm_agent][INFO] - Epoch 9639: Mean test mse is 0.018820436538330147
[2026-07-20 05:47:04,594][agents.ddpm_agent][INFO] - Epoch 9649: Mean test mse is 0.018322278213288103
[2026-07-20 05:47:08,211][agents.ddpm_agent][INFO] - Epoch 9659: Mean test mse is 0.018993913595165526
[2026-07-20 05:47:11,715][agents.ddpm_agent][INFO] - Epoch 9669: Mean test mse is 0.019122393003531864
[2026-07-20 05:47:15,308][agents.ddpm_agent][INFO] - Epoch 9679: Mean test mse is 0.018831403393830572
[2026-07-20 05:47:18,888][agents.ddpm_agent][INFO] - Epoch 9689: Mean test mse is 0.018399192951619625
[2026-07-20 05:47:22,425][agents.ddpm_agent][INFO] - Epoch 9699: Mean test mse is 0.020005115840051855
[2026-07-20 05:47:25,951][agents.ddpm_agent][INFO] - Epoch 9709: Mean test mse is 0.01950058341026306
[2026-07-20 05:47:29,517][agents.ddpm_agent][INFO] - Epoch 9719: Mean test mse is 0.018641704427344457
[2026-07-20 05:47:33,049][agents.ddpm_agent][INFO] - Epoch 9729: Mean test mse is 0.018350898288190365
[2026-07-20 05:47:36,581][agents.ddpm_agent][INFO] - Epoch 9739: Mean test mse is 0.019733563331621035
[2026-07-20 05:47:40,137][agents.ddpm_agent][INFO] - Epoch 9749: Mean test mse is 0.017220161988266876
[2026-07-20 05:47:40,155][agents.ddpm_agent][INFO] - New best test loss. Stored weights have been updated!
[2026-07-20 05:47:43,642][agents.ddpm_agent][INFO] - Epoch 9759: Mean test mse is 0.0189220950539623
[2026-07-20 05:47:47,126][agents.ddpm_agent][INFO] - Epoch 9769: Mean test mse is 0.018073140776583126
[2026-07-20 05:47:50,657][agents.ddpm_agent][INFO] - Epoch 9779: Mean test mse is 0.017855148496372358
[2026-07-20 05:47:54,183][agents.ddpm_agent][INFO] - Epoch 9789: Mean test mse is 0.01913647899138076
[2026-07-20 05:47:57,761][agents.ddpm_agent][INFO] - Epoch 9799: Mean test mse is 0.018971503047006472
[2026-07-20 05:48:01,274][agents.ddpm_agent][INFO] - Epoch 9809: Mean test mse is 0.01726550968097789
[2026-07-20 05:48:04,743][agents.ddpm_agent][INFO] - Epoch 9819: Mean test mse is 0.017238902859389782
[2026-07-20 05:48:08,269][agents.ddpm_agent][INFO] - Epoch 9829: Mean test mse is 0.01873217975454671
[2026-07-20 05:48:11,799][agents.ddpm_agent][INFO] - Epoch 9839: Mean test mse is 0.017300513439944813
[2026-07-20 05:48:15,351][agents.ddpm_agent][INFO] - Epoch 9849: Mean test mse is 0.018555923897240843
[2026-07-20 05:48:18,819][agents.ddpm_agent][INFO] - Epoch 9859: Mean test mse is 0.02029411547950336
[2026-07-20 05:48:22,347][agents.ddpm_agent][INFO] - Epoch 9869: Mean test mse is 0.017382783549172536
[2026-07-20 05:48:25,908][agents.ddpm_agent][INFO] - Epoch 9879: Mean test mse is 0.01835789331900222
[2026-07-20 05:48:29,422][agents.ddpm_agent][INFO] - Epoch 9889: Mean test mse is 0.01835674898965018
[2026-07-20 05:48:32,919][agents.ddpm_agent][INFO] - Epoch 9899: Mean test mse is 0.019931070506572723
[2026-07-20 05:48:36,399][agents.ddpm_agent][INFO] - Epoch 9909: Mean test mse is 0.01810379419475794
[2026-07-20 05:48:39,851][agents.ddpm_agent][INFO] - Epoch 9919: Mean test mse is 0.0189488237457616
[2026-07-20 05:48:43,308][agents.ddpm_agent][INFO] - Epoch 9929: Mean test mse is 0.01867614154304777
[2026-07-20 05:48:46,905][agents.ddpm_agent][INFO] - Epoch 9939: Mean test mse is 0.01787345191197736
[2026-07-20 05:48:50,484][agents.ddpm_agent][INFO] - Epoch 9949: Mean test mse is 0.018308503553271294
[2026-07-20 05:48:53,920][agents.ddpm_agent][INFO] - Epoch 9959: Mean test mse is 0.017471643164753914
[2026-07-20 05:48:57,429][agents.ddpm_agent][INFO] - Epoch 9969: Mean test mse is 0.018636942175882205
[2026-07-20 05:49:00,980][agents.ddpm_agent][INFO] - Epoch 9979: Mean test mse is 0.019641237599509104
[2026-07-20 05:49:04,562][agents.ddpm_agent][INFO] - Epoch 9989: Mean test mse is 0.01921116534088339
[2026-07-20 05:49:08,056][agents.ddpm_agent][INFO] - Epoch 9999: Mean test mse is 0.018460212674524103
[2026-07-20 05:49:11,512][agents.ddpm_agent][INFO] - Epoch 10009: Mean test mse is 0.01712057021047388
[2026-07-20 05:49:11,529][agents.ddpm_agent][INFO] - New best test loss. Stored weights have been updated!
[2026-07-20 05:49:15,037][agents.ddpm_agent][INFO] - Epoch 10019: Mean test mse is 0.01807299442589283
[2026-07-20 05:49:18,531][agents.ddpm_agent][INFO] - Epoch 10029: Mean test mse is 0.019145766273140907
[2026-07-20 05:49:22,070][agents.ddpm_agent][INFO] - Epoch 10039: Mean test mse is 0.01778266459171261
[2026-07-20 05:49:25,566][agents.ddpm_agent][INFO] - Epoch 10049: Mean test mse is 0.019087684207728932
[2026-07-20 05:49:29,007][agents.ddpm_agent][INFO] - Epoch 10059: Mean test mse is 0.01864169484802655
[2026-07-20 05:49:32,483][agents.ddpm_agent][INFO] - Epoch 10069: Mean test mse is 0.018712628366691724
[2026-07-20 05:49:35,974][agents.ddpm_agent][INFO] - Epoch 10079: Mean test mse is 0.018498120829463005
[2026-07-20 05:49:39,539][agents.ddpm_agent][INFO] - Epoch 10089: Mean test mse is 0.01770346744784287
[2026-07-20 05:49:43,868][agents.ddpm_agent][INFO] - Epoch 10099: Mean test mse is 0.01880505814083985
[2026-07-20 05:49:49,568][agents.ddpm_agent][INFO] - Epoch 10109: Mean test mse is 0.01893956839506115
[2026-07-20 05:49:55,193][agents.ddpm_agent][INFO] - Epoch 10119: Mean test mse is 0.01793027961892741
[2026-07-20 05:49:59,824][agents.ddpm_agent][INFO] - Epoch 10129: Mean test mse is 0.01779405346938542
[2026-07-20 05:50:05,007][agents.ddpm_agent][INFO] - Epoch 10139: Mean test mse is 0.01694931901459183
[2026-07-20 05:50:05,024][agents.ddpm_agent][INFO] - New best test loss. Stored weights have been updated!
[2026-07-20 05:50:08,007][agents.ddpm_agent][INFO] - Epoch 10149: Mean test mse is 0.017501096507268294
[2026-07-20 05:50:10,898][agents.ddpm_agent][INFO] - Epoch 10159: Mean test mse is 0.01759299329881157
[2026-07-20 05:50:13,792][agents.ddpm_agent][INFO] - Epoch 10169: Mean test mse is 0.017565235495567322
[2026-07-20 05:50:16,705][agents.ddpm_agent][INFO] - Epoch 10179: Mean test mse is 0.017429726996592114
[2026-07-20 05:50:19,617][agents.ddpm_agent][INFO] - Epoch 10189: Mean test mse is 0.01825126792703356
[2026-07-20 05:50:22,479][agents.ddpm_agent][INFO] - Epoch 10199: Mean test mse is 0.019148253170507296
[2026-07-20 05:50:25,395][agents.ddpm_agent][INFO] - Epoch 10209: Mean test mse is 0.019862107134291103
[2026-07-20 05:50:28,275][agents.ddpm_agent][INFO] - Epoch 10219: Mean test mse is 0.019314261685524668
[2026-07-20 05:50:31,153][agents.ddpm_agent][INFO] - Epoch 10229: Mean test mse is 0.017326473923666135
[2026-07-20 05:50:34,033][agents.ddpm_agent][INFO] - Epoch 10239: Mean test mse is 0.018980794054056917
[2026-07-20 05:50:36,925][agents.ddpm_agent][INFO] - Epoch 10249: Mean test mse is 0.019259366605963026
[2026-07-20 05:50:39,814][agents.ddpm_agent][INFO] - Epoch 10259: Mean test mse is 0.01910082676580974
[2026-07-20 05:50:42,739][agents.ddpm_agent][INFO] - Epoch 10269: Mean test mse is 0.017424191082162515
[2026-07-20 05:50:45,641][agents.ddpm_agent][INFO] - Epoch 10279: Mean test mse is 0.018989504714097296
[2026-07-20 05:50:48,528][agents.ddpm_agent][INFO] - Epoch 10289: Mean test mse is 0.018170041697365896
[2026-07-20 05:50:51,394][agents.ddpm_agent][INFO] - Epoch 10299: Mean test mse is 0.018164092674851418
[2026-07-20 05:50:54,308][agents.ddpm_agent][INFO] - Epoch 10309: Mean test mse is 0.017787435092031956
[2026-07-20 05:50:57,209][agents.ddpm_agent][INFO] - Epoch 10319: Mean test mse is 0.017324038115995272
[2026-07-20 05:51:00,100][agents.ddpm_agent][INFO] - Epoch 10329: Mean test mse is 0.017717354664845125
[2026-07-20 05:51:02,993][agents.ddpm_agent][INFO] - Epoch 10339: Mean test mse is 0.017309239666376795
[2026-07-20 05:51:05,861][agents.ddpm_agent][INFO] - Epoch 10349: Mean test mse is 0.017592952453664372
[2026-07-20 05:51:08,712][agents.ddpm_agent][INFO] - Epoch 10359: Mean test mse is 0.018337387325508252
[2026-07-20 05:51:11,760][agents.ddpm_agent][INFO] - Epoch 10369: Mean test mse is 0.018988040941102163
[2026-07-20 05:51:14,793][agents.ddpm_agent][INFO] - Epoch 10379: Mean test mse is 0.018937127398593084
[2026-07-20 05:51:17,838][agents.ddpm_agent][INFO] - Epoch 10389: Mean test mse is 0.018339346029928753
[2026-07-20 05:51:20,834][agents.ddpm_agent][INFO] - Epoch 10399: Mean test mse is 0.018088139726647308
[2026-07-20 05:51:23,755][agents.ddpm_agent][INFO] - Epoch 10409: Mean test mse is 0.018751992444906915
[2026-07-20 05:51:26,696][agents.ddpm_agent][INFO] - Epoch 10419: Mean test mse is 0.017181741339819773
[2026-07-20 05:51:29,639][agents.ddpm_agent][INFO] - Epoch 10429: Mean test mse is 0.017751167129193033
[2026-07-20 05:51:32,653][agents.ddpm_agent][INFO] - Epoch 10439: Mean test mse is 0.01708927990070411
[2026-07-20 05:51:35,688][agents.ddpm_agent][INFO] - Epoch 10449: Mean test mse is 0.018937446576144015
[2026-07-20 05:51:38,766][agents.ddpm_agent][INFO] - Epoch 10459: Mean test mse is 0.019340078213385174
[2026-07-20 05:51:41,922][agents.ddpm_agent][INFO] - Epoch 10469: Mean test mse is 0.01815166151417153
[2026-07-20 05:51:45,142][agents.ddpm_agent][INFO] - Epoch 10479: Mean test mse is 0.01925983346466507
[2026-07-20 05:51:48,539][agents.ddpm_agent][INFO] - Epoch 10489: Mean test mse is 0.019054265027599677
[2026-07-20 05:51:52,242][agents.ddpm_agent][INFO] - Epoch 10499: Mean test mse is 0.01854323156710182
[2026-07-20 05:51:55,978][agents.ddpm_agent][INFO] - Epoch 10509: Mean test mse is 0.017952220514416695
[2026-07-20 05:51:59,305][agents.ddpm_agent][INFO] - Epoch 10519: Mean test mse is 0.017131325655749867
[2026-07-20 05:52:02,484][agents.ddpm_agent][INFO] - Epoch 10529: Mean test mse is 0.018627605001841272
[2026-07-20 05:52:05,959][agents.ddpm_agent][INFO] - Epoch 10539: Mean test mse is 0.016639665035264834
[2026-07-20 05:52:05,977][agents.ddpm_agent][INFO] - New best test loss. Stored weights have been updated!
[2026-07-20 05:52:09,487][agents.ddpm_agent][INFO] - Epoch 10549: Mean test mse is 0.017969054569091116
[2026-07-20 05:52:12,956][agents.ddpm_agent][INFO] - Epoch 10559: Mean test mse is 0.020543031128389493
[2026-07-20 05:52:16,481][agents.ddpm_agent][INFO] - Epoch 10569: Mean test mse is 0.017971560758139406
[2026-07-20 05:52:19,943][agents.ddpm_agent][INFO] - Epoch 10579: Mean test mse is 0.016880992267813002
[2026-07-20 05:52:23,328][agents.ddpm_agent][INFO] - Epoch 10589: Mean test mse is 0.01822318322956562
[2026-07-20 05:52:26,823][agents.ddpm_agent][INFO] - Epoch 10599: Mean test mse is 0.0183290248470647
[2026-07-20 05:52:30,284][agents.ddpm_agent][INFO] - Epoch 10609: Mean test mse is 0.018256863446107933
[2026-07-20 05:52:33,856][agents.ddpm_agent][INFO] - Epoch 10619: Mean test mse is 0.017216994959328855
[2026-07-20 05:52:37,352][agents.ddpm_agent][INFO] - Epoch 10629: Mean test mse is 0.017749452431287085
[2026-07-20 05:52:40,886][agents.ddpm_agent][INFO] - Epoch 10639: Mean test mse is 0.019051085226237774
[2026-07-20 05:52:44,414][agents.ddpm_agent][INFO] - Epoch 10649: Mean test mse is 0.018575414616082395
[2026-07-20 05:52:47,861][agents.ddpm_agent][INFO] - Epoch 10659: Mean test mse is 0.0182281317455428
[2026-07-20 05:52:51,345][agents.ddpm_agent][INFO] - Epoch 10669: Mean test mse is 0.01815205905586481
[2026-07-20 05:52:54,905][agents.ddpm_agent][INFO] - Epoch 10679: Mean test mse is 0.0181111746600696
[2026-07-20 05:52:58,462][agents.ddpm_agent][INFO] - Epoch 10689: Mean test mse is 0.01894811461014407
[2026-07-20 05:53:02,045][agents.ddpm_agent][INFO] - Epoch 10699: Mean test mse is 0.017420802132359574
[2026-07-20 05:53:05,646][agents.ddpm_agent][INFO] - Epoch 10709: Mean test mse is 0.017226890926914557
[2026-07-20 05:53:09,202][agents.ddpm_agent][INFO] - Epoch 10719: Mean test mse is 0.01813308854720422
[2026-07-20 05:53:12,738][agents.ddpm_agent][INFO] - Epoch 10729: Mean test mse is 0.018819708643215045
[2026-07-20 05:53:16,282][agents.ddpm_agent][INFO] - Epoch 10739: Mean test mse is 0.016664365838680948
[2026-07-20 05:53:19,824][agents.ddpm_agent][INFO] - Epoch 10749: Mean test mse is 0.018024871791047708
[2026-07-20 05:53:23,414][agents.ddpm_agent][INFO] - Epoch 10759: Mean test mse is 0.0174026240461639
[2026-07-20 05:53:26,916][agents.ddpm_agent][INFO] - Epoch 10769: Mean test mse is 0.01830567965017898
[2026-07-20 05:53:30,495][agents.ddpm_agent][INFO] - Epoch 10779: Mean test mse is 0.01815833949616977
[2026-07-20 05:53:34,077][agents.ddpm_agent][INFO] - Epoch 10789: Mean test mse is 0.017563670873641968
[2026-07-20 05:53:37,603][agents.ddpm_agent][INFO] - Epoch 10799: Mean test mse is 0.01763959415256977
[2026-07-20 05:53:41,182][agents.ddpm_agent][INFO] - Epoch 10809: Mean test mse is 0.018360930228871957
[2026-07-20 05:53:44,761][agents.ddpm_agent][INFO] - Epoch 10819: Mean test mse is 0.01802067192537444
[2026-07-20 05:53:49,206][agents.ddpm_agent][INFO] - Epoch 10829: Mean test mse is 0.01842214007462774
[2026-07-20 05:53:54,118][agents.ddpm_agent][INFO] - Epoch 10839: Mean test mse is 0.01886272935995034
[2026-07-20 05:53:57,882][agents.ddpm_agent][INFO] - Epoch 10849: Mean test mse is 0.019010996845151697
[2026-07-20 05:54:01,476][agents.ddpm_agent][INFO] - Epoch 10859: Mean test mse is 0.017401264315204962
[2026-07-20 05:54:05,381][agents.ddpm_agent][INFO] - Epoch 10869: Mean test mse is 0.017936865666082928
[2026-07-20 05:54:09,007][agents.ddpm_agent][INFO] - Epoch 10879: Mean test mse is 0.017329711999211992
[2026-07-20 05:54:12,578][agents.ddpm_agent][INFO] - Epoch 10889: Mean test mse is 0.017710646481386254
[2026-07-20 05:54:16,127][agents.ddpm_agent][INFO] - Epoch 10899: Mean test mse is 0.017655756856713976
[2026-07-20 05:54:20,052][agents.ddpm_agent][INFO] - Epoch 10909: Mean test mse is 0.017249078223747865
[2026-07-20 05:54:23,619][agents.ddpm_agent][INFO] - Epoch 10919: Mean test mse is 0.017034675659877912
[2026-07-20 05:54:27,784][agents.ddpm_agent][INFO] - Epoch 10929: Mean test mse is 0.01751344384891646
[2026-07-20 05:54:31,535][agents.ddpm_agent][INFO] - Epoch 10939: Mean test mse is 0.018032478567745005
[2026-07-20 05:54:35,141][agents.ddpm_agent][INFO] - Epoch 10949: Mean test mse is 0.017276440081851824
[2026-07-20 05:54:38,682][agents.ddpm_agent][INFO] - Epoch 10959: Mean test mse is 0.017472117074898312
[2026-07-20 05:54:42,284][agents.ddpm_agent][INFO] - Epoch 10969: Mean test mse is 0.01894068704651935
[2026-07-20 05:54:45,925][agents.ddpm_agent][INFO] - Epoch 10979: Mean test mse is 0.017284455576113293
[2026-07-20 05:54:49,447][agents.ddpm_agent][INFO] - Epoch 10989: Mean test mse is 0.01737370847591332
[2026-07-20 05:54:53,016][agents.ddpm_agent][INFO] - Epoch 10999: Mean test mse is 0.01741314759211881
[2026-07-20 05:54:56,597][agents.ddpm_agent][INFO] - Epoch 11009: Mean test mse is 0.017407255114189217
[2026-07-20 05:55:00,180][agents.ddpm_agent][INFO] - Epoch 11019: Mean test mse is 0.017080507773373808
[2026-07-20 05:55:03,723][agents.ddpm_agent][INFO] - Epoch 11029: Mean test mse is 0.018121552919702872
[2026-07-20 05:55:07,311][agents.ddpm_agent][INFO] - Epoch 11039: Mean test mse is 0.01812047604471445
[2026-07-20 05:55:10,855][agents.ddpm_agent][INFO] - Epoch 11049: Mean test mse is 0.017599217992808138
[2026-07-20 05:55:14,460][agents.ddpm_agent][INFO] - Epoch 11059: Mean test mse is 0.01739866898528167
[2026-07-20 05:55:18,022][agents.ddpm_agent][INFO] - Epoch 11069: Mean test mse is 0.018266589513846805
[2026-07-20 05:55:21,625][agents.ddpm_agent][INFO] - Epoch 11079: Mean test mse is 0.01786809228360653
[2026-07-20 05:55:25,199][agents.ddpm_agent][INFO] - Epoch 11089: Mean test mse is 0.017556810485465184
[2026-07-20 05:55:28,721][agents.ddpm_agent][INFO] - Epoch 11099: Mean test mse is 0.01774376883570637
[2026-07-20 05:55:32,316][agents.ddpm_agent][INFO] - Epoch 11109: Mean test mse is 0.018129231674330577
[2026-07-20 05:55:35,878][agents.ddpm_agent][INFO] - Epoch 11119: Mean test mse is 0.01762524034295763
[2026-07-20 05:55:39,488][agents.ddpm_agent][INFO] - Epoch 11129: Mean test mse is 0.017959871462413242
[2026-07-20 05:55:43,033][agents.ddpm_agent][INFO] - Epoch 11139: Mean test mse is 0.017033400014042854
[2026-07-20 05:55:46,583][agents.ddpm_agent][INFO] - Epoch 11149: Mean test mse is 0.017830468448145047
[2026-07-20 05:55:50,202][agents.ddpm_agent][INFO] - Epoch 11159: Mean test mse is 0.01725710422864982
[2026-07-20 05:55:53,816][agents.ddpm_agent][INFO] - Epoch 11169: Mean test mse is 0.017899546240057265
[2026-07-20 05:55:57,464][agents.ddpm_agent][INFO] - Epoch 11179: Mean test mse is 0.017266312081898962
[2026-07-20 05:56:01,051][agents.ddpm_agent][INFO] - Epoch 11189: Mean test mse is 0.01688273131315197
[2026-07-20 05:56:04,634][agents.ddpm_agent][INFO] - Epoch 11199: Mean test mse is 0.017914617035005773
[2026-07-20 05:56:08,225][agents.ddpm_agent][INFO] - Epoch 11209: Mean test mse is 0.016883293698940958
[2026-07-20 05:56:11,819][agents.ddpm_agent][INFO] - Epoch 11219: Mean test mse is 0.018485830298491886
[2026-07-20 05:56:15,386][agents.ddpm_agent][INFO] - Epoch 11229: Mean test mse is 0.016984929596739157
[2026-07-20 05:56:19,012][agents.ddpm_agent][INFO] - Epoch 11239: Mean test mse is 0.017752444770719324
[2026-07-20 05:56:22,554][agents.ddpm_agent][INFO] - Epoch 11249: Mean test mse is 0.016172942439360277
[2026-07-20 05:56:22,979][agents.ddpm_agent][INFO] - New best test loss. Stored weights have been updated!
[2026-07-20 05:56:26,617][agents.ddpm_agent][INFO] - Epoch 11259: Mean test mse is 0.018062709032424858
[2026-07-20 05:56:30,184][agents.ddpm_agent][INFO] - Epoch 11269: Mean test mse is 0.017096402389662608
[2026-07-20 05:56:33,723][agents.ddpm_agent][INFO] - Epoch 11279: Mean test mse is 0.01812290959060192
[2026-07-20 05:56:37,268][agents.ddpm_agent][INFO] - Epoch 11289: Mean test mse is 0.017261352123958722
[2026-07-20 05:56:40,761][agents.ddpm_agent][INFO] - Epoch 11299: Mean test mse is 0.01747229908193861
[2026-07-20 05:56:44,300][agents.ddpm_agent][INFO] - Epoch 11309: Mean test mse is 0.016179275965051993
[2026-07-20 05:56:47,893][agents.ddpm_agent][INFO] - Epoch 11319: Mean test mse is 0.016336789753820215
[2026-07-20 05:56:51,451][agents.ddpm_agent][INFO] - Epoch 11329: Mean test mse is 0.01628592929669789
[2026-07-20 05:56:55,004][agents.ddpm_agent][INFO] - Epoch 11339: Mean test mse is 0.017295732695077146
[2026-07-20 05:56:58,638][agents.ddpm_agent][INFO] - Epoch 11349: Mean test mse is 0.017455064558557103
[2026-07-20 05:57:02,217][agents.ddpm_agent][INFO] - Epoch 11359: Mean test mse is 0.018151912971266677
[2026-07-20 05:57:05,769][agents.ddpm_agent][INFO] - Epoch 11369: Mean test mse is 0.017368592587964877
[2026-07-20 05:57:09,369][agents.ddpm_agent][INFO] - Epoch 11379: Mean test mse is 0.016446237319282124
[2026-07-20 05:57:13,011][agents.ddpm_agent][INFO] - Epoch 11389: Mean test mse is 0.01705693905907018
[2026-07-20 05:57:16,582][agents.ddpm_agent][INFO] - Epoch 11399: Mean test mse is 0.016847072169184685
[2026-07-20 05:57:20,168][agents.ddpm_agent][INFO] - Epoch 11409: Mean test mse is 0.018569820959653174
[2026-07-20 05:57:23,807][agents.ddpm_agent][INFO] - Epoch 11419: Mean test mse is 0.018614467632557665
[2026-07-20 05:57:27,402][agents.ddpm_agent][INFO] - Epoch 11429: Mean test mse is 0.016222428397408555
[2026-07-20 05:57:30,938][agents.ddpm_agent][INFO] - Epoch 11439: Mean test mse is 0.017530389396207675
[2026-07-20 05:57:34,584][agents.ddpm_agent][INFO] - Epoch 11449: Mean test mse is 0.017367178042020117
[2026-07-20 05:57:38,132][agents.ddpm_agent][INFO] - Epoch 11459: Mean test mse is 0.016865935442703112
[2026-07-20 05:57:41,900][agents.ddpm_agent][INFO] - Epoch 11469: Mean test mse is 0.016991400692079748
[2026-07-20 05:57:47,238][agents.ddpm_agent][INFO] - Epoch 11479: Mean test mse is 0.017775995390755788
[2026-07-20 05:57:51,095][agents.ddpm_agent][INFO] - Epoch 11489: Mean test mse is 0.01733672193118504
[2026-07-20 05:57:54,665][agents.ddpm_agent][INFO] - Epoch 11499: Mean test mse is 0.01836336962878704
[2026-07-20 05:57:58,269][agents.ddpm_agent][INFO] - Epoch 11509: Mean test mse is 0.01650537457317114
[2026-07-20 05:58:01,864][agents.ddpm_agent][INFO] - Epoch 11519: Mean test mse is 0.017646268409277712
[2026-07-20 05:58:06,097][agents.ddpm_agent][INFO] - Epoch 11529: Mean test mse is 0.017032608123762265
[2026-07-20 05:58:09,686][agents.ddpm_agent][INFO] - Epoch 11539: Mean test mse is 0.01756182379488434
[2026-07-20 05:58:14,539][agents.ddpm_agent][INFO] - Epoch 11549: Mean test mse is 0.016863820276090076
[2026-07-20 05:58:18,536][agents.ddpm_agent][INFO] - Epoch 11559: Mean test mse is 0.01674958478127207
[2026-07-20 05:58:22,144][agents.ddpm_agent][INFO] - Epoch 11569: Mean test mse is 0.016469698000167097
[2026-07-20 05:58:25,751][agents.ddpm_agent][INFO] - Epoch 11579: Mean test mse is 0.017215297557413578
[2026-07-20 05:58:30,060][agents.ddpm_agent][INFO] - Epoch 11589: Mean test mse is 0.017315598470824107
[2026-07-20 05:58:34,398][agents.ddpm_agent][INFO] - Epoch 11599: Mean test mse is 0.017953626944550445
[2026-07-20 05:58:38,398][agents.ddpm_agent][INFO] - Epoch 11609: Mean test mse is 0.01598489923136575
[2026-07-20 05:58:38,415][agents.ddpm_agent][INFO] - New best test loss. Stored weights have been updated!
[2026-07-20 05:58:43,571][agents.ddpm_agent][INFO] - Epoch 11619: Mean test mse is 0.018526102948401655
[2026-07-20 05:58:47,980][agents.ddpm_agent][INFO] - Epoch 11629: Mean test mse is 0.018012319026248797
[2026-07-20 05:58:51,520][agents.ddpm_agent][INFO] - Epoch 11639: Mean test mse is 0.016992047695176943
[2026-07-20 05:58:55,067][agents.ddpm_agent][INFO] - Epoch 11649: Mean test mse is 0.017309450677462986
[2026-07-20 05:59:00,160][agents.ddpm_agent][INFO] - Epoch 11659: Mean test mse is 0.017417995126119683
[2026-07-20 05:59:04,691][agents.ddpm_agent][INFO] - Epoch 11669: Mean test mse is 0.017229256885392324
[2026-07-20 05:59:09,361][agents.ddpm_agent][INFO] - Epoch 11679: Mean test mse is 0.01686815611485924
[2026-07-20 05:59:14,476][agents.ddpm_agent][INFO] - Epoch 11689: Mean test mse is 0.018811528703996112
[2026-07-20 05:59:19,628][agents.ddpm_agent][INFO] - Epoch 11699: Mean test mse is 0.01721940655261278
[2026-07-20 05:59:23,227][agents.ddpm_agent][INFO] - Epoch 11709: Mean test mse is 0.01847582297133548
[2026-07-20 05:59:27,459][agents.ddpm_agent][INFO] - Epoch 11719: Mean test mse is 0.016490122569458827
[2026-07-20 05:59:32,523][agents.ddpm_agent][INFO] - Epoch 11729: Mean test mse is 0.016803523658641746
[2026-07-20 05:59:37,414][agents.ddpm_agent][INFO] - Epoch 11739: Mean test mse is 0.016069676860102584
[2026-07-20 05:59:42,524][agents.ddpm_agent][INFO] - Epoch 11749: Mean test mse is 0.0172898354274886
[2026-07-20 05:59:47,651][agents.ddpm_agent][INFO] - Epoch 11759: Mean test mse is 0.017792868560978344
[2026-07-20 05:59:52,767][agents.ddpm_agent][INFO] - Epoch 11769: Mean test mse is 0.017531358370823518
[2026-07-20 05:59:56,333][agents.ddpm_agent][INFO] - Epoch 11779: Mean test mse is 0.017382831711854254
[2026-07-20 06:00:01,063][agents.ddpm_agent][INFO] - Epoch 11789: Mean test mse is 0.016052005014249256
[2026-07-20 06:00:06,146][agents.ddpm_agent][INFO] - Epoch 11799: Mean test mse is 0.016786581304456507
[2026-07-20 06:00:11,262][agents.ddpm_agent][INFO] - Epoch 11809: Mean test mse is 0.01623190234282187
[2026-07-20 06:00:16,404][agents.ddpm_agent][INFO] - Epoch 11819: Mean test mse is 0.017155883966812065
[2026-07-20 06:00:21,529][agents.ddpm_agent][INFO] - Epoch 11829: Mean test mse is 0.017255809557225023
[2026-07-20 06:00:26,588][agents.ddpm_agent][INFO] - Epoch 11839: Mean test mse is 0.01652971575302737
[2026-07-20 06:00:31,395][agents.ddpm_agent][INFO] - Epoch 11849: Mean test mse is 0.016587846912443638
[2026-07-20 06:00:35,016][agents.ddpm_agent][INFO] - Epoch 11859: Mean test mse is 0.015879433202956404
[2026-07-20 06:00:35,032][agents.ddpm_agent][INFO] - New best test loss. Stored weights have been updated!
[2026-07-20 06:00:38,604][agents.ddpm_agent][INFO] - Epoch 11869: Mean test mse is 0.017095475989793028
[2026-07-20 06:00:42,181][agents.ddpm_agent][INFO] - Epoch 11879: Mean test mse is 0.017242596883858954
[2026-07-20 06:00:45,783][agents.ddpm_agent][INFO] - Epoch 11889: Mean test mse is 0.017281607990818366
[2026-07-20 06:00:49,367][agents.ddpm_agent][INFO] - Epoch 11899: Mean test mse is 0.018176921111132418
[2026-07-20 06:00:52,921][agents.ddpm_agent][INFO] - Epoch 11909: Mean test mse is 0.017764566200120107
[2026-07-20 06:00:56,516][agents.ddpm_agent][INFO] - Epoch 11919: Mean test mse is 0.01786948660654681
[2026-07-20 06:01:00,050][agents.ddpm_agent][INFO] - Epoch 11929: Mean test mse is 0.017141927166708877
[2026-07-20 06:01:03,630][agents.ddpm_agent][INFO] - Epoch 11939: Mean test mse is 0.017731590063444207
[2026-07-20 06:01:07,147][agents.ddpm_agent][INFO] - Epoch 11949: Mean test mse is 0.017148583196103573
[2026-07-20 06:01:10,672][agents.ddpm_agent][INFO] - Epoch 11959: Mean test mse is 0.017996579674737796
[2026-07-20 06:01:14,263][agents.ddpm_agent][INFO] - Epoch 11969: Mean test mse is 0.01721680550170796
[2026-07-20 06:01:17,891][agents.ddpm_agent][INFO] - Epoch 11979: Mean test mse is 0.016184596211782525
[2026-07-20 06:01:21,516][agents.ddpm_agent][INFO] - Epoch 11989: Mean test mse is 0.01723269186913967
[2026-07-20 06:01:25,105][agents.ddpm_agent][INFO] - Epoch 11999: Mean test mse is 0.017195853537746837
[2026-07-20 06:01:28,643][agents.ddpm_agent][INFO] - Epoch 12009: Mean test mse is 0.016375566300536906
[2026-07-20 06:01:32,288][agents.ddpm_agent][INFO] - Epoch 12019: Mean test mse is 0.017512377750660692
[2026-07-20 06:01:35,873][agents.ddpm_agent][INFO] - Epoch 12029: Mean test mse is 0.018351149080055102
[2026-07-20 06:01:39,376][agents.ddpm_agent][INFO] - Epoch 12039: Mean test mse is 0.016460979357361794
[2026-07-20 06:01:42,862][agents.ddpm_agent][INFO] - Epoch 12049: Mean test mse is 0.017073067437325205
[2026-07-20 06:01:46,477][agents.ddpm_agent][INFO] - Epoch 12059: Mean test mse is 0.01639787932591779
[2026-07-20 06:01:50,033][agents.ddpm_agent][INFO] - Epoch 12069: Mean test mse is 0.01775153766253165
[2026-07-20 06:01:53,553][agents.ddpm_agent][INFO] - Epoch 12079: Mean test mse is 0.017123933482382978
[2026-07-20 06:01:57,056][agents.ddpm_agent][INFO] - Epoch 12089: Mean test mse is 0.016450074900473868
[2026-07-20 06:02:00,635][agents.ddpm_agent][INFO] - Epoch 12099: Mean test mse is 0.01580311038664409
[2026-07-20 06:02:00,653][agents.ddpm_agent][INFO] - New best test loss. Stored weights have been updated!
[2026-07-20 06:02:04,175][agents.ddpm_agent][INFO] - Epoch 12109: Mean test mse is 0.016231480054557323
[2026-07-20 06:02:07,737][agents.ddpm_agent][INFO] - Epoch 12119: Mean test mse is 0.017101841446544443
[2026-07-20 06:02:11,217][agents.ddpm_agent][INFO] - Epoch 12129: Mean test mse is 0.017199697106012275
[2026-07-20 06:02:14,813][agents.ddpm_agent][INFO] - Epoch 12139: Mean test mse is 0.016227498783596923
[2026-07-20 06:02:18,425][agents.ddpm_agent][INFO] - Epoch 12149: Mean test mse is 0.015892997916255678
[2026-07-20 06:02:22,012][agents.ddpm_agent][INFO] - Epoch 12159: Mean test mse is 0.016959552253995622
[2026-07-20 06:02:25,535][agents.ddpm_agent][INFO] - Epoch 12169: Mean test mse is 0.016101750545203686
[2026-07-20 06:02:29,106][agents.ddpm_agent][INFO] - Epoch 12179: Mean test mse is 0.01698597547199045
[2026-07-20 06:02:32,626][agents.ddpm_agent][INFO] - Epoch 12189: Mean test mse is 0.017797950389129773
[2026-07-20 06:02:36,151][agents.ddpm_agent][INFO] - Epoch 12199: Mean test mse is 0.016679377960307256
[2026-07-20 06:02:39,707][agents.ddpm_agent][INFO] - Epoch 12209: Mean test mse is 0.017525088574205126
[2026-07-20 06:02:43,160][agents.ddpm_agent][INFO] - Epoch 12219: Mean test mse is 0.017299162623073374
[2026-07-20 06:02:46,671][agents.ddpm_agent][INFO] - Epoch 12229: Mean test mse is 0.018252584018877575
[2026-07-20 06:02:50,182][agents.ddpm_agent][INFO] - Epoch 12239: Mean test mse is 0.01805812306702137
[2026-07-20 06:02:53,725][agents.ddpm_agent][INFO] - Epoch 12249: Mean test mse is 0.015946352189140662
[2026-07-20 06:02:57,219][agents.ddpm_agent][INFO] - Epoch 12259: Mean test mse is 0.01945908327719995
[2026-07-20 06:03:00,711][agents.ddpm_agent][INFO] - Epoch 12269: Mean test mse is 0.01762448184724365
[2026-07-20 06:03:04,185][agents.ddpm_agent][INFO] - Epoch 12279: Mean test mse is 0.016242472720997676
[2026-07-20 06:03:07,702][agents.ddpm_agent][INFO] - Epoch 12289: Mean test mse is 0.01658084403191294
[2026-07-20 06:03:11,244][agents.ddpm_agent][INFO] - Epoch 12299: Mean test mse is 0.01691808258848531
[2026-07-20 06:03:14,781][agents.ddpm_agent][INFO] - Epoch 12309: Mean test mse is 0.016268790433449403
[2026-07-20 06:03:18,278][agents.ddpm_agent][INFO] - Epoch 12319: Mean test mse is 0.016903063548462733
[2026-07-20 06:03:21,779][agents.ddpm_agent][INFO] - Epoch 12329: Mean test mse is 0.017305631057492325
[2026-07-20 06:03:25,345][agents.ddpm_agent][INFO] - Epoch 12339: Mean test mse is 0.01684069593570062
[2026-07-20 06:03:28,900][agents.ddpm_agent][INFO] - Epoch 12349: Mean test mse is 0.017171761553202356
[2026-07-20 06:03:32,426][agents.ddpm_agent][INFO] - Epoch 12359: Mean test mse is 0.016609417939824716
[2026-07-20 06:03:35,935][agents.ddpm_agent][INFO] - Epoch 12369: Mean test mse is 0.016080852198813642
[2026-07-20 06:03:39,425][agents.ddpm_agent][INFO] - Epoch 12379: Mean test mse is 0.015527233481407166
[2026-07-20 06:03:39,443][agents.ddpm_agent][INFO] - New best test loss. Stored weights have been updated!
[2026-07-20 06:03:42,985][agents.ddpm_agent][INFO] - Epoch 12389: Mean test mse is 0.015947798267006874
[2026-07-20 06:03:46,441][agents.ddpm_agent][INFO] - Epoch 12399: Mean test mse is 0.016228962556592057
[2026-07-20 06:03:49,978][agents.ddpm_agent][INFO] - Epoch 12409: Mean test mse is 0.015959188741232668
[2026-07-20 06:03:53,455][agents.ddpm_agent][INFO] - Epoch 12419: Mean test mse is 0.016287044622004032
[2026-07-20 06:03:56,925][agents.ddpm_agent][INFO] - Epoch 12429: Mean test mse is 0.016431162133812904
[2026-07-20 06:04:00,410][agents.ddpm_agent][INFO] - Epoch 12439: Mean test mse is 0.016200278220432147
[2026-07-20 06:04:03,955][agents.ddpm_agent][INFO] - Epoch 12449: Mean test mse is 0.017183788919023106
[2026-07-20 06:04:07,450][agents.ddpm_agent][INFO] - Epoch 12459: Mean test mse is 0.0173700177775962
[2026-07-20 06:04:10,923][agents.ddpm_agent][INFO] - Epoch 12469: Mean test mse is 0.016622019532535757
[2026-07-20 06:04:14,446][agents.ddpm_agent][INFO] - Epoch 12479: Mean test mse is 0.0158608631630029
[2026-07-20 06:04:17,987][agents.ddpm_agent][INFO] - Epoch 12489: Mean test mse is 0.016311068353908404
[2026-07-20 06:04:21,477][agents.ddpm_agent][INFO] - Epoch 12499: Mean test mse is 0.016186279776905264
[2026-07-20 06:04:25,012][agents.ddpm_agent][INFO] - Epoch 12509: Mean test mse is 0.017420434659080847
[2026-07-20 06:04:28,510][agents.ddpm_agent][INFO] - Epoch 12519: Mean test mse is 0.016561375398721014
[2026-07-20 06:04:32,035][agents.ddpm_agent][INFO] - Epoch 12529: Mean test mse is 0.017290198909384862
[2026-07-20 06:04:35,645][agents.ddpm_agent][INFO] - Epoch 12539: Mean test mse is 0.016554062254726887
[2026-07-20 06:04:39,197][agents.ddpm_agent][INFO] - Epoch 12549: Mean test mse is 0.016071001732988015
[2026-07-20 06:04:42,727][agents.ddpm_agent][INFO] - Epoch 12559: Mean test mse is 0.016828876387860094
[2026-07-20 06:04:46,224][agents.ddpm_agent][INFO] - Epoch 12569: Mean test mse is 0.016793554781803062
[2026-07-20 06:04:49,774][agents.ddpm_agent][INFO] - Epoch 12579: Mean test mse is 0.0167199278782521
[2026-07-20 06:04:53,395][agents.ddpm_agent][INFO] - Epoch 12589: Mean test mse is 0.017799650585012778
[2026-07-20 06:04:56,920][agents.ddpm_agent][INFO] - Epoch 12599: Mean test mse is 0.017980042578918592
[2026-07-20 06:05:00,360][agents.ddpm_agent][INFO] - Epoch 12609: Mean test mse is 0.016474891054843153
[2026-07-20 06:05:03,836][agents.ddpm_agent][INFO] - Epoch 12619: Mean test mse is 0.015784766924168383
[2026-07-20 06:05:07,340][agents.ddpm_agent][INFO] - Epoch 12629: Mean test mse is 0.01732192574334996
[2026-07-20 06:05:10,903][agents.ddpm_agent][INFO] - Epoch 12639: Mean test mse is 0.016845204468284334
[2026-07-20 06:05:14,445][agents.ddpm_agent][INFO] - Epoch 12649: Mean test mse is 0.016557765592421805
[2026-07-20 06:05:17,966][agents.ddpm_agent][INFO] - Epoch 12659: Mean test mse is 0.016030822348381792
[2026-07-20 06:05:21,476][agents.ddpm_agent][INFO] - Epoch 12669: Mean test mse is 0.01757931656071118
[2026-07-20 06:05:25,054][agents.ddpm_agent][INFO] - Epoch 12679: Mean test mse is 0.016846436874142716
[2026-07-20 06:05:28,584][agents.ddpm_agent][INFO] - Epoch 12689: Mean test mse is 0.016082760079630783
[2026-07-20 06:05:32,120][agents.ddpm_agent][INFO] - Epoch 12699: Mean test mse is 0.01578633300960064
[2026-07-20 06:05:35,587][agents.ddpm_agent][INFO] - Epoch 12709: Mean test mse is 0.017492749329124178
[2026-07-20 06:05:39,112][agents.ddpm_agent][INFO] - Epoch 12719: Mean test mse is 0.016805694172424928
[2026-07-20 06:05:42,697][agents.ddpm_agent][INFO] - Epoch 12729: Mean test mse is 0.017054940440825055
[2026-07-20 06:05:46,216][agents.ddpm_agent][INFO] - Epoch 12739: Mean test mse is 0.01608211480613266
[2026-07-20 06:05:49,736][agents.ddpm_agent][INFO] - Epoch 12749: Mean test mse is 0.016632888599165847
[2026-07-20 06:05:53,242][agents.ddpm_agent][INFO] - Epoch 12759: Mean test mse is 0.016004949542028562
[2026-07-20 06:05:56,778][agents.ddpm_agent][INFO] - Epoch 12769: Mean test mse is 0.016503487580588887
[2026-07-20 06:06:00,367][agents.ddpm_agent][INFO] - Epoch 12779: Mean test mse is 0.01692882033863238
[2026-07-20 06:06:03,970][agents.ddpm_agent][INFO] - Epoch 12789: Mean test mse is 0.016363958695105145
[2026-07-20 06:06:07,473][agents.ddpm_agent][INFO] - Epoch 12799: Mean test mse is 0.016656562020736083
[2026-07-20 06:06:11,008][agents.ddpm_agent][INFO] - Epoch 12809: Mean test mse is 0.015927415740277086
[2026-07-20 06:06:14,568][agents.ddpm_agent][INFO] - Epoch 12819: Mean test mse is 0.015455902820186955
[2026-07-20 06:06:14,586][agents.ddpm_agent][INFO] - New best test loss. Stored weights have been updated!
[2026-07-20 06:06:18,170][agents.ddpm_agent][INFO] - Epoch 12829: Mean test mse is 0.01702251112354653
[2026-07-20 06:06:21,770][agents.ddpm_agent][INFO] - Epoch 12839: Mean test mse is 0.01586551857846124
[2026-07-20 06:06:25,245][agents.ddpm_agent][INFO] - Epoch 12849: Mean test mse is 0.01655262296221086
[2026-07-20 06:06:28,771][agents.ddpm_agent][INFO] - Epoch 12859: Mean test mse is 0.017112200813634054
[2026-07-20 06:06:32,362][agents.ddpm_agent][INFO] - Epoch 12869: Mean test mse is 0.01832906822008746
[2026-07-20 06:06:35,974][agents.ddpm_agent][INFO] - Epoch 12879: Mean test mse is 0.016773571393319538
[2026-07-20 06:06:39,436][agents.ddpm_agent][INFO] - Epoch 12889: Mean test mse is 0.016533227371317998
[2026-07-20 06:06:42,903][agents.ddpm_agent][INFO] - Epoch 12899: Mean test mse is 0.016743448030735766
[2026-07-20 06:06:46,435][agents.ddpm_agent][INFO] - Epoch 12909: Mean test mse is 0.015237104679856981
[2026-07-20 06:06:46,453][agents.ddpm_agent][INFO] - New best test loss. Stored weights have been updated!
[2026-07-20 06:06:49,965][agents.ddpm_agent][INFO] - Epoch 12919: Mean test mse is 0.017480732074805667
[2026-07-20 06:06:53,465][agents.ddpm_agent][INFO] - Epoch 12929: Mean test mse is 0.0166970660377826
[2026-07-20 06:06:56,939][agents.ddpm_agent][INFO] - Epoch 12939: Mean test mse is 0.016559166833758354
[2026-07-20 06:07:00,848][agents.ddpm_agent][INFO] - Epoch 12949: Mean test mse is 0.016685752464192256
[2026-07-20 06:07:04,479][agents.ddpm_agent][INFO] - Epoch 12959: Mean test mse is 0.016273676018629755
[2026-07-20 06:07:08,207][agents.ddpm_agent][INFO] - Epoch 12969: Mean test mse is 0.016476871179682866
[2026-07-20 06:07:11,674][agents.ddpm_agent][INFO] - Epoch 12979: Mean test mse is 0.016221299102263793
[2026-07-20 06:07:15,263][agents.ddpm_agent][INFO] - Epoch 12989: Mean test mse is 0.017501316432441984
[2026-07-20 06:07:21,658][agents.ddpm_agent][INFO] - Epoch 12999: Mean test mse is 0.016515281051397324
[2026-07-20 06:07:25,183][agents.ddpm_agent][INFO] - Epoch 13009: Mean test mse is 0.016281369541372572
[2026-07-20 06:07:28,721][agents.ddpm_agent][INFO] - Epoch 13019: Mean test mse is 0.01583232610885586
[2026-07-20 06:07:32,187][agents.ddpm_agent][INFO] - Epoch 13029: Mean test mse is 0.016010464302131107
[2026-07-20 06:07:35,696][agents.ddpm_agent][INFO] - Epoch 13039: Mean test mse is 0.018023939936288765
[2026-07-20 06:07:39,281][agents.ddpm_agent][INFO] - Epoch 13049: Mean test mse is 0.01684869612966265
[2026-07-20 06:07:42,786][agents.ddpm_agent][INFO] - Epoch 13059: Mean test mse is 0.017469122340636595
[2026-07-20 06:07:46,346][agents.ddpm_agent][INFO] - Epoch 13069: Mean test mse is 0.01709623515073742
[2026-07-20 06:07:49,832][agents.ddpm_agent][INFO] - Epoch 13079: Mean test mse is 0.01691371907613107
[2026-07-20 06:07:53,296][agents.ddpm_agent][INFO] - Epoch 13089: Mean test mse is 0.016722230506794795
[2026-07-20 06:07:56,782][agents.ddpm_agent][INFO] - Epoch 13099: Mean test mse is 0.015954972510891303
[2026-07-20 06:08:00,314][agents.ddpm_agent][INFO] - Epoch 13109: Mean test mse is 0.016102293639310768
[2026-07-20 06:08:03,760][agents.ddpm_agent][INFO] - Epoch 13119: Mean test mse is 0.01627160981297493
[2026-07-20 06:08:07,235][agents.ddpm_agent][INFO] - Epoch 13129: Mean test mse is 0.01675652592842068
[2026-07-20 06:08:10,819][agents.ddpm_agent][INFO] - Epoch 13139: Mean test mse is 0.017076552579445497
[2026-07-20 06:08:14,346][agents.ddpm_agent][INFO] - Epoch 13149: Mean test mse is 0.016753093073410646
[2026-07-20 06:08:17,889][agents.ddpm_agent][INFO] - Epoch 13159: Mean test mse is 0.016011435139392103
[2026-07-20 06:08:21,424][agents.ddpm_agent][INFO] - Epoch 13169: Mean test mse is 0.015625037385949066
[2026-07-20 06:08:24,890][agents.ddpm_agent][INFO] - Epoch 13179: Mean test mse is 0.016610242293349335
[2026-07-20 06:08:28,368][agents.ddpm_agent][INFO] - Epoch 13189: Mean test mse is 0.01571478707981961
[2026-07-20 06:08:31,918][agents.ddpm_agent][INFO] - Epoch 13199: Mean test mse is 0.017917605250009468
[2026-07-20 06:08:35,496][agents.ddpm_agent][INFO] - Epoch 13209: Mean test mse is 0.017252000447894846
[2026-07-20 06:08:39,028][agents.ddpm_agent][INFO] - Epoch 13219: Mean test mse is 0.016432389483920166
[2026-07-20 06:08:42,507][agents.ddpm_agent][INFO] - Epoch 13229: Mean test mse is 0.016540312075189183
[2026-07-20 06:08:46,020][agents.ddpm_agent][INFO] - Epoch 13239: Mean test mse is 0.016554250914071287
[2026-07-20 06:08:49,525][agents.ddpm_agent][INFO] - Epoch 13249: Mean test mse is 0.0151941625933562
[2026-07-20 06:08:49,729][agents.ddpm_agent][INFO] - New best test loss. Stored weights have been updated!
[2026-07-20 06:08:53,160][agents.ddpm_agent][INFO] - Epoch 13259: Mean test mse is 0.016965057434780256
[2026-07-20 06:08:56,637][agents.ddpm_agent][INFO] - Epoch 13269: Mean test mse is 0.01638452322887523
[2026-07-20 06:09:00,068][agents.ddpm_agent][INFO] - Epoch 13279: Mean test mse is 0.016385270282626152
[2026-07-20 06:09:03,579][agents.ddpm_agent][INFO] - Epoch 13289: Mean test mse is 0.016029545505131994
[2026-07-20 06:09:07,111][agents.ddpm_agent][INFO] - Epoch 13299: Mean test mse is 0.015851367531078204
[2026-07-20 06:09:10,618][agents.ddpm_agent][INFO] - Epoch 13309: Mean test mse is 0.01544302116547312
[2026-07-20 06:09:14,083][agents.ddpm_agent][INFO] - Epoch 13319: Mean test mse is 0.017059750189738616
[2026-07-20 06:09:17,511][agents.ddpm_agent][INFO] - Epoch 13329: Mean test mse is 0.01676048112234899
[2026-07-20 06:09:20,969][agents.ddpm_agent][INFO] - Epoch 13339: Mean test mse is 0.016785990047667707
[2026-07-20 06:09:24,431][agents.ddpm_agent][INFO] - Epoch 13349: Mean test mse is 0.016357377969792912
[2026-07-20 06:09:27,998][agents.ddpm_agent][INFO] - Epoch 13359: Mean test mse is 0.016848819463380744
[2026-07-20 06:09:31,466][agents.ddpm_agent][INFO] - Epoch 13369: Mean test mse is 0.015795782075396607
[2026-07-20 06:09:34,976][agents.ddpm_agent][INFO] - Epoch 13379: Mean test mse is 0.016084106505981514
[2026-07-20 06:09:38,510][agents.ddpm_agent][INFO] - Epoch 13389: Mean test mse is 0.016264050799821104
[2026-07-20 06:09:42,021][agents.ddpm_agent][INFO] - Epoch 13399: Mean test mse is 0.01566178710865123
[2026-07-20 06:09:45,502][agents.ddpm_agent][INFO] - Epoch 13409: Mean test mse is 0.015714575270456926
[2026-07-20 06:09:48,944][agents.ddpm_agent][INFO] - Epoch 13419: Mean test mse is 0.016704087677810873
[2026-07-20 06:09:52,452][agents.ddpm_agent][INFO] - Epoch 13429: Mean test mse is 0.01669402314083917
[2026-07-20 06:09:55,927][agents.ddpm_agent][INFO] - Epoch 13439: Mean test mse is 0.0165991514389004
[2026-07-20 06:09:59,459][agents.ddpm_agent][INFO] - Epoch 13449: Mean test mse is 0.015065367200544902
[2026-07-20 06:09:59,477][agents.ddpm_agent][INFO] - New best test loss. Stored weights have been updated!
[2026-07-20 06:10:03,048][agents.ddpm_agent][INFO] - Epoch 13459: Mean test mse is 0.01604855872158493
[2026-07-20 06:10:06,500][agents.ddpm_agent][INFO] - Epoch 13469: Mean test mse is 0.016543034996305193
[2026-07-20 06:10:10,006][agents.ddpm_agent][INFO] - Epoch 13479: Mean test mse is 0.016945543166782175
[2026-07-20 06:10:13,528][agents.ddpm_agent][INFO] - Epoch 13489: Mean test mse is 0.015719235076435974
[2026-07-20 06:10:16,972][agents.ddpm_agent][INFO] - Epoch 13499: Mean test mse is 0.017203875684312413
[2026-07-20 06:10:20,479][agents.ddpm_agent][INFO] - Epoch 13509: Mean test mse is 0.016166355993066515
[2026-07-20 06:10:23,969][agents.ddpm_agent][INFO] - Epoch 13519: Mean test mse is 0.017944543489388058
[2026-07-20 06:10:27,460][agents.ddpm_agent][INFO] - Epoch 13529: Mean test mse is 0.01642969317202057
[2026-07-20 06:10:30,956][agents.ddpm_agent][INFO] - Epoch 13539: Mean test mse is 0.017370210694415227
[2026-07-20 06:10:34,456][agents.ddpm_agent][INFO] - Epoch 13549: Mean test mse is 0.017313189139323577
[2026-07-20 06:10:37,978][agents.ddpm_agent][INFO] - Epoch 13559: Mean test mse is 0.016666035700057234
[2026-07-20 06:10:41,442][agents.ddpm_agent][INFO] - Epoch 13569: Mean test mse is 0.015494155032294137
[2026-07-20 06:10:44,875][agents.ddpm_agent][INFO] - Epoch 13579: Mean test mse is 0.015820418617555072
[2026-07-20 06:10:48,358][agents.ddpm_agent][INFO] - Epoch 13589: Mean test mse is 0.017110547982156277
[2026-07-20 06:10:51,845][agents.ddpm_agent][INFO] - Epoch 13599: Mean test mse is 0.016083992219397
[2026-07-20 06:10:55,348][agents.ddpm_agent][INFO] - Epoch 13609: Mean test mse is 0.015381070119994027
[2026-07-20 06:10:58,858][agents.ddpm_agent][INFO] - Epoch 13619: Mean test mse is 0.01746965279536588
[2026-07-20 06:11:02,360][agents.ddpm_agent][INFO] - Epoch 13629: Mean test mse is 0.017358456073062762
[2026-07-20 06:11:05,911][agents.ddpm_agent][INFO] - Epoch 13639: Mean test mse is 0.014703780013535703
[2026-07-20 06:11:05,930][agents.ddpm_agent][INFO] - New best test loss. Stored weights have been updated!
[2026-07-20 06:11:09,430][agents.ddpm_agent][INFO] - Epoch 13649: Mean test mse is 0.016776022501289845
[2026-07-20 06:11:12,926][agents.ddpm_agent][INFO] - Epoch 13659: Mean test mse is 0.017202639819255898
[2026-07-20 06:11:16,328][agents.ddpm_agent][INFO] - Epoch 13669: Mean test mse is 0.015941910312644074
[2026-07-20 06:11:19,749][agents.ddpm_agent][INFO] - Epoch 13679: Mean test mse is 0.016214688707675253
[2026-07-20 06:11:23,263][agents.ddpm_agent][INFO] - Epoch 13689: Mean test mse is 0.016784276014992168
[2026-07-20 06:11:26,762][agents.ddpm_agent][INFO] - Epoch 13699: Mean test mse is 0.016011941379734447
[2026-07-20 06:11:30,235][agents.ddpm_agent][INFO] - Epoch 13709: Mean test mse is 0.0169521336044584
[2026-07-20 06:11:33,673][agents.ddpm_agent][INFO] - Epoch 13719: Mean test mse is 0.015618095839662212
[2026-07-20 06:11:37,071][agents.ddpm_agent][INFO] - Epoch 13729: Mean test mse is 0.015564268987093653
[2026-07-20 06:11:40,564][agents.ddpm_agent][INFO] - Epoch 13739: Mean test mse is 0.017487609359834875
[2026-07-20 06:11:44,069][agents.ddpm_agent][INFO] - Epoch 13749: Mean test mse is 0.015818306111863682
[2026-07-20 06:11:47,586][agents.ddpm_agent][INFO] - Epoch 13759: Mean test mse is 0.015775429883173535
[2026-07-20 06:11:51,138][agents.ddpm_agent][INFO] - Epoch 13769: Mean test mse is 0.01567826247108834
[2026-07-20 06:11:54,586][agents.ddpm_agent][INFO] - Epoch 13779: Mean test mse is 0.01649407616683415
[2026-07-20 06:11:58,088][agents.ddpm_agent][INFO] - Epoch 13789: Mean test mse is 0.016010191424616745
[2026-07-20 06:12:01,607][agents.ddpm_agent][INFO] - Epoch 13799: Mean test mse is 0.016159675882330964
[2026-07-20 06:12:05,097][agents.ddpm_agent][INFO] - Epoch 13809: Mean test mse is 0.016506827037249292
[2026-07-20 06:12:08,564][agents.ddpm_agent][INFO] - Epoch 13819: Mean test mse is 0.016707063120390688
[2026-07-20 06:12:12,003][agents.ddpm_agent][INFO] - Epoch 13829: Mean test mse is 0.0164059636050037
[2026-07-20 06:12:15,591][agents.ddpm_agent][INFO] - Epoch 13839: Mean test mse is 0.016160871035286357
[2026-07-20 06:12:19,094][agents.ddpm_agent][INFO] - Epoch 13849: Mean test mse is 0.016327034548989365
[2026-07-20 06:12:22,599][agents.ddpm_agent][INFO] - Epoch 13859: Mean test mse is 0.016982557119003365
[2026-07-20 06:12:26,030][agents.ddpm_agent][INFO] - Epoch 13869: Mean test mse is 0.016804569666939124
[2026-07-20 06:12:29,498][agents.ddpm_agent][INFO] - Epoch 13879: Mean test mse is 0.01636190206876823
[2026-07-20 06:12:32,999][agents.ddpm_agent][INFO] - Epoch 13889: Mean test mse is 0.016239111444779804
[2026-07-20 06:12:36,561][agents.ddpm_agent][INFO] - Epoch 13899: Mean test mse is 0.015489883188690459
[2026-07-20 06:12:40,090][agents.ddpm_agent][INFO] - Epoch 13909: Mean test mse is 0.016974720704768385
[2026-07-20 06:12:43,522][agents.ddpm_agent][INFO] - Epoch 13919: Mean test mse is 0.015461645222135953
[2026-07-20 06:12:46,917][agents.ddpm_agent][INFO] - Epoch 13929: Mean test mse is 0.016511691867240837
[2026-07-20 06:12:50,331][agents.ddpm_agent][INFO] - Epoch 13939: Mean test mse is 0.016838368294494494
[2026-07-20 06:12:53,845][agents.ddpm_agent][INFO] - Epoch 13949: Mean test mse is 0.016453223169914315
[2026-07-20 06:12:57,374][agents.ddpm_agent][INFO] - Epoch 13959: Mean test mse is 0.01634125823953322
[2026-07-20 06:13:00,849][agents.ddpm_agent][INFO] - Epoch 13969: Mean test mse is 0.017262880291257585
[2026-07-20 06:13:04,287][agents.ddpm_agent][INFO] - Epoch 13979: Mean test mse is 0.016104065280939852
[2026-07-20 06:13:07,743][agents.ddpm_agent][INFO] - Epoch 13989: Mean test mse is 0.01584168749728373
[2026-07-20 06:13:11,269][agents.ddpm_agent][INFO] - Epoch 13999: Mean test mse is 0.015727890389306203
[2026-07-20 06:13:14,849][agents.ddpm_agent][INFO] - Epoch 14009: Mean test mse is 0.017236612338040556
[2026-07-20 06:13:18,401][agents.ddpm_agent][INFO] - Epoch 14019: Mean test mse is 0.01667628078056233
[2026-07-20 06:13:21,856][agents.ddpm_agent][INFO] - Epoch 14029: Mean test mse is 0.016454452382666723
[2026-07-20 06:13:25,359][agents.ddpm_agent][INFO] - Epoch 14039: Mean test mse is 0.01579511458320277
[2026-07-20 06:13:28,814][agents.ddpm_agent][INFO] - Epoch 14049: Mean test mse is 0.015413412159042699
[2026-07-20 06:13:32,290][agents.ddpm_agent][INFO] - Epoch 14059: Mean test mse is 0.016200223272400244
[2026-07-20 06:13:35,726][agents.ddpm_agent][INFO] - Epoch 14069: Mean test mse is 0.016453425932143415
[2026-07-20 06:13:39,223][agents.ddpm_agent][INFO] - Epoch 14079: Mean test mse is 0.016322891227900982
[2026-07-20 06:13:42,579][agents.ddpm_agent][INFO] - Epoch 14089: Mean test mse is 0.016630756934838637
[2026-07-20 06:13:46,029][agents.ddpm_agent][INFO] - Epoch 14099: Mean test mse is 0.016275437947894846
[2026-07-20 06:13:49,533][agents.ddpm_agent][INFO] - Epoch 14109: Mean test mse is 0.014946608538074153
[2026-07-20 06:13:53,033][agents.ddpm_agent][INFO] - Epoch 14119: Mean test mse is 0.01679642405360937
[2026-07-20 06:13:56,527][agents.ddpm_agent][INFO] - Epoch 14129: Mean test mse is 0.017263305373489857
[2026-07-20 06:13:59,984][agents.ddpm_agent][INFO] - Epoch 14139: Mean test mse is 0.015715204046240876
[2026-07-20 06:14:03,516][agents.ddpm_agent][INFO] - Epoch 14149: Mean test mse is 0.01666943289871727
[2026-07-20 06:14:07,058][agents.ddpm_agent][INFO] - Epoch 14159: Mean test mse is 0.015844594820269516
[2026-07-20 06:14:10,683][agents.ddpm_agent][INFO] - Epoch 14169: Mean test mse is 0.015747766010463238
[2026-07-20 06:14:14,186][agents.ddpm_agent][INFO] - Epoch 14179: Mean test mse is 0.0156741485531841
[2026-07-20 06:14:17,664][agents.ddpm_agent][INFO] - Epoch 14189: Mean test mse is 0.0165195195004344
[2026-07-20 06:14:21,109][agents.ddpm_agent][INFO] - Epoch 14199: Mean test mse is 0.015628091458763396
[2026-07-20 06:14:24,564][agents.ddpm_agent][INFO] - Epoch 14209: Mean test mse is 0.01722074925367321
[2026-07-20 06:14:28,120][agents.ddpm_agent][INFO] - Epoch 14219: Mean test mse is 0.016124945133924484
[2026-07-20 06:14:31,672][agents.ddpm_agent][INFO] - Epoch 14229: Mean test mse is 0.01715794498366969
[2026-07-20 06:14:35,157][agents.ddpm_agent][INFO] - Epoch 14239: Mean test mse is 0.015407681066010679
[2026-07-20 06:14:38,704][agents.ddpm_agent][INFO] - Epoch 14249: Mean test mse is 0.01596663266952549
[2026-07-20 06:14:44,914][agents.ddpm_agent][INFO] - Epoch 14259: Mean test mse is 0.017374068099473203
[2026-07-20 06:14:50,953][agents.ddpm_agent][INFO] - Epoch 14269: Mean test mse is 0.01590750166880233
[2026-07-20 06:14:54,431][agents.ddpm_agent][INFO] - Epoch 14279: Mean test mse is 0.015090630655842168
[2026-07-20 06:14:57,725][agents.ddpm_agent][INFO] - Epoch 14289: Mean test mse is 0.015649008697697094
[2026-07-20 06:15:01,014][agents.ddpm_agent][INFO] - Epoch 14299: Mean test mse is 0.01723087579011917
[2026-07-20 06:15:04,557][agents.ddpm_agent][INFO] - Epoch 14309: Mean test mse is 0.016403023951819966
[2026-07-20 06:15:08,330][agents.ddpm_agent][INFO] - Epoch 14319: Mean test mse is 0.01531391976667302
[2026-07-20 06:15:12,211][agents.ddpm_agent][INFO] - Epoch 14329: Mean test mse is 0.016519092954695225
[2026-07-20 06:15:15,841][agents.ddpm_agent][INFO] - Epoch 14339: Mean test mse is 0.016986513244254247
[2026-07-20 06:15:19,442][agents.ddpm_agent][INFO] - Epoch 14349: Mean test mse is 0.017402314447930882
[2026-07-20 06:15:23,043][agents.ddpm_agent][INFO] - Epoch 14359: Mean test mse is 0.015970454551279545
[2026-07-20 06:15:26,569][agents.ddpm_agent][INFO] - Epoch 14369: Mean test mse is 0.01816607639193535
[2026-07-20 06:15:30,110][agents.ddpm_agent][INFO] - Epoch 14379: Mean test mse is 0.017766132418598448
[2026-07-20 06:15:33,689][agents.ddpm_agent][INFO] - Epoch 14389: Mean test mse is 0.015652478140379702
[2026-07-20 06:15:37,291][agents.ddpm_agent][INFO] - Epoch 14399: Mean test mse is 0.017065624706447124
[2026-07-20 06:15:40,878][agents.ddpm_agent][INFO] - Epoch 14409: Mean test mse is 0.017259443844003335
[2026-07-20 06:15:44,402][agents.ddpm_agent][INFO] - Epoch 14419: Mean test mse is 0.01535997459931033
[2026-07-20 06:15:47,982][agents.ddpm_agent][INFO] - Epoch 14429: Mean test mse is 0.015103982628456183
[2026-07-20 06:15:51,492][agents.ddpm_agent][INFO] - Epoch 14439: Mean test mse is 0.015608522242733411
[2026-07-20 06:15:55,088][agents.ddpm_agent][INFO] - Epoch 14449: Mean test mse is 0.0172648997977376
[2026-07-20 06:15:58,663][agents.ddpm_agent][INFO] - Epoch 14459: Mean test mse is 0.015509667274143015
[2026-07-20 06:16:02,205][agents.ddpm_agent][INFO] - Epoch 14469: Mean test mse is 0.016159045110855783
[2026-07-20 06:16:05,762][agents.ddpm_agent][INFO] - Epoch 14479: Mean test mse is 0.017218039238027165
[2026-07-20 06:16:09,359][agents.ddpm_agent][INFO] - Epoch 14489: Mean test mse is 0.01647121539073331
[2026-07-20 06:16:12,928][agents.ddpm_agent][INFO] - Epoch 14499: Mean test mse is 0.015841585317892686
[2026-07-20 06:16:16,492][agents.ddpm_agent][INFO] - Epoch 14509: Mean test mse is 0.016146297300500528
[2026-07-20 06:16:20,010][agents.ddpm_agent][INFO] - Epoch 14519: Mean test mse is 0.01633705212069409
[2026-07-20 06:16:23,559][agents.ddpm_agent][INFO] - Epoch 14529: Mean test mse is 0.015767555949943408
[2026-07-20 06:16:27,088][agents.ddpm_agent][INFO] - Epoch 14539: Mean test mse is 0.016449838743678162
[2026-07-20 06:16:30,689][agents.ddpm_agent][INFO] - Epoch 14549: Mean test mse is 0.016623718930142268
[2026-07-20 06:16:34,285][agents.ddpm_agent][INFO] - Epoch 14559: Mean test mse is 0.016541342783187116
[2026-07-20 06:16:37,828][agents.ddpm_agent][INFO] - Epoch 14569: Mean test mse is 0.01677860040217638
[2026-07-20 06:16:41,341][agents.ddpm_agent][INFO] - Epoch 14579: Mean test mse is 0.01722579382892166
[2026-07-20 06:16:44,924][agents.ddpm_agent][INFO] - Epoch 14589: Mean test mse is 0.016980808494346484
[2026-07-20 06:16:48,493][agents.ddpm_agent][INFO] - Epoch 14599: Mean test mse is 0.016847384960523674
[2026-07-20 06:16:52,067][agents.ddpm_agent][INFO] - Epoch 14609: Mean test mse is 0.017722833901643753
[2026-07-20 06:16:55,575][agents.ddpm_agent][INFO] - Epoch 14619: Mean test mse is 0.016701055823692253
[2026-07-20 06:16:59,162][agents.ddpm_agent][INFO] - Epoch 14629: Mean test mse is 0.016342054653380598
[2026-07-20 06:17:02,739][agents.ddpm_agent][INFO] - Epoch 14639: Mean test mse is 0.015563861866082464
[2026-07-20 06:17:06,305][agents.ddpm_agent][INFO] - Epoch 14649: Mean test mse is 0.016191341781190464
[2026-07-20 06:17:09,859][agents.ddpm_agent][INFO] - Epoch 14659: Mean test mse is 0.016065471140401705
[2026-07-20 06:17:13,432][agents.ddpm_agent][INFO] - Epoch 14669: Mean test mse is 0.01657361350953579
[2026-07-20 06:17:16,999][agents.ddpm_agent][INFO] - Epoch 14679: Mean test mse is 0.016412594222596714
[2026-07-20 06:17:20,574][agents.ddpm_agent][INFO] - Epoch 14689: Mean test mse is 0.016318983930562223
[2026-07-20 06:17:24,179][agents.ddpm_agent][INFO] - Epoch 14699: Mean test mse is 0.016088269783982208
[2026-07-20 06:17:27,766][agents.ddpm_agent][INFO] - Epoch 14709: Mean test mse is 0.01772543229162693
[2026-07-20 06:17:31,386][agents.ddpm_agent][INFO] - Epoch 14719: Mean test mse is 0.015712841946099485
[2026-07-20 06:17:35,016][agents.ddpm_agent][INFO] - Epoch 14729: Mean test mse is 0.016625592085931982
[2026-07-20 06:17:38,577][agents.ddpm_agent][INFO] - Epoch 14739: Mean test mse is 0.016092350972550257
[2026-07-20 06:17:42,200][agents.ddpm_agent][INFO] - Epoch 14749: Mean test mse is 0.015856631233223846
[2026-07-20 06:17:45,771][agents.ddpm_agent][INFO] - Epoch 14759: Mean test mse is 0.01591198186257056
[2026-07-20 06:17:49,305][agents.ddpm_agent][INFO] - Epoch 14769: Mean test mse is 0.016590387826519355
[2026-07-20 06:17:52,854][agents.ddpm_agent][INFO] - Epoch 14779: Mean test mse is 0.015020804080579962
[2026-07-20 06:17:56,401][agents.ddpm_agent][INFO] - Epoch 14789: Mean test mse is 0.016374788912279264
[2026-07-20 06:17:59,904][agents.ddpm_agent][INFO] - Epoch 14799: Mean test mse is 0.015359207056462765
[2026-07-20 06:18:03,444][agents.ddpm_agent][INFO] - Epoch 14809: Mean test mse is 0.015511526327048029
[2026-07-20 06:18:07,069][agents.ddpm_agent][INFO] - Epoch 14819: Mean test mse is 0.018426981355462755
[2026-07-20 06:18:10,624][agents.ddpm_agent][INFO] - Epoch 14829: Mean test mse is 0.015110299390341555
[2026-07-20 06:18:14,217][agents.ddpm_agent][INFO] - Epoch 14839: Mean test mse is 0.015125484871012824
[2026-07-20 06:18:17,778][agents.ddpm_agent][INFO] - Epoch 14849: Mean test mse is 0.016037940845957825
[2026-07-20 06:18:21,309][agents.ddpm_agent][INFO] - Epoch 14859: Mean test mse is 0.016280640182750567
[2026-07-20 06:18:24,950][agents.ddpm_agent][INFO] - Epoch 14869: Mean test mse is 0.016576400824955533
[2026-07-20 06:18:28,475][agents.ddpm_agent][INFO] - Epoch 14879: Mean test mse is 0.016632074490189552
[2026-07-20 06:18:32,033][agents.ddpm_agent][INFO] - Epoch 14889: Mean test mse is 0.016339568155152456
[2026-07-20 06:18:35,539][agents.ddpm_agent][INFO] - Epoch 14899: Mean test mse is 0.01544536676790033
[2026-07-20 06:18:39,150][agents.ddpm_agent][INFO] - Epoch 14909: Mean test mse is 0.015514745909188474
[2026-07-20 06:18:42,720][agents.ddpm_agent][INFO] - Epoch 14919: Mean test mse is 0.016902787078704153
[2026-07-20 06:18:46,331][agents.ddpm_agent][INFO] - Epoch 14929: Mean test mse is 0.01618864041353975
[2026-07-20 06:18:49,892][agents.ddpm_agent][INFO] - Epoch 14939: Mean test mse is 0.01741200831851789
[2026-07-20 06:18:53,450][agents.ddpm_agent][INFO] - Epoch 14949: Mean test mse is 0.016773396570767676
[2026-07-20 06:18:56,990][agents.ddpm_agent][INFO] - Epoch 14959: Mean test mse is 0.016426983156374524
[2026-07-20 06:19:00,564][agents.ddpm_agent][INFO] - Epoch 14969: Mean test mse is 0.016054427650357996
[2026-07-20 06:19:04,123][agents.ddpm_agent][INFO] - Epoch 14979: Mean test mse is 0.015956693861101354
[2026-07-20 06:19:07,649][agents.ddpm_agent][INFO] - Epoch 14989: Mean test mse is 0.01672659388610295
[2026-07-20 06:19:11,215][agents.ddpm_agent][INFO] - Epoch 14999: Mean test mse is 0.015673849199499403
[2026-07-20 06:19:11,626][agents.ddpm_agent][INFO] - Training done!
[2026-07-20 06:19:11,627][__main__][INFO] - Training-only mode enabled; skipping simulation.
